record_key,nest,nest_name,site_id,site_name,latitude,longitude,name_category,healthcare_name_screen,blood_eligibility,flight_route_id,road_route_id,road_min,drone_min,minutes_saved,reduction_pct,road_distance_m,flight_outbound_distance_m,road_time_class,drone_time_class,routing_status,matched_comparison,nest_snap_m,site_snap_m,access_review_required,contains_ferry,origin_lat,origin_lon,routing_engine,road_snapshot,flight_basis,geometry_scope,gap_class,coordinate_group_size,coordinate_group_keys,clean_comparison,long_road_short_drone,review_reasons
nest1:1,nest1,Muhanga,1,Kabgayi HSP,-2.104132108,29.751211932,hospital_label,True,unverified,06b0981c-8d14-4a44-8a4b-04f1173f8687,osm-car:nest1:1,6.488333333333333,5.35567565692965,1.1326576764036833,17.45683549556152,6681.7,9222.473481232857,le_15,le_15,Ok,True,79.98371383,39.85823855,False,False,-2.07958714,29.780160749999986,OSRM v26.9.0,2026-09-20T20:22:06Z,CSV mean across outbound route options / 28.7 m/s; not selected GeoJSON path,facility_point; routes supplied separately,saved_le_15,1,,True,False,
nest1:3,nest1,Muhanga,3,Nyanza HSP,-2.352953287,29.749967987,hospital_label,True,unverified,ba4e8167-70cd-42de-bdb6-fe37ad197f10,osm-car:nest1:3,35.05833333333333,20.45187978005723,14.6064535532761,41.6632856285508,46302.0,35218.13698125855,le_60,le_30,Ok,True,79.98371383,50.86677644,False,False,-2.07958714,29.780160749999986,OSRM v26.9.0,2026-09-20T20:22:06Z,CSV mean across outbound route options / 28.7 m/s; not selected GeoJSON path,facility_point; routes supplied separately,saved_le_15,1,,True,False,
nest1:4,nest1,Muhanga,4,Gitwe HSP,-2.246072249,29.689666108,hospital_label,True,unverified,1eab061a-da94-4878-8dcd-68bf81b18094,osm-car:nest1:4,34.901666666666664,14.90568357527099,19.995983091395672,57.29234446701401,31426.3,25667.587116616643,le_60,le_15,Ok,True,79.98371383,23.65237601,False,False,-2.07958714,29.780160749999986,OSRM v26.9.0,2026-09-20T20:22:06Z,CSV mean across outbound route options / 28.7 m/s; not selected GeoJSON path,facility_point; routes supplied separately,saved_le_30,1,,True,False,
nest1:5,nest1,Muhanga,5,Kirinda HSP,-2.186086305,29.577981374,hospital_label,True,unverified,73016d9d-7944-492f-8a03-a04e29bd3a20,osm-car:nest1:5,57.11833333333333,15.635181954695732,41.4831513786376,72.62668386444096,52177.9,26923.78332598605,le_60,le_30,Ok,True,79.98371383,53.39803845,False,False,-2.07958714,29.780160749999986,OSRM v26.9.0,2026-09-20T20:22:06Z,CSV mean across outbound route options / 28.7 m/s; not selected GeoJSON path,facility_point; routes supplied separately,saved_le_60,1,,True,False,
nest1:6,nest1,Muhanga,6,Muhororo HSP,-1.934897824,29.624872581,hospital_label,True,unverified,38d69925-d81c-4e5a-be54-fd3c6fc7cea1,osm-car:nest1:6,43.65333333333333,15.087361533367247,28.565971799966082,65.43823717157778,44037.0,25980.436560458398,le_60,le_30,Ok,True,79.98371383,37.80279007,False,False,-2.07958714,29.780160749999986,OSRM v26.9.0,2026-09-20T20:22:06Z,CSV mean across outbound route options / 28.7 m/s; not selected GeoJSON path,facility_point; routes supplied separately,saved_le_30,1,,True,False,
nest1:7,nest1,Muhanga,7,Gakoma HSP,-2.482806903,29.919058618,hospital_label,True,unverified,ff4dc07b-82d1-4364-aca3-61cbcafe760a,osm-car:nest1:7,72.935,28.751611498585653,44.18338850141435,60.57913004924158,77557.4,49510.27500056449,le_120,le_30,Ok,True,79.98371383,48.82848155,False,False,-2.07958714,29.780160749999986,OSRM v26.9.0,2026-09-20T20:22:06Z,CSV mean across outbound route options / 28.7 m/s; not selected GeoJSON path,facility_point; routes supplied separately,saved_le_60,1,,True,True,
nest1:8,nest1,Muhanga,8,Gikonko HC,-2.484232,29.855856,health_center_or_clinic_label,True,unverified,51310a18-4693-43a1-b99b-14aac389015c,osm-car:nest1:8,68.865,27.935929758266816,40.92907024173318,59.433776579878284,79879.9,48105.671043735456,le_120,le_30,Ok,True,79.98371383,25.78364655,False,False,-2.07958714,29.780160749999986,OSRM v26.9.0,2026-09-20T20:22:06Z,CSV mean across outbound route options / 28.7 m/s; not selected GeoJSON path,facility_point; routes supplied separately,saved_le_60,1,,True,True,
nest1:9,nest1,Muhanga,9,Kaduha HSP,-2.332829081,29.526025598,hospital_label,True,unverified,9c0a5a4a-cf03-4677-ae9a-e3647595dd96,osm-car:nest1:9,81.90333333333334,24.060758554373173,57.84257477896016,70.62298007280147,59161.1,41432.6262306306,le_120,le_30,Ok,True,79.98371383,19.09180583,False,False,-2.07958714,29.780160749999986,OSRM v26.9.0,2026-09-20T20:22:06Z,CSV mean across outbound route options / 28.7 m/s; not selected GeoJSON path,facility_point; routes supplied separately,saved_le_60,1,,True,True,
nest1:10,nest1,Muhanga,10,Nemba HSP,-1.637918992,29.786393793,hospital_label,True,unverified,9623c268-841b-4793-83a1-4201a00e17f7,osm-car:nest1:10,76.06,31.973970791404295,44.086029208595704,57.96217355850079,97807.1,55059.177702798195,le_120,le_60,Ok,True,79.98371383,60.69153766,False,False,-2.07958714,29.780160749999986,OSRM v26.9.0,2026-09-20T20:22:06Z,CSV mean across outbound route options / 28.7 m/s; not selected GeoJSON path,facility_point; routes supplied separately,saved_le_60,1,,True,False,
nest1:11,nest1,Muhanga,11,Murunda HSP,-1.906132,29.372995,hospital_label,True,unverified,b8d1f2c3-ccc7-496d-a9f9-d19704f0a6e0,osm-car:nest1:11,70.65833333333333,33.55343694676067,37.10489638657266,52.51312143399834,89820.2,57779.018422321875,le_120,le_60,Ok,True,79.98371383,85.36270034,False,False,-2.07958714,29.780160749999986,OSRM v26.9.0,2026-09-20T20:22:06Z,CSV mean across outbound route options / 28.7 m/s; not selected GeoJSON path,facility_point; routes supplied separately,saved_le_60,1,,True,False,
nest1:12,nest1,Muhanga,12,Kabaya HSP,-1.746660351,29.537651615,hospital_label,True,unverified,6d3799cc-1c46-4e09-8a05-780cb60267f2,osm-car:nest1:12,73.30666666666666,30.102809742283895,43.20385692438276,58.93578154472004,79508.1,51837.03837621286,le_120,le_60,Ok,True,79.98371383,54.16557165,False,False,-2.07958714,29.780160749999986,OSRM v26.9.0,2026-09-20T20:22:06Z,CSV mean across outbound route options / 28.7 m/s; not selected GeoJSON path,facility_point; routes supplied separately,saved_le_60,1,,True,False,
nest1:13,nest1,Muhanga,13,Shyira HSP,-1.701025632,29.632277624,hospital_label,True,unverified,a36a50eb-f6a8-42bd-bef7-61bcebec22bd,osm-car:nest1:13,93.88166666666666,28.78701460407105,65.09465206259561,69.33691568740323,82956.4,49571.23914821035,le_120,le_30,Ok,True,79.98371383,16.77201946,False,False,-2.07958714,29.780160749999986,OSRM v26.9.0,2026-09-20T20:22:06Z,CSV mean across outbound route options / 28.7 m/s; not selected GeoJSON path,facility_point; routes supplied separately,saved_gt_60,1,,True,True,
nest1:14,nest1,Muhanga,14,Ruli HSP,-1.829423186,29.84948167,hospital_label,True,unverified,a3345976-55ca-4a70-92a3-301208575f2a,osm-car:nest1:14,113.93833333333333,27.826687146128556,86.11164618720477,75.57741426257311,95396.6,47917.555265633375,le_120,le_30,Ok,True,79.98371383,60.3278432,False,False,-2.07958714,29.780160749999986,OSRM v26.9.0,2026-09-20T20:22:06Z,CSV mean across outbound route options / 28.7 m/s; not selected GeoJSON path,facility_point; routes supplied separately,saved_gt_60,1,,True,True,
nest1:15,nest1,Muhanga,15,Ruhango PH,-2.194536267,29.90569851,hospital_label,True,unverified,d91e053e-6881-4620-89ae-7b0c0f90efcd,osm-car:nest1:15,43.986666666666665,14.450145354841194,29.53652131182547,67.14880564980025,25259.6,24883.150301036534,le_60,le_15,Ok,True,79.98371383,43.62748734,False,False,-2.07958714,29.780160749999986,OSRM v26.9.0,2026-09-20T20:22:06Z,CSV mean across outbound route options / 28.7 m/s; not selected GeoJSON path,facility_point; routes supplied separately,saved_le_30,1,,True,False,
nest1:17,nest1,Muhanga,17,Kinihira HSP,-1.667766997,29.9586364,hospital_label,True,unverified,61bdae27-067d-4f8d-bf3b-cdf26016a41e,osm-car:nest1:17,80.63833333333334,32.522776214491714,48.11555711884162,59.66834274704953,89832.5,56004.220641354725,le_120,le_60,Ok,True,79.98371383,28.53814804,False,False,-2.07958714,29.780160749999986,OSRM v26.9.0,2026-09-20T20:22:06Z,CSV mean across outbound route options / 28.7 m/s; not selected GeoJSON path,facility_point; routes supplied separately,saved_le_60,1,,True,False,
nest1:18,nest1,Muhanga,18,Kibilizi HSP,-2.648187464,29.782820249,hospital_label,True,unverified,a3d3a513-3cc2-4b71-b50c-2f1e808e9c62,osm-car:nest1:18,68.27,40.263357888918094,28.006642111081902,41.02335156156716,89289.9,69333.50228471696,le_120,le_60,Ok,True,79.98371383,18.17036974,False,False,-2.07958714,29.780160749999986,OSRM v26.9.0,2026-09-20T20:22:06Z,CSV mean across outbound route options / 28.7 m/s; not selected GeoJSON path,facility_point; routes supplied separately,saved_le_30,1,,True,False,
nest1:19,nest1,Muhanga,19,Kigeme HSP,-2.478523598,29.52556757,hospital_label,True,unverified,135b4c12-69d8-426b-8dd0-abdef3fd8cfa,osm-car:nest1:19,87.65833333333333,31.55842347602211,56.09990985731122,63.998376108730355,85461.6,54343.605225710075,le_120,le_60,Ok,True,79.98371383,114.5297297,False,False,-2.07958714,29.780160749999986,OSRM v26.9.0,2026-09-20T20:22:06Z,CSV mean across outbound route options / 28.7 m/s; not selected GeoJSON path,facility_point; routes supplied separately,saved_le_60,1,,True,False,
nest1:20,nest1,Muhanga,20,Mugonero HSP,-2.1808619986,29.2926606965,hospital_label,True,unverified,0e636c87-aa85-4add-8f9c-725f7a5bbbda,osm-car:nest1:20,76.11,35.526784047879765,40.583215952120234,53.32179208004236,104509.5,61177.122130448945,le_120,le_60,Ok,True,79.98371383,69.60487448,False,False,-2.07958714,29.780160749999986,OSRM v26.9.0,2026-09-20T20:22:06Z,CSV mean across outbound route options / 28.7 m/s; not selected GeoJSON path,facility_point; routes supplied separately,saved_le_60,1,,True,False,
nest1:22,nest1,Muhanga,22,Butaro HSP,-1.410780535,29.839254929,hospital_label,True,unverified,71b30907-030c-463b-ac5c-e33995095789,osm-car:nest1:22,124.91499999999999,48.155513212359914,76.75948678764007,61.44937500511554,122797.4,82923.79375168377,gt_120,le_60,Ok,True,79.98371383,18.48707188,False,False,-2.07958714,29.780160749999986,OSRM v26.9.0,2026-09-20T20:22:06Z,CSV mean across outbound route options / 28.7 m/s; not selected GeoJSON path,facility_point; routes supplied separately,saved_gt_60,1,,True,False,
nest1:23,nest1,Muhanga,23,Hanika HC,-2.343064424,29.75782025,health_center_or_clinic_label,True,unverified,f704476a-663b-4e2f-b070-6239b4eab236,osm-car:nest1:23,35.77166666666667,18.388649909675813,17.383016756990855,48.59437196195552,45479.1,31665.25514446175,le_60,le_30,Ok,True,79.98371383,8.699504755,False,False,-2.07958714,29.780160749999986,OSRM v26.9.0,2026-09-20T20:22:06Z,CSV mean across outbound route options / 28.7 m/s; not selected GeoJSON path,facility_point; routes supplied separately,saved_le_30,1,,True,False,
nest1:24,nest1,Muhanga,24,Gahombo HC,-2.293219699,29.82253684,health_center_or_clinic_label,True,unverified,95f89628-5607-4318-9a67-96eeb8699dd2,osm-car:nest1:24,32.24,15.335811977822877,16.904188022177124,52.43234498193896,39547.6,26408.268225810993,le_60,le_30,Ok,True,79.98371383,23.23244272,False,False,-2.07958714,29.780160749999986,OSRM v26.9.0,2026-09-20T20:22:06Z,CSV mean across outbound route options / 28.7 m/s; not selected GeoJSON path,facility_point; routes supplied separately,saved_le_30,1,,True,False,
nest1:25,nest1,Muhanga,25,Nyamiyaga HC,-2.345381297,29.872378056,health_center_or_clinic_label,True,unverified,d482766b-d462-4589-a22f-b2b3699d8779,osm-car:nest1:25,43.84666666666667,21.667124008125565,22.179542658541106,50.58433022321979,55320.1,37310.78754199223,le_60,le_30,Ok,True,79.98371383,52.93339332,False,False,-2.07958714,29.780160749999986,OSRM v26.9.0,2026-09-20T20:22:06Z,CSV mean across outbound route options / 28.7 m/s; not selected GeoJSON path,facility_point; routes supplied separately,saved_le_30,1,,True,False,
nest1:26,nest1,Muhanga,26,Kibilizi-Nyanza HC,-2.385656803,29.895154311,health_center_or_clinic_label,True,unverified,51e65874-d127-462a-98d3-22728d19e3a8,osm-car:nest1:26,50.4,22.34208084606253,28.05791915393747,55.6704745117807,61396.8,38473.063216919676,le_60,le_30,Ok,True,79.98371383,32.07943558,False,False,-2.07958714,29.780160749999986,OSRM v26.9.0,2026-09-20T20:22:06Z,CSV mean across outbound route options / 28.7 m/s; not selected GeoJSON path,facility_point; routes supplied separately,saved_le_30,1,,True,False,
nest1:27,nest1,Muhanga,27,Nyamure HC,-2.34903,29.842586,health_center_or_clinic_label,True,unverified,e8092d37-a54c-41dd-8e88-0e7432c2ca52,osm-car:nest1:27,48.36833333333333,19.186527468855196,29.181805864478136,60.33246104092513,54711.9,33039.20030136865,le_60,le_30,Ok,True,79.98371383,47.33076598,False,False,-2.07958714,29.780160749999986,OSRM v26.9.0,2026-09-20T20:22:06Z,CSV mean across outbound route options / 28.7 m/s; not selected GeoJSON path,facility_point; routes supplied separately,saved_le_30,1,,True,False,
nest1:28,nest1,Muhanga,28,Gatagara HC,-2.272663917,29.739564834,health_center_or_clinic_label,True,unverified,04f1978d-3ce0-4278-990b-7d9aa0bb9702,osm-car:nest1:28,33.593333333333334,13.949965495784129,19.643367837549206,58.47400626379005,30567.6,24021.840583740268,le_60,le_15,Ok,True,79.98371383,89.8226079,False,False,-2.07958714,29.780160749999986,OSRM v26.9.0,2026-09-20T20:22:06Z,CSV mean across outbound route options / 28.7 m/s; not selected GeoJSON path,facility_point; routes supplied separately,saved_le_30,1,,True,False,
nest1:29,nest1,Muhanga,29,Busoro HC,-2.289191464,29.929784369,health_center_or_clinic_label,True,unverified,c40bc4e2-90b2-4b4e-8601-b233a938fe6c,osm-car:nest1:29,48.986666666666665,18.399869700150624,30.58679696651604,62.43902483638277,54463.2,31684.575623659373,le_60,le_30,Ok,True,79.98371383,15.8139365,False,False,-2.07958714,29.780160749999986,OSRM v26.9.0,2026-09-20T20:22:06Z,CSV mean across outbound route options / 28.7 m/s; not selected GeoJSON path,facility_point; routes supplied separately,saved_le_60,1,,True,False,
nest1:30,nest1,Muhanga,30,Mututu HC,-2.3391384,29.929036,health_center_or_clinic_label,True,unverified,67f15e5f-cfb4-4523-8b12-ac14ce89e34b,osm-car:nest1:30,51.49,20.749225585866675,30.740774414133327,59.70241680740595,62921.0,35730.16645886241,le_60,le_30,Ok,True,79.98371383,126.0099053,False,False,-2.07958714,29.780160749999986,OSRM v26.9.0,2026-09-20T20:22:06Z,CSV mean across outbound route options / 28.7 m/s; not selected GeoJSON path,facility_point; routes supplied separately,saved_le_60,1,,True,False,
nest1:31,nest1,Muhanga,31,Cyaratsi HC,-2.385779,29.715326,health_center_or_clinic_label,True,unverified,32ea5eb9-6d13-4449-b1ab-122539ef5f45,osm-car:nest1:31,44.57,23.01051345891402,21.55948654108598,48.37219327145161,53207.2,39624.10417624994,le_60,le_30,Ok,True,79.98371383,18.60722366,False,False,-2.07958714,29.780160749999986,OSRM v26.9.0,2026-09-20T20:22:06Z,CSV mean across outbound route options / 28.7 m/s; not selected GeoJSON path,facility_point; routes supplied separately,saved_le_30,1,,True,False,
nest1:32,nest1,Muhanga,32,Kirambi HC,-2.4122258,29.6615829,health_center_or_clinic_label,True,unverified,6d99ceec-c54a-416b-a3a3-61413a3e4b5f,osm-car:nest1:32,56.855000000000004,24.722177877095103,32.1328221229049,56.51714382711265,62076.3,42571.59030435777,le_60,le_30,Ok,True,79.98371383,45.58262339,False,False,-2.07958714,29.780160749999986,OSRM v26.9.0,2026-09-20T20:22:06Z,CSV mean across outbound route options / 28.7 m/s; not selected GeoJSON path,facility_point; routes supplied separately,saved_le_60,1,,True,False,
nest1:34,nest1,Muhanga,34,Nyarusange Nyanza HC,-2.349454,29.689217,health_center_or_clinic_label,True,unverified,2ebd0a7c-0ab4-41ac-b0a8-70ec8ea492f3,osm-car:nest1:34,51.09166666666667,21.196069952953074,29.895596713713594,58.51364550066272,55622.5,36499.632458985194,le_60,le_30,Ok,True,79.98371383,35.18184079,False,False,-2.07958714,29.780160749999986,OSRM v26.9.0,2026-09-20T20:22:06Z,CSV mean across outbound route options / 28.7 m/s; not selected GeoJSON path,facility_point; routes supplied separately,saved_le_30,1,,True,False,
nest1:35,nest1,Muhanga,35,Ruyenzi HC,-2.425544,29.830368,health_center_or_clinic_label,True,unverified,c46ede6f-8d6a-4898-8c86-2e4ec855bdc4,osm-car:nest1:35,47.184999999999995,23.80758422557689,23.377415774423106,49.54416821961028,57728.2,40996.660036443405,le_60,le_30,Ok,True,79.98371383,21.33503723,False,False,-2.07958714,29.780160749999986,OSRM v26.9.0,2026-09-20T20:22:06Z,CSV mean across outbound route options / 28.7 m/s; not selected GeoJSON path,facility_point; routes supplied separately,saved_le_30,1,,True,False,
nest1:36,nest1,Muhanga,36,Ntyazo HC,-2.428091016,29.885674089,health_center_or_clinic_label,True,unverified,a5522bbb-ecd5-4594-837a-e1f10d7a71f6,osm-car:nest1:36,54.7,24.70903929966182,29.99096070033818,54.8280817190826,66226.9,42548.96567401766,le_60,le_30,Ok,True,79.98371383,64.33155084,False,False,-2.07958714,29.780160749999986,OSRM v26.9.0,2026-09-20T20:22:06Z,CSV mean across outbound route options / 28.7 m/s; not selected GeoJSON path,facility_point; routes supplied separately,saved_le_30,1,,True,False,
nest1:38,nest1,Muhanga,38,Mucubira HC,-2.2957785,29.6420866,health_center_or_clinic_label,True,unverified,35d6c80a-e6b2-4030-a96e-d47360cbb84b,osm-car:nest1:38,60.70666666666667,18.879292588959025,41.827374077707645,68.90079191364097,57704.1,32510.141838187443,le_120,le_30,Ok,True,79.98371383,19.58811842,False,False,-2.07958714,29.780160749999986,OSRM v26.9.0,2026-09-20T20:22:06Z,CSV mean across outbound route options / 28.7 m/s; not selected GeoJSON path,facility_point; routes supplied separately,saved_le_60,1,,True,True,
nest1:40,nest1,Muhanga,40,Rushashi HC,-1.725479826,29.857846103,health_center_or_clinic_label,True,unverified,b217eb69-d026-4b6a-b7ba-e323f1e62c01,osm-car:nest1:40,81.24,27.209421767738895,54.0305782322611,66.5073587300112,90446.0,46854.624284046375,le_120,le_30,Ok,True,79.98371383,5.746289328,False,False,-2.07958714,29.780160749999986,OSRM v26.9.0,2026-09-20T20:22:06Z,CSV mean across outbound route options / 28.7 m/s; not selected GeoJSON path,facility_point; routes supplied separately,saved_le_60,1,,True,True,
nest1:41,nest1,Muhanga,41,Janja HC,-1.68201,29.6754167,health_center_or_clinic_label,True,unverified,1e282918-ab70-4453-ae45-47de829e7833,osm-car:nest1:41,104.26833333333335,28.190545425273374,76.07778790805997,72.96346405082396,118301.3,48544.11922232075,le_120,le_30,Ok,True,79.98371383,8.467319595,False,False,-2.07958714,29.780160749999986,OSRM v26.9.0,2026-09-20T20:22:06Z,CSV mean across outbound route options / 28.7 m/s; not selected GeoJSON path,facility_point; routes supplied separately,saved_gt_60,1,,True,True,
nest1:42,nest1,Muhanga,42,Mweya HC,-2.331733683,29.642636942,health_center_or_clinic_label,True,unverified,ee90e00d-e6ac-46b3-ae02-ced6ad58ef50,osm-car:nest1:42,62.038333333333334,20.304551385468017,41.73378194786532,67.2709592690519,62586.8,34964.437485775925,le_120,le_30,Ok,True,79.98371383,27.84135499,False,False,-2.07958714,29.780160749999986,OSRM v26.9.0,2026-09-20T20:22:06Z,CSV mean across outbound route options / 28.7 m/s; not selected GeoJSON path,facility_point; routes supplied separately,saved_le_60,1,,True,True,
nest1:43,nest1,Muhanga,43,Rukura HC,-1.696916912,29.828867838,health_center_or_clinic_label,True,unverified,e1283e82-f7e8-4320-bb84-cbfce02b2c65,osm-car:nest1:43,80.75666666666666,31.51412460049407,49.24254206617259,60.97644206815445,95064.4,54267.32256205079,le_120,le_60,Ok,True,79.98371383,61.25201685,False,False,-2.07958714,29.780160749999986,OSRM v26.9.0,2026-09-20T20:22:06Z,CSV mean across outbound route options / 28.7 m/s; not selected GeoJSON path,facility_point; routes supplied separately,saved_le_60,1,,True,False,
nest1:44,nest1,Muhanga,44,Munini DH,-2.713704021,29.534487949,hospital_label,True,unverified,19f8de3f-37d4-4277-b7ef-ddfb9db1e1c1,osm-car:nest1:44,103.51833333333335,46.873030096560164,56.64530323677318,54.72006881561061,120217.8,80715.35782627661,le_120,le_60,Ok,True,79.98371383,71.31874838,False,False,-2.07958714,29.780160749999986,OSRM v26.9.0,2026-09-20T20:22:06Z,CSV mean across outbound route options / 28.7 m/s; not selected GeoJSON path,facility_point; routes supplied separately,saved_le_60,1,,True,False,
nest1:45,nest1,Muhanga,45,Kibuye RH,-2.068304534,29.347393409,hospital_label,True,unverified,213fffd5-2bcb-4811-abbf-c62519e63f05,osm-car:nest1:45,58.169999999999995,30.49355333517547,27.676446664824525,47.578557099578006,80418.8,52509.89884317216,le_60,le_60,Ok,True,79.98371383,34.3671608,False,False,-2.07958714,29.780160749999986,OSRM v26.9.0,2026-09-20T20:22:06Z,CSV mean across outbound route options / 28.7 m/s; not selected GeoJSON path,facility_point; routes supplied separately,saved_le_30,1,,True,False,
nest1:46,nest1,Muhanga,46,Gitwe HC,-2.2409364,29.6902021,health_center_or_clinic_label,True,unverified,8282f6ae-5a8f-4d7a-bf94-ce269acceeb4,osm-car:nest1:46,36.335,13.551882781627377,22.783117218372624,62.70295092437766,32025.9,23336.342149962344,le_60,le_15,Ok,True,79.98371383,32.36195041,False,False,-2.07958714,29.780160749999986,OSRM v26.9.0,2026-09-20T20:22:06Z,CSV mean across outbound route options / 28.7 m/s; not selected GeoJSON path,facility_point; routes supplied separately,saved_le_30,1,,True,False,
nest1:47,nest1,Muhanga,47,Kigoma HC,-2.261287342,29.792933455,health_center_or_clinic_label,True,unverified,c1ef6850-6804-416d-9192-e28734515ea3,osm-car:nest1:47,23.501666666666665,13.863860209484308,9.637806457182357,41.009033928866145,30451.2,23873.56728073198,le_30,le_15,Ok,True,79.98371383,38.31106273,False,False,-2.07958714,29.780160749999986,OSRM v26.9.0,2026-09-20T20:22:06Z,CSV mean across outbound route options / 28.7 m/s; not selected GeoJSON path,facility_point; routes supplied separately,saved_le_15,1,,True,False,
nest1:48,nest1,Muhanga,48,Karambi (Ruhango) HC,-2.225400593,29.65057351,health_center_or_clinic_label,True,unverified,d04ae39f-ffcd-4564-b8a5-eaf22cd90596,osm-car:nest1:48,41.52833333333333,14.902450909404774,26.625882423928555,64.11497954953299,31910.5,25662.02046599502,le_60,le_15,Ok,True,79.98371383,39.85449065,False,False,-2.07958714,29.780160749999986,OSRM v26.9.0,2026-09-20T20:22:06Z,CSV mean across outbound route options / 28.7 m/s; not selected GeoJSON path,facility_point; routes supplied separately,saved_le_30,1,,True,False,
nest1:49,nest1,Muhanga,49,Munanira HC,-2.2131761,29.6100801,health_center_or_clinic_label,True,unverified,e6f18600-a027-41a5-ae11-ff84aeed44db,osm-car:nest1:49,50.82833333333333,15.31750720883039,35.51082612450294,69.86423475981823,39770.1,26376.74741360593,le_60,le_30,Ok,True,79.98371383,49.67039676,False,False,-2.07958714,29.780160749999986,OSRM v26.9.0,2026-09-20T20:22:06Z,CSV mean across outbound route options / 28.7 m/s; not selected GeoJSON path,facility_point; routes supplied separately,saved_le_60,1,,True,False,
nest1:50,nest1,Muhanga,50,Ruhango HC,-2.22908033,29.781346153,health_center_or_clinic_label,True,unverified,3a8442d5-0360-48b3-8e9e-1778f4224eef,osm-car:nest1:50,21.396666666666665,11.612401163882408,9.784265502784256,45.72798957524969,27162.7,19996.55480420551,le_30,le_15,Ok,True,79.98371383,49.44256948,False,False,-2.07958714,29.780160749999986,OSRM v26.9.0,2026-09-20T20:22:06Z,CSV mean across outbound route options / 28.7 m/s; not selected GeoJSON path,facility_point; routes supplied separately,saved_le_15,1,,True,False,
nest1:51,nest1,Muhanga,51,Muyunzwe HC,-2.167654,29.661349,health_center_or_clinic_label,True,unverified,0530e3da-eb02-4aa5-aa71-66414175a9b2,osm-car:nest1:51,30.901666666666664,10.99224064926009,19.909426017406574,64.42832431068413,29396.3,18928.638398025876,le_60,le_15,Ok,True,79.98371383,46.89876333,False,False,-2.07958714,29.780160749999986,OSRM v26.9.0,2026-09-20T20:22:06Z,CSV mean across outbound route options / 28.7 m/s; not selected GeoJSON path,facility_point; routes supplied separately,saved_le_30,1,,True,False,
nest1:52,nest1,Muhanga,52,Byimana HC,-2.157197779,29.743759316,health_center_or_clinic_label,True,unverified,98e7ed03-9ea3-438c-b05d-1d9d0329f278,osm-car:nest1:52,13.436666666666667,9.275334687322452,4.161331979344215,30.96997255775898,14706.0,15972.126331569263,le_15,le_15,Ok,True,79.98371383,6.858218272,False,False,-2.07958714,29.780160749999986,OSRM v26.9.0,2026-09-20T20:22:06Z,CSV mean across outbound route options / 28.7 m/s; not selected GeoJSON path,facility_point; routes supplied separately,saved_le_15,1,,True,False,
nest1:53,nest1,Muhanga,53,Kirambo (Karongi) HC,-2.111295854,29.421956364,health_center_or_clinic_label,True,unverified,4e7a96bf-050e-41a8-8b46-d051c282568e,osm-car:nest1:53,56.37833333333333,27.713942791660195,28.664390541673136,50.84291933959229,75397.4,47723.40948723885,le_60,le_30,Ok,True,79.98371383,55.51539719,False,False,-2.07958714,29.780160749999986,OSRM v26.9.0,2026-09-20T20:22:06Z,CSV mean across outbound route options / 28.7 m/s; not selected GeoJSON path,facility_point; routes supplied separately,saved_le_30,1,,True,False,
nest1:54,nest1,Muhanga,54,Mukungu HC,-2.240394864,29.418167364,health_center_or_clinic_label,True,unverified,fbdcb980-586e-49b9-a485-54af77a38dfe,osm-car:nest1:54,83.90166666666667,29.16527975198435,54.73638691468232,65.2387361172988,96546.3,50222.611732917045,le_120,le_30,Ok,True,79.98371383,46.9603951,False,False,-2.07958714,29.780160749999986,OSRM v26.9.0,2026-09-20T20:22:06Z,CSV mean across outbound route options / 28.7 m/s; not selected GeoJSON path,facility_point; routes supplied separately,saved_le_60,1,,True,True,
nest1:99,nest1,Muhanga,99,RW1_WFH,-2.079965621,29.780016339,operational_or_test_label,False,unverified,42292e71-023e-496d-8082-700631013bd7,osm-car:nest1:99,1.7716666666666667,2.8334695753209305,-1.0618029086542637,-59.93243134454922,871.2,4879.234608702642,le_15,le_15,Ok,True,79.98371383,107.9582545,False,False,-2.07958714,29.780160749999986,OSRM v26.9.0,2026-09-20T20:22:06Z,CSV mean across outbound route options / 28.7 m/s; not selected GeoJSON path,facility_point; routes supplied separately,drone_slower,2,nest1:99;nest1:24303,False,False,identical_coordinate_group;outside_healthcare_name_screen;drone_slower_in_model
nest1:105,nest1,Muhanga,105,Birambo HC,-2.144359942,29.521686798,health_center_or_clinic_label,True,unverified,e2bf57a7-e10e-42b4-b44a-3d12ccb2699d,osm-car:nest1:105,60.44833333333334,18.547380091987527,41.90095324134581,69.3169702633309,66318.0,31938.58851840252,le_120,le_30,Ok,True,79.98371383,62.7160725,False,False,-2.07958714,29.780160749999986,OSRM v26.9.0,2026-09-20T20:22:06Z,CSV mean across outbound route options / 28.7 m/s; not selected GeoJSON path,facility_point; routes supplied separately,saved_le_60,1,,True,True,
nest1:107,nest1,Muhanga,107,Bubazi HC,-2.073067,29.432567,health_center_or_clinic_label,True,unverified,ba149637-e454-4e6d-b805-7cf878998b70,osm-car:nest1:107,53.21666666666667,26.406569430672587,26.810097235994082,50.379136678974156,68262.9,45472.112559618196,le_60,le_30,Ok,True,79.98371383,15.53805584,False,False,-2.07958714,29.780160749999986,OSRM v26.9.0,2026-09-20T20:22:06Z,CSV mean across outbound route options / 28.7 m/s; not selected GeoJSON path,facility_point; routes supplied separately,saved_le_30,1,,True,False,
nest1:108,nest1,Muhanga,108,Karongi Police HC,-2.055712054,29.480447375,health_center_or_clinic_label,True,unverified,f9aff047-abb9-4666-a2cc-37aa05b080db,osm-car:nest1:108,37.684999999999995,22.401882965453808,15.283117034546187,40.55490787991559,52128.4,38576.042466511455,le_60,le_30,Ok,True,79.98371383,67.78891182,False,False,-2.07958714,29.780160749999986,OSRM v26.9.0,2026-09-20T20:22:06Z,CSV mean across outbound route options / 28.7 m/s; not selected GeoJSON path,facility_point; routes supplied separately,saved_le_30,1,,True,False,
nest1:111,nest1,Muhanga,111,Kiziba Camp HC,-2.1321754,29.35575266,health_center_or_clinic_label,True,unverified,6481b1ab-8ac5-4d65-98f5-722bfa1dd8cf,osm-car:nest1:111,80.18,31.31642647754935,48.86357352245066,60.94234662316121,97354.4,53926.88639433998,le_120,le_60,Ok,True,79.98371383,25.5053278,False,False,-2.07958714,29.780160749999986,OSRM v26.9.0,2026-09-20T20:22:06Z,CSV mean across outbound route options / 28.7 m/s; not selected GeoJSON path,facility_point; routes supplied separately,saved_le_60,1,,True,False,
nest1:112,nest1,Muhanga,112,Mpembe HC,-2.117410122,29.265155353,health_center_or_clinic_label,True,unverified,176b9c1a-98a2-4f3e-a05b-19c99ba45bea,osm-car:nest1:112,89.595,34.973624501997065,54.621375498002934,60.96475863385561,113791.8,60224.58139243895,le_120,le_60,Ok,True,79.98371383,24.33093244,False,False,-2.07958714,29.780160749999986,OSRM v26.9.0,2026-09-20T20:22:06Z,CSV mean across outbound route options / 28.7 m/s; not selected GeoJSON path,facility_point; routes supplied separately,saved_le_60,1,,True,False,
nest1:115,nest1,Muhanga,115,Mubuga HC,-2.133173976,29.313909056,health_center_or_clinic_label,True,unverified,62b472de-3432-46c9-ac66-f2afab89673f,osm-car:nest1:115,69.79666666666667,33.08442548954138,36.712241177125286,52.59884594841007,95431.5,56971.380692990264,le_120,le_60,Ok,True,79.98371383,9.907844996,False,False,-2.07958714,29.780160749999986,OSRM v26.9.0,2026-09-20T20:22:06Z,CSV mean across outbound route options / 28.7 m/s; not selected GeoJSON path,facility_point; routes supplied separately,saved_le_60,1,,True,False,
nest1:117,nest1,Muhanga,117,Mugonero HC,-2.181917,29.29365,health_center_or_clinic_label,True,unverified,2150cf93-ba02-427a-ae85-6351259ce6b2,osm-car:nest1:117,76.85333333333332,36.464987501809205,40.38834583152412,52.55249717842313,104994.1,62792.70847811544,le_120,le_60,Ok,True,79.98371383,88.96013496,False,False,-2.07958714,29.780160749999986,OSRM v26.9.0,2026-09-20T20:22:06Z,CSV mean across outbound route options / 28.7 m/s; not selected GeoJSON path,facility_point; routes supplied separately,saved_le_60,1,,True,False,
nest1:119,nest1,Muhanga,119,Munzanga HC,-2.113783,29.583817,health_center_or_clinic_label,True,unverified,93e9294c-18bd-489e-a309-f4637e598051,osm-car:nest1:119,36.25666666666667,14.071099575108885,22.185567091557783,61.190310999975495,36174.7,24230.4334683375,le_60,le_15,Ok,True,79.98371383,47.42896346,False,False,-2.07958714,29.780160749999986,OSRM v26.9.0,2026-09-20T20:22:06Z,CSV mean across outbound route options / 28.7 m/s; not selected GeoJSON path,facility_point; routes supplied separately,saved_le_30,1,,True,False,
nest1:121,nest1,Muhanga,121,Rufungo HC,-2.067805516,29.537380813,health_center_or_clinic_label,True,unverified,62305cf9-b5c4-4e6f-9ec9-c8a753a3fc20,osm-car:nest1:121,30.84,18.220897076733607,12.619102923266393,40.91797316234239,42680.6,31376.38476613527,le_60,le_30,Ok,True,79.98371383,78.22772523,False,False,-2.07958714,29.780160749999986,OSRM v26.9.0,2026-09-20T20:22:06Z,CSV mean across outbound route options / 28.7 m/s; not selected GeoJSON path,facility_point; routes supplied separately,saved_le_15,1,,True,False,
nest1:122,nest1,Muhanga,122,Biguhu HC,-2.222377612,29.488431353,health_center_or_clinic_label,True,unverified,52693f41-b841-4593-adc6-c95d4a3c61dd,osm-car:nest1:122,80.24,22.232070428753932,58.007929571246066,72.2930328654612,80924.3,38283.62527831427,le_120,le_30,Ok,True,79.98371383,19.47895315,False,False,-2.07958714,29.780160749999986,OSRM v26.9.0,2026-09-20T20:22:06Z,CSV mean across outbound route options / 28.7 m/s; not selected GeoJSON path,facility_point; routes supplied separately,saved_le_60,1,,True,True,
nest1:130,nest1,Muhanga,130,Mwendo Karongi  HC,-2.185270346,29.510452937,health_center_or_clinic_label,True,unverified,46ac6d30-44ab-4b43-b11c-ae5e4338c32d,osm-car:nest1:130,73.8,19.924411901759978,53.875588098240016,73.00215189463417,74405.6,34309.83729483068,le_120,le_30,Ok,True,79.98371383,11.69519046,False,False,-2.07958714,29.780160749999986,OSRM v26.9.0,2026-09-20T20:22:06Z,CSV mean across outbound route options / 28.7 m/s; not selected GeoJSON path,facility_point; routes supplied separately,saved_le_60,1,,True,True,
nest1:133,nest1,Muhanga,133,Rubengera HC,-2.041203402,29.412748363,health_center_or_clinic_label,True,unverified,3f1e5de9-85f9-4329-9874-7a0e0221a220,osm-car:nest1:133,47.025,28.04471116033088,18.980288839669118,40.3621240609657,65048.0,48292.992618089775,le_60,le_30,Ok,True,79.98371383,12.69026012,False,False,-2.07958714,29.780160749999986,OSRM v26.9.0,2026-09-20T20:22:06Z,CSV mean across outbound route options / 28.7 m/s; not selected GeoJSON path,facility_point; routes supplied separately,saved_le_30,1,,True,False,
nest1:135,nest1,Muhanga,135,Rugabano HC,-2.10175793918648,29.4854302819314,health_center_or_clinic_label,True,unverified,d7ae93af-4094-4d4d-bdec-545890cf8269,osm-car:nest1:135,47.86833333333333,22.57169528451164,25.29663804882169,52.84628957659209,58250.4,38868.45927992905,le_60,le_30,Ok,True,79.98371383,15.7866034,False,False,-2.07958714,29.780160749999986,OSRM v26.9.0,2026-09-20T20:22:06Z,CSV mean across outbound route options / 28.7 m/s; not selected GeoJSON path,facility_point; routes supplied separately,saved_le_30,1,,True,False,
nest1:164,nest1,Muhanga,164,Musasa HC,-1.962624664,29.348087496,health_center_or_clinic_label,True,unverified,c7faa580-e9e2-45d6-a976-934d653b896d,osm-car:nest1:164,79.36,31.009141007255135,48.35085899274486,60.92598159368052,87819.7,53397.740814493336,le_120,le_60,Ok,True,79.98371383,33.50564634,False,False,-2.07958714,29.780160749999986,OSRM v26.9.0,2026-09-20T20:22:06Z,CSV mean across outbound route options / 28.7 m/s; not selected GeoJSON path,facility_point; routes supplied separately,saved_le_60,1,,True,False,
nest1:165,nest1,Muhanga,165,Mushubati HC,-2.012694113,29.399701547,health_center_or_clinic_label,True,unverified,da947a8c-ce43-47af-a85f-27537e8ac1f0,osm-car:nest1:165,55.23833333333334,28.861399907470336,26.376933425863,47.75113917122107,70403.0,49699.33064066392,le_60,le_30,Ok,True,79.98371383,57.97799441,False,False,-2.07958714,29.780160749999986,OSRM v26.9.0,2026-09-20T20:22:06Z,CSV mean across outbound route options / 28.7 m/s; not selected GeoJSON path,facility_point; routes supplied separately,saved_le_30,1,,True,False,
nest1:167,nest1,Muhanga,167,Biruyi HC,-1.851611,29.316417,health_center_or_clinic_label,True,unverified,d69d9605-c455-4ec3-8645-63fb88688180,osm-car:nest1:167,90.44,37.82243742106114,52.61756257893886,58.17952518679662,108729.2,65130.237239067275,le_120,le_60,Ok,True,79.98371383,31.19963389,False,False,-2.07958714,29.780160749999986,OSRM v26.9.0,2026-09-20T20:22:06Z,CSV mean across outbound route options / 28.7 m/s; not selected GeoJSON path,facility_point; routes supplied separately,saved_le_60,1,,True,False,
nest1:168,nest1,Muhanga,168,Bitenga HC,-1.847774255,29.409465085,health_center_or_clinic_label,True,unverified,d1a377da-195b-443e-bc2b-23ef02b6f855,osm-car:nest1:168,92.975,30.272909617628823,62.70209038237117,67.43973152177594,104854.2,52129.95036155683,le_120,le_60,Ok,True,79.98371383,42.25958189,False,False,-2.07958714,29.780160749999986,OSRM v26.9.0,2026-09-20T20:22:06Z,CSV mean across outbound route options / 28.7 m/s; not selected GeoJSON path,facility_point; routes supplied separately,saved_gt_60,1,,True,False,
nest1:169,nest1,Muhanga,169,Cyimbili HC,-1.827601039,29.290734006,health_center_or_clinic_label,True,unverified,c3c359d6-19e7-4074-b5c9-f913ba69205a,osm-car:nest1:169,108.525,40.97454511945776,67.55045488054225,62.24414179271342,132192.5,70558.16669570626,le_120,le_60,Ok,True,79.98371383,189.265444,False,False,-2.07958714,29.780160749999986,OSRM v26.9.0,2026-09-20T20:22:06Z,CSV mean across outbound route options / 28.7 m/s; not selected GeoJSON path,facility_point; routes supplied separately,saved_gt_60,1,,True,False,
nest1:170,nest1,Muhanga,170,Karumbi HC,-1.865040108,29.451559199,health_center_or_clinic_label,True,unverified,e79d6112-4e40-48d5-8a81-9e95c3825146,osm-car:nest1:170,94.74833333333332,26.48092761807397,68.26740571525934,72.05129981029677,104646.1,45600.15735832338,le_120,le_30,Ok,True,79.98371383,29.01214896,False,False,-2.07958714,29.780160749999986,OSRM v26.9.0,2026-09-20T20:22:06Z,CSV mean across outbound route options / 28.7 m/s; not selected GeoJSON path,facility_point; routes supplied separately,saved_gt_60,1,,True,True,
nest1:171,nest1,Muhanga,171,Kinunu HC,-1.907517,29.2946,health_center_or_clinic_label,True,unverified,9aaf73e0-70c2-4257-8d2b-94403c2fec42,osm-car:nest1:171,92.14333333333335,36.94918813997037,55.19414519336298,59.90031312812969,106497.3,63626.50197702897,le_120,le_60,Ok,True,79.98371383,40.49999541,False,False,-2.07958714,29.780160749999986,OSRM v26.9.0,2026-09-20T20:22:06Z,CSV mean across outbound route options / 28.7 m/s; not selected GeoJSON path,facility_point; routes supplied separately,saved_le_60,1,,True,False,
nest1:172,nest1,Muhanga,172,Kivumu HC,-1.777274601,29.320633455,health_center_or_clinic_label,True,unverified,18f4e2e8-a586-4415-9490-9c1189336160,osm-car:nest1:172,86.62833333333333,38.9710504131572,47.65728292017613,55.01350549686531,120690.3,67108.1488114567,le_120,le_60,Ok,True,79.98371383,20.25516629,False,False,-2.07958714,29.780160749999986,OSRM v26.9.0,2026-09-20T20:22:06Z,CSV mean across outbound route options / 28.7 m/s; not selected GeoJSON path,facility_point; routes supplied separately,saved_le_60,1,,True,False,
nest1:173,nest1,Muhanga,173,Nyabirasi HC,-1.7623556,29.3493857,health_center_or_clinic_label,True,unverified,2a6a4201-619e-410f-9264-2e9704d5e772,osm-car:nest1:173,95.76,35.740411739202926,60.01958826079708,62.6770971812835,120654.8,61544.989014907434,le_120,le_60,Ok,True,79.98371383,7.235698591,False,False,-2.07958714,29.780160749999986,OSRM v26.9.0,2026-09-20T20:22:06Z,CSV mean across outbound route options / 28.7 m/s; not selected GeoJSON path,facility_point; routes supplied separately,saved_gt_60,2,nest1:173;nest1:21097,False,False,identical_coordinate_group
nest1:174,nest1,Muhanga,174,Bigugu HC,-2.182121588,29.372509118,health_center_or_clinic_label,True,unverified,108be71a-ba6b-4a1d-a95e-26386d48b2e1,osm-car:nest1:174,88.38000000000001,29.512010076356496,58.86798992364351,66.60781842457966,96443.7,50819.68135148589,le_120,le_30,Ok,True,79.98371383,26.10183317,False,False,-2.07958714,29.780160749999986,OSRM v26.9.0,2026-09-20T20:22:06Z,CSV mean across outbound route options / 28.7 m/s; not selected GeoJSON path,facility_point; routes supplied separately,saved_le_60,1,,True,True,
nest1:175,nest1,Muhanga,175,Bisesero HC,-2.177860823,29.335589312,health_center_or_clinic_label,True,unverified,6f216a07-73e2-45ac-bdec-59c9e4da826c,osm-car:nest1:175,84.64333333333335,32.0491221140138,52.59421121931955,62.136271278682564,107323.6,55188.588280331765,le_120,le_60,Ok,True,79.98371383,38.22520944,False,False,-2.07958714,29.780160749999986,OSRM v26.9.0,2026-09-20T20:22:06Z,CSV mean across outbound route options / 28.7 m/s; not selected GeoJSON path,facility_point; routes supplied separately,saved_le_60,1,,True,False,
nest1:176,nest1,Muhanga,176,Gatare HC,-2.22559694,29.30954159,health_center_or_clinic_label,True,unverified,4a3ebfdb-8862-4d22-b055-2261abdbf4b5,osm-car:nest1:176,90.58166666666666,36.07758455569503,54.50408211097163,60.17120695244251,117015.0,62125.60060490685,le_120,le_60,Ok,True,79.98371383,113.8610884,False,False,-2.07958714,29.780160749999986,OSRM v26.9.0,2026-09-20T20:22:06Z,CSV mean across outbound route options / 28.7 m/s; not selected GeoJSON path,facility_point; routes supplied separately,saved_le_60,1,,True,False,
nest1:177,nest1,Muhanga,177,Gisovu HC,-2.234825564,29.359881569,health_center_or_clinic_label,True,unverified,759806d0-bff9-425e-a6af-e20a72709d45,osm-car:nest1:177,97.83166666666666,29.837456391174204,67.99421027549246,69.50122858191021,115698.6,51380.09990560198,le_120,le_30,Ok,True,79.98371383,48.00955378,False,False,-2.07958714,29.780160749999986,OSRM v26.9.0,2026-09-20T20:22:06Z,CSV mean across outbound route options / 28.7 m/s; not selected GeoJSON path,facility_point; routes supplied separately,saved_gt_60,1,,True,True,
nest1:179,nest1,Muhanga,179,Kibuye HC,-2.071409913,29.340372315,health_center_or_clinic_label,True,unverified,8bb2d542-2411-4388-89e7-310eeb2ee217,osm-car:nest1:179,60.42333333333333,31.80180739935884,28.621525933974493,47.368333316005675,82060.1,54762.71234169592,le_120,le_60,Ok,True,79.98371383,82.37625087,False,False,-2.07958714,29.780160749999986,OSRM v26.9.0,2026-09-20T20:22:06Z,CSV mean across outbound route options / 28.7 m/s; not selected GeoJSON path,facility_point; routes supplied separately,saved_le_30,1,,True,False,
nest1:181,nest1,Muhanga,181,Musango HC,-2.1741,29.435817,health_center_or_clinic_label,True,unverified,80e28b39-4455-4cc9-a188-3b0dc55c99dd,osm-car:nest1:181,69.29166666666667,24.459830561640715,44.83183610502596,64.70018439691059,86436.6,42119.828227145306,le_120,le_30,Ok,True,79.98371383,14.27430128,False,False,-2.07958714,29.780160749999986,OSRM v26.9.0,2026-09-20T20:22:06Z,CSV mean across outbound route options / 28.7 m/s; not selected GeoJSON path,facility_point; routes supplied separately,saved_le_60,1,,True,True,
nest1:187,nest1,Muhanga,187,Muremure HC,-2.154412716,29.619974912,health_center_or_clinic_label,True,unverified,c8697560-996f-42f9-8348-af71b019593a,osm-car:nest1:187,41.7,12.611399084743832,29.088600915256173,69.75683672723302,35743.5,21716.82922392888,le_60,le_15,Ok,True,79.98371383,34.47928948,False,False,-2.07958714,29.780160749999986,OSRM v26.9.0,2026-09-20T20:22:06Z,CSV mean across outbound route options / 28.7 m/s; not selected GeoJSON path,facility_point; routes supplied separately,saved_le_30,1,,True,False,
nest1:191,nest1,Muhanga,191,Mwendo HC,-2.154495,29.68974,health_center_or_clinic_label,True,unverified,e07d6067-e433-4e31-9eb7-d1dd76d6a995,osm-car:nest1:191,22.084999999999997,8.885940390322498,13.1990596096775,59.76481598223908,21873.0,15301.58935213534,le_30,le_15,Ok,True,79.98371383,28.3231466,False,False,-2.07958714,29.780160749999986,OSRM v26.9.0,2026-09-20T20:22:06Z,CSV mean across outbound route options / 28.7 m/s; not selected GeoJSON path,facility_point; routes supplied separately,saved_le_15,1,,True,False,
nest1:194,nest1,Muhanga,194,Gishweru HC,-2.126412993,29.655700993,health_center_or_clinic_label,True,unverified,9e7893d6-27c2-482f-a9f2-5d1f0f98c174,osm-car:nest1:194,28.805,9.92525198307063,18.87974801692937,65.54330156892682,22052.5,17091.283914847623,le_30,le_15,Ok,True,79.98371383,11.27139257,False,False,-2.07958714,29.780160749999986,OSRM v26.9.0,2026-09-20T20:22:06Z,CSV mean across outbound route options / 28.7 m/s; not selected GeoJSON path,facility_point; routes supplied separately,saved_le_30,1,,True,False,
nest1:203,nest1,Muhanga,203,Kizibere HC,-2.172930722,29.818658815,health_center_or_clinic_label,True,unverified,e71f1418-bb5f-43a5-956f-de86532dc172,osm-car:nest1:203,31.783333333333335,8.419354707076481,23.363978626256852,73.51015823678087,24824.5,14498.1288055857,le_60,le_15,Ok,True,79.98371383,41.86991123,False,False,-2.07958714,29.780160749999986,OSRM v26.9.0,2026-09-20T20:22:06Z,CSV mean across outbound route options / 28.7 m/s; not selected GeoJSON path,facility_point; routes supplied separately,saved_le_30,1,,True,False,
nest1:206,nest1,Muhanga,206,Nyarurama HC,-2.24418362,29.874274565,health_center_or_clinic_label,True,unverified,b02b873e-78b0-4f52-9407-cf842e1f1371,osm-car:nest1:206,43.485,14.87165308044153,28.61334691955847,65.80049883766465,40061.4,25608.986604520313,le_60,le_15,Ok,True,79.98371383,83.42658955,False,False,-2.07958714,29.780160749999986,OSRM v26.9.0,2026-09-20T20:22:06Z,CSV mean across outbound route options / 28.7 m/s; not selected GeoJSON path,facility_point; routes supplied separately,saved_le_30,1,,True,False,
nest1:209,nest1,Muhanga,209,Mbuye HC,-2.126649384,29.844942002,health_center_or_clinic_label,True,unverified,1addd32c-d800-4520-8a83-6a3ac8ed6da5,osm-car:nest1:209,18.56833333333333,7.365980037248614,11.202353296084716,60.33041897182327,12419.9,12684.217624142113,le_30,le_15,Ok,True,79.98371383,42.9524063,False,False,-2.07958714,29.780160749999986,OSRM v26.9.0,2026-09-20T20:22:06Z,CSV mean across outbound route options / 28.7 m/s; not selected GeoJSON path,facility_point; routes supplied separately,saved_le_15,1,,True,False,
nest1:212,nest1,Muhanga,212,Kinazi HC,-2.193048,29.904964,health_center_or_clinic_label,True,unverified,d72b662d-cec9-414e-9d9d-58548d655482,osm-car:nest1:212,43.79,14.434357742508295,29.355642257491702,67.03731961062276,25078.1,24855.964032599284,le_60,le_15,Ok,True,79.98371383,51.09988501,False,False,-2.07958714,29.780160749999986,OSRM v26.9.0,2026-09-20T20:22:06Z,CSV mean across outbound route options / 28.7 m/s; not selected GeoJSON path,facility_point; routes supplied separately,saved_le_30,1,,True,False,
nest1:216,nest1,Muhanga,216,Crete Congo Nil HC,-1.96402003,29.386499314,health_center_or_clinic_label,True,unverified,fa60fd8d-5833-4e28-8b84-c5de89e522c7,osm-car:nest1:216,58.644999999999996,29.32101569351185,29.323984306488146,50.00253100262281,80635.9,50490.7890242274,le_60,le_30,Ok,True,79.98371383,34.70514431,False,False,-2.07958714,29.780160749999986,OSRM v26.9.0,2026-09-20T20:22:06Z,CSV mean across outbound route options / 28.7 m/s; not selected GeoJSON path,facility_point; routes supplied separately,saved_le_30,1,,True,False,
nest1:217,nest1,Muhanga,217,Kabona HC,-1.943333,29.487167,health_center_or_clinic_label,True,unverified,aba4719e-f621-4191-b4ec-a5a966c276ab,osm-car:nest1:217,77.44166666666666,23.69436247071953,53.74730419594714,69.40359952129191,79983.0,40801.69217457903,le_120,le_30,Ok,True,79.98371383,235.4990577,False,False,-2.07958714,29.780160749999986,OSRM v26.9.0,2026-09-20T20:22:06Z,CSV mean across outbound route options / 28.7 m/s; not selected GeoJSON path,facility_point; routes supplied separately,saved_le_60,1,,True,True,
nest1:220,nest1,Muhanga,220,Kayove HC,-1.887183533,29.343445707,health_center_or_clinic_label,True,unverified,57e98fd5-73de-4569-a39c-41df09959554,osm-car:nest1:220,72.475,34.74916745282698,37.72583254717301,52.0535806101042,100090.4,59838.06635376805,le_120,le_60,Ok,True,79.98371383,27.69552943,False,False,-2.07958714,29.780160749999986,OSRM v26.9.0,2026-09-20T20:22:06Z,CSV mean across outbound route options / 28.7 m/s; not selected GeoJSON path,facility_point; routes supplied separately,saved_le_60,1,,True,False,
nest1:222,nest1,Muhanga,222,Kibingo HC,-1.995844244,29.35713528,health_center_or_clinic_label,True,unverified,860975d4-a576-4dc6-834a-a56f03331e0e,osm-car:nest1:222,63.68833333333334,32.02048586222459,31.66784747110875,49.72315307006843,81780.7,55139.276654750734,le_120,le_60,Ok,True,79.98371383,88.00763801,False,False,-2.07958714,29.780160749999986,OSRM v26.9.0,2026-09-20T20:22:06Z,CSV mean across outbound route options / 28.7 m/s; not selected GeoJSON path,facility_point; routes supplied separately,saved_le_60,1,,True,False,
nest1:223,nest1,Muhanga,223,Mukura HC,-2.008646143,29.48706041,health_center_or_clinic_label,True,unverified,c213c9b5-f6f7-4a9e-8c14-8e86092ef86d,osm-car:nest1:223,56.445,23.328452550194918,33.11654744980508,58.67047116627705,67794.6,40171.595291435646,le_60,le_30,Ok,True,79.98371383,125.4931805,False,False,-2.07958714,29.780160749999986,OSRM v26.9.0,2026-09-20T20:22:06Z,CSV mean across outbound route options / 28.7 m/s; not selected GeoJSON path,facility_point; routes supplied separately,saved_le_60,1,,True,False,
nest1:233,nest1,Muhanga,233,Kibogora HSP,-2.326,29.1334,hospital_label,True,unverified,4f7e30c7-ff04-44d7-8896-0c6d14ccd4e4,osm-car:nest1:233,107.75666666666666,46.785520473101336,60.971146193565325,56.58224969242305,147706.1,80564.6662546805,le_120,le_60,Ok,True,79.98371383,37.34519186,False,False,-2.07958714,29.780160749999986,OSRM v26.9.0,2026-09-20T20:22:06Z,CSV mean across outbound route options / 28.7 m/s; not selected GeoJSON path,facility_point; routes supplied separately,saved_gt_60,1,,True,False,
nest1:288,nest1,Muhanga,288,Butaro HC,-1.408643888,29.835944956,health_center_or_clinic_label,True,unverified,92e17f72-6aaf-4dc6-9195-83f661a04699,osm-car:nest1:288,125.73,45.92951215710631,79.80048784289369,63.46972706823645,123124.2,79090.61993453707,gt_120,le_60,Ok,True,79.98371383,15.14933449,False,False,-2.07958714,29.780160749999986,OSRM v26.9.0,2026-09-20T20:22:06Z,CSV mean across outbound route options / 28.7 m/s; not selected GeoJSON path,facility_point; routes supplied separately,saved_gt_60,1,,True,False,
nest1:289,nest1,Muhanga,289,Cyanika Burera HC,-1.381487321,29.728712778,health_center_or_clinic_label,True,unverified,7b499542-52b0-4164-9a50-32a2969d1de4,osm-car:nest1:289,117.91166666666666,47.46275385662754,70.44891281003912,59.74719449025891,149697.9,81730.86214111264,le_120,le_60,Ok,True,79.98371383,11.66357985,False,False,-2.07958714,29.780160749999986,OSRM v26.9.0,2026-09-20T20:22:06Z,CSV mean across outbound route options / 28.7 m/s; not selected GeoJSON path,facility_point; routes supplied separately,saved_gt_60,1,,True,False,
nest1:290,nest1,Muhanga,290,Ndongozi HC,-1.545773443,29.840270024,health_center_or_clinic_label,True,unverified,5b88bff2-5513-4b6c-a800-d9a72a5e7c63,osm-car:nest1:290,90.21000000000001,39.78320074181576,50.426799258184246,55.89934514819227,102951.5,68506.67167740673,le_120,le_60,Ok,True,79.98371383,154.7620532,False,False,-2.07958714,29.780160749999986,OSRM v26.9.0,2026-09-20T20:22:06Z,CSV mean across outbound route options / 28.7 m/s; not selected GeoJSON path,facility_point; routes supplied separately,saved_le_60,1,,True,False,
nest1:292,nest1,Muhanga,292,Ruhombo HC,-1.509502323,29.774309088,health_center_or_clinic_label,True,unverified,a32cf1be-5940-4e6b-bf71-0f81f10f52ad,osm-car:nest1:292,108.04833333333333,39.49945524290459,68.54887809042874,63.44279081006532,115805.3,68018.0619282817,le_120,le_60,Ok,True,79.98371383,47.205587,False,False,-2.07958714,29.780160749999986,OSRM v26.9.0,2026-09-20T20:22:06Z,CSV mean across outbound route options / 28.7 m/s; not selected GeoJSON path,facility_point; routes supplied separately,saved_gt_60,1,,True,False,
nest1:293,nest1,Muhanga,293,Gitare HC,-1.390731575,29.766627367,health_center_or_clinic_label,True,unverified,2859eeae-3d28-43dd-b3bd-35dd3e89ffc2,osm-car:nest1:293,119.48833333333333,46.27948691688679,73.20884641644653,61.26861457864494,152247.2,79693.27647087905,le_120,le_60,Ok,True,79.98371383,31.34467718,False,False,-2.07958714,29.780160749999986,OSRM v26.9.0,2026-09-20T20:22:06Z,CSV mean across outbound route options / 28.7 m/s; not selected GeoJSON path,facility_point; routes supplied separately,saved_gt_60,1,,True,False,
nest1:294,nest1,Muhanga,294,Kinoni HC,-1.438134,29.727537,health_center_or_clinic_label,True,unverified,857918b8-d190-4a6b-b163-19a9c621a10c,osm-car:nest1:294,112.86833333333334,45.47675515278249,67.39157818055085,59.708136188671915,144365.5,78310.97237309144,le_120,le_60,Ok,True,79.98371383,13.06944459,False,False,-2.07958714,29.780160749999986,OSRM v26.9.0,2026-09-20T20:22:06Z,CSV mean across outbound route options / 28.7 m/s; not selected GeoJSON path,facility_point; routes supplied separately,saved_gt_60,1,,True,False,
nest1:295,nest1,Muhanga,295,Ntaruka Burera HC,-1.470248937,29.739362077,health_center_or_clinic_label,True,unverified,7c2e7b27-481a-4516-8003-781259c3a403,osm-car:nest1:295,113.64166666666667,44.028285566156896,69.61338110050977,61.256916712335354,144170.9,75816.70774492217,le_120,le_60,Ok,True,79.98371383,43.54177271,False,False,-2.07958714,29.780160749999986,OSRM v26.9.0,2026-09-20T20:22:06Z,CSV mean across outbound route options / 28.7 m/s; not selected GeoJSON path,facility_point; routes supplied separately,saved_gt_60,1,,True,False,
nest1:296,nest1,Muhanga,296,Kinyababa HC,-1.368253659,29.813063829,health_center_or_clinic_label,True,unverified,9e325478-7afd-4f82-a253-423a18948f96,osm-car:nest1:296,138.0,49.24555867772917,88.75444132227082,64.31481255237016,162179.2,84800.85204304963,gt_120,le_60,Ok,True,79.98371383,47.6651816,False,False,-2.07958714,29.780160749999986,OSRM v26.9.0,2026-09-20T20:22:06Z,CSV mean across outbound route options / 28.7 m/s; not selected GeoJSON path,facility_point; routes supplied separately,saved_gt_60,1,,True,False,
nest1:300,nest1,Muhanga,300,Rugarama Burera HC,-1.429050751,29.716502066,health_center_or_clinic_label,True,unverified,c6436df8-0564-4f5a-8fc1-eac5b0959f1a,osm-car:nest1:300,108.98,45.12470129800143,63.85529870199857,58.593593964028784,142693.2,77704.73563515846,le_120,le_60,Ok,True,79.98371383,5.397467533,False,False,-2.07958714,29.780160749999986,OSRM v26.9.0,2026-09-20T20:22:06Z,CSV mean across outbound route options / 28.7 m/s; not selected GeoJSON path,facility_point; routes supplied separately,saved_gt_60,1,,True,False,
nest1:301,nest1,Muhanga,301,Mucaca HC,-1.555749654,29.803354533,health_center_or_clinic_label,True,unverified,06dea386-3f20-414d-b12f-2bf76b5f3cd2,osm-car:nest1:301,91.77333333333333,41.87319639393786,49.900136939395466,54.373242342796175,106453.0,72105.644190361,le_120,le_60,Ok,True,79.98371383,23.92408079,False,False,-2.07958714,29.780160749999986,OSRM v26.9.0,2026-09-20T20:22:06Z,CSV mean across outbound route options / 28.7 m/s; not selected GeoJSON path,facility_point; routes supplied separately,saved_le_60,1,,True,False,
nest1:303,nest1,Muhanga,303,Kirambo Burera HC,-1.493811663,29.834290594,health_center_or_clinic_label,True,unverified,f9fa60b3-2d0e-4687-b3dd-d5e4878f7591,osm-car:nest1:303,101.36833333333334,41.49885305413112,59.86948027920222,59.06132448910957,108709.2,71461.02495921378,le_120,le_60,Ok,True,79.98371383,39.50494737,False,False,-2.07958714,29.780160749999986,OSRM v26.9.0,2026-09-20T20:22:06Z,CSV mean across outbound route options / 28.7 m/s; not selected GeoJSON path,facility_point; routes supplied separately,saved_le_60,1,,True,False,
nest1:305,nest1,Muhanga,305,Gahunga HC,-1.450063,29.699747,health_center_or_clinic_label,True,unverified,b87a0eac-3418-4efc-916b-b9b2806417e7,osm-car:nest1:305,105.77833333333334,45.78558730980293,59.99274602353041,56.715533449065255,139526.3,78842.78134748063,le_120,le_60,Ok,True,79.98371383,74.99192779,False,False,-2.07958714,29.780160749999986,OSRM v26.9.0,2026-09-20T20:22:06Z,CSV mean across outbound route options / 28.7 m/s; not selected GeoJSON path,facility_point; routes supplied separately,saved_le_60,1,,True,False,
nest1:306,nest1,Muhanga,306,Busengo hc,-1.624907262,29.70076501,health_center_or_clinic_label,True,unverified,cec7e253-3c7f-49d7-959c-e385edba9259,osm-car:nest1:306,111.00333333333333,31.88261899419092,79.12071433914241,71.27778235411166,131375.0,54901.86990799676,le_120,le_60,Ok,True,79.98371383,55.80954109,False,False,-2.07958714,29.780160749999986,OSRM v26.9.0,2026-09-20T20:22:06Z,CSV mean across outbound route options / 28.7 m/s; not selected GeoJSON path,facility_point; routes supplied separately,saved_gt_60,1,,True,False,
nest1:307,nest1,Muhanga,307,Coko Gakenke HC,-1.764685511,29.822575272,health_center_or_clinic_label,True,unverified,87a87ca6-b3e7-474c-80c6-24ad44c50fcb,osm-car:nest1:307,98.81833333333334,30.197125456015044,68.6212078773183,69.44177822332391,100448.2,51999.450035257905,le_120,le_60,Ok,True,79.98371383,17.19055394,False,False,-2.07958714,29.780160749999986,OSRM v26.9.0,2026-09-20T20:22:06Z,CSV mean across outbound route options / 28.7 m/s; not selected GeoJSON path,facility_point; routes supplied separately,saved_gt_60,1,,True,False,
nest1:308,nest1,Muhanga,308,Nyange Gakenke HC,-1.801462,29.79097,health_center_or_clinic_label,True,unverified,41b1bbb1-b5db-4489-b335-e16b4afda948,osm-car:nest1:308,100.13333333333334,19.84595154656623,80.28738178676711,80.18047448745051,105033.4,34174.72856318705,le_120,le_30,Ok,True,79.98371383,17.39115015,False,False,-2.07958714,29.780160749999986,OSRM v26.9.0,2026-09-20T20:22:06Z,CSV mean across outbound route options / 28.7 m/s; not selected GeoJSON path,facility_point; routes supplied separately,saved_gt_60,1,,True,True,
nest1:309,nest1,Muhanga,309,Cyabingo HC,-1.585818796,29.688245041,health_center_or_clinic_label,True,unverified,dfd3da74-20d5-4350-8bdb-7e442a138d33,osm-car:nest1:309,98.02333333333333,33.709730340097806,64.31360299323552,65.6105039547409,124445.5,58048.155645648425,le_120,le_60,Ok,True,79.98371383,16.02023547,False,False,-2.07958714,29.780160749999986,OSRM v26.9.0,2026-09-20T20:22:06Z,CSV mean across outbound route options / 28.7 m/s; not selected GeoJSON path,facility_point; routes supplied separately,saved_gt_60,1,,True,False,
nest1:310,nest1,Muhanga,310,Nganzo HC,-1.674078944,29.759310611,health_center_or_clinic_label,True,unverified,aa2e52df-7f75-46f6-b46d-1278cff5b45a,osm-car:nest1:310,81.56,27.81130839940453,53.74869160059547,65.90079892176983,103345.2,47891.0730637746,le_120,le_30,Ok,True,79.98371383,58.41115535,False,False,-2.07958714,29.780160749999986,OSRM v26.9.0,2026-09-20T20:22:06Z,CSV mean across outbound route options / 28.7 m/s; not selected GeoJSON path,facility_point; routes supplied separately,saved_le_60,1,,True,True,
nest1:312,nest1,Muhanga,312,Rutenderi HC,-1.667837053,29.853403001,health_center_or_clinic_label,True,unverified,34fce0f8-14ab-4eb3-951d-6178f21faa2c,osm-car:nest1:312,70.96499999999999,31.689469147018997,39.27553085298099,55.34493180156556,90285.0,54569.26587116671,le_120,le_60,Ok,True,79.98371383,32.76012474,False,False,-2.07958714,29.780160749999986,OSRM v26.9.0,2026-09-20T20:22:06Z,CSV mean across outbound route options / 28.7 m/s; not selected GeoJSON path,facility_point; routes supplied separately,saved_le_60,1,,True,False,
nest1:314,nest1,Muhanga,314,Rutake HC,-1.672662569,29.722941828,health_center_or_clinic_label,True,unverified,ee00464c-d431-4e28-8196-79b97decbf91,osm-car:nest1:314,93.45,29.139951742333448,64.31004825766655,68.8176011317994,110061.2,50178.996900298196,le_120,le_30,Ok,True,79.98371383,10.12567308,False,False,-2.07958714,29.780160749999986,OSRM v26.9.0,2026-09-20T20:22:06Z,CSV mean across outbound route options / 28.7 m/s; not selected GeoJSON path,facility_point; routes supplied separately,saved_gt_60,1,,True,True,
nest1:315,nest1,Muhanga,315,Kamubuga HC,-1.588883,29.793899,health_center_or_clinic_label,True,unverified,83cee744-cb1c-4f89-ab07-8d8b59fab27a,osm-car:nest1:315,90.61666666666666,35.11115820494813,55.50550846171853,61.253090080984215,104246.5,60461.41442892069,le_120,le_60,Ok,True,79.98371383,28.26373883,False,False,-2.07958714,29.780160749999986,OSRM v26.9.0,2026-09-20T20:22:06Z,CSV mean across outbound route options / 28.7 m/s; not selected GeoJSON path,facility_point; routes supplied separately,saved_le_60,1,,True,False,
nest1:316,nest1,Muhanga,316,Karambo Gakenke,-1.630188,29.840395,unclassified_review,False,unverified,05061635-c678-43a0-866f-6bd73c5196f6,osm-car:nest1:316,76.73666666666666,32.947503653799615,43.78916301286705,57.064197488641305,91304.7,56735.60129184294,le_120,le_60,Ok,True,79.98371383,44.55379739,False,False,-2.07958714,29.780160749999986,OSRM v26.9.0,2026-09-20T20:22:06Z,CSV mean across outbound route options / 28.7 m/s; not selected GeoJSON path,facility_point; routes supplied separately,saved_le_60,1,,True,False,outside_healthcare_name_screen
nest1:317,nest1,Muhanga,317,Bushoka HC,-1.596913637,29.735842596,health_center_or_clinic_label,True,unverified,1039046e-7c8c-457f-9cc6-c1c21431ac09,osm-car:nest1:317,87.51166666666667,34.001573572611015,53.510093094055655,61.14623927558876,110482.0,58550.709692036166,le_120,le_60,Ok,True,79.98371383,17.93113863,False,False,-2.07958714,29.780160749999986,OSRM v26.9.0,2026-09-20T20:22:06Z,CSV mean across outbound route options / 28.7 m/s; not selected GeoJSON path,facility_point; routes supplied separately,saved_le_60,1,,True,False,
nest1:318,nest1,Muhanga,318,Mataba HC,-1.720201435,29.743531025,health_center_or_clinic_label,True,unverified,d68367bd-0f5c-47a6-908d-9b83b6c95685,osm-car:nest1:318,93.14166666666667,24.954751837520877,68.18691482914579,73.20774608121584,110824.2,42972.08266421095,le_120,le_30,Ok,True,79.98371383,10.87903336,False,False,-2.07958714,29.780160749999986,OSRM v26.9.0,2026-09-20T20:22:06Z,CSV mean across outbound route options / 28.7 m/s; not selected GeoJSON path,facility_point; routes supplied separately,saved_gt_60,1,,True,True,
nest1:319,nest1,Muhanga,319,Minazi HC,-1.734064735,29.794586909,health_center_or_clinic_label,True,unverified,886d948a-850b-4109-ba09-82adfaad2ea2,osm-car:nest1:319,100.35833333333333,32.48935599526133,67.868977338072,67.62664851422934,99515.8,55946.671023840005,le_120,le_60,Ok,True,79.98371383,32.75245301,False,False,-2.07958714,29.780160749999986,OSRM v26.9.0,2026-09-20T20:22:06Z,CSV mean across outbound route options / 28.7 m/s; not selected GeoJSON path,facility_point; routes supplied separately,saved_gt_60,1,,True,False,
nest1:320,nest1,Muhanga,320,Gatonde HC,-1.6590795,29.6648911,health_center_or_clinic_label,True,unverified,cefc9d0c-690c-4b3d-b0e0-6516edc4aef3,osm-car:nest1:320,108.14,29.808074322295244,78.33192567770476,72.43566273137115,92445.4,51329.50398299241,le_120,le_30,Ok,True,79.98371383,23.48264063,False,False,-2.07958714,29.780160749999986,OSRM v26.9.0,2026-09-20T20:22:06Z,CSV mean across outbound route options / 28.7 m/s; not selected GeoJSON path,facility_point; routes supplied separately,saved_gt_60,1,,True,True,
nest1:321,nest1,Muhanga,321,Muyongwe HC,-1.726576673,29.874695429,health_center_or_clinic_label,True,unverified,87e2bbfe-f0f6-43e6-85fe-3e7ec70da32e,osm-car:nest1:321,74.62666666666668,27.010509599738576,47.6161570669281,63.805820618538625,85962.2,46512.09753074983,le_120,le_30,Ok,True,79.98371383,12.70543891,False,False,-2.07958714,29.780160749999986,OSRM v26.9.0,2026-09-20T20:22:06Z,CSV mean across outbound route options / 28.7 m/s; not selected GeoJSON path,facility_point; routes supplied separately,saved_le_60,1,,True,True,
nest1:322,nest1,Muhanga,322,Rusoro HC,-1.712486334,29.679465863,health_center_or_clinic_label,True,unverified,f923ded4-11d4-4232-9ace-32ea22e012b0,osm-car:nest1:322,99.03500000000001,25.808643258025942,73.22635674197407,73.9398765506882,82442.1,44442.483690320674,le_120,le_30,Ok,True,79.98371383,13.25836882,False,False,-2.07958714,29.780160749999986,OSRM v26.9.0,2026-09-20T20:22:06Z,CSV mean across outbound route options / 28.7 m/s; not selected GeoJSON path,facility_point; routes supplied separately,saved_gt_60,1,,True,True,
nest1:325,nest1,Muhanga,325,Nyundo Gakenke HC,-1.604138,29.658527,health_center_or_clinic_label,True,unverified,0ca99832-9c8a-455e-bdef-2ab6c41059fb,osm-car:nest1:325,107.61999999999999,32.88171205580573,74.73828794419427,69.4464671475509,128460.8,56622.30816009747,le_120,le_60,Ok,True,79.98371383,43.17195133,False,False,-2.07958714,29.780160749999986,OSRM v26.9.0,2026-09-20T20:22:06Z,CSV mean across outbound route options / 28.7 m/s; not selected GeoJSON path,facility_point; routes supplied separately,saved_gt_60,1,,True,False,
nest1:327,nest1,Muhanga,327,Rwankuba HC,-1.758311419,29.864021254,health_center_or_clinic_label,True,unverified,d8a885db-19a1-4b6d-8a9a-f4154a77c5a7,osm-car:nest1:327,75.94833333333332,26.73690482408103,49.21142850925229,64.79592948177792,80304.9,46040.95010706753,le_120,le_30,Ok,True,79.98371383,0.8008235708,False,False,-2.07958714,29.780160749999986,OSRM v26.9.0,2026-09-20T20:22:06Z,CSV mean across outbound route options / 28.7 m/s; not selected GeoJSON path,facility_point; routes supplied separately,saved_le_60,1,,True,True,
nest1:328,nest1,Muhanga,328,Muhondo Gakenke HC,-1.799962032,29.895730377,health_center_or_clinic_label,True,unverified,33f3a6e7-8e50-4e54-9739-13b143f5363b,osm-car:nest1:328,60.20166666666667,25.942580369346146,34.25908629732052,56.90720572075057,70911.7,44673.12339601406,le_120,le_30,Ok,True,79.98371383,33.15969909,False,False,-2.07958714,29.780160749999986,OSRM v26.9.0,2026-09-20T20:22:06Z,CSV mean across outbound route options / 28.7 m/s; not selected GeoJSON path,facility_point; routes supplied separately,saved_le_60,1,,True,True,
nest1:338,nest1,Muhanga,338,Miyove HC,-1.616198,29.979044,health_center_or_clinic_label,True,unverified,789b4436-e09e-4b7e-b5fb-20587d9e97e0,osm-car:nest1:338,88.74833333333332,41.208968708676736,47.539364624656585,53.56648721064049,105472.8,70961.84411634134,le_120,le_60,Ok,True,79.98371383,26.71457441,False,False,-2.07958714,29.780160749999986,OSRM v26.9.0,2026-09-20T20:22:06Z,CSV mean across outbound route options / 28.7 m/s; not selected GeoJSON path,facility_point; routes supplied separately,saved_le_60,1,,True,False,
nest1:350,nest1,Muhanga,350,Musenyi HC,-1.705826414,30.098891141,health_center_or_clinic_label,True,unverified,92523b3d-0cf2-4c29-8bb3-353f0b6cbf88,osm-car:nest1:350,63.644999999999996,35.03293449141893,28.61206550858107,44.95571609487166,81633.6,60326.71319422339,le_120,le_60,Ok,True,79.98371383,9.811873388,False,False,-2.07958714,29.780160749999986,OSRM v26.9.0,2026-09-20T20:22:06Z,CSV mean across outbound route options / 28.7 m/s; not selected GeoJSON path,facility_point; routes supplied separately,saved_le_30,1,,True,False,
nest1:354,nest1,Muhanga,354,Gishubi  Hc,-2.585917,29.873306,health_center_or_clinic_label,True,unverified,1031d407-90ea-4b2a-9672-fb41fae864da,osm-car:nest1:354,81.61666666666666,34.289091656967074,47.327575009699586,57.98763529879468,90681.6,59045.815833297296,le_120,le_60,Ok,True,79.98371383,73.39979538,False,False,-2.07958714,29.780160749999986,OSRM v26.9.0,2026-09-20T20:22:06Z,CSV mean across outbound route options / 28.7 m/s; not selected GeoJSON path,facility_point; routes supplied separately,saved_le_60,1,,True,False,
nest1:355,nest1,Muhanga,355,Gikore HC,-2.733306,29.794417,health_center_or_clinic_label,True,unverified,eaf6df1f-cd2e-48af-9e2f-ae298f42511d,osm-car:nest1:355,91.67166666666667,46.954207696544465,44.7174589701222,48.780021784399615,100146.6,80855.14565344957,le_120,le_60,Ok,True,79.98371383,11.7355711,False,False,-2.07958714,29.780160749999986,OSRM v26.9.0,2026-09-20T20:22:06Z,CSV mean across outbound route options / 28.7 m/s; not selected GeoJSON path,facility_point; routes supplied separately,saved_le_60,1,,True,False,
nest1:356,nest1,Muhanga,356,Kansi HC,-2.701172688,29.751081839,health_center_or_clinic_label,True,unverified,0593e354-da7d-48c5-9c22-190c43f0a0c6,osm-car:nest1:356,73.77,43.34605802580864,30.423941974191358,41.24161850913835,92708.9,74641.91192044248,le_120,le_60,Ok,True,79.98371383,0.0,False,False,-2.07958714,29.780160749999986,OSRM v26.9.0,2026-09-20T20:22:06Z,CSV mean across outbound route options / 28.7 m/s; not selected GeoJSON path,facility_point; routes supplied separately,saved_le_60,1,,True,False,
nest1:357,nest1,Muhanga,357,Agahabwa HC,-2.7322556,29.7305985,health_center_or_clinic_label,True,unverified,21b482e5-9849-4384-9310-3936a9b2786a,osm-car:nest1:357,76.46499999999999,45.93441282443807,30.53058717556192,39.927531779980285,97430.5,79099.05888368236,le_120,le_60,Ok,True,79.98371383,82.41045554,False,False,-2.07958714,29.780160749999986,OSRM v26.9.0,2026-09-20T20:22:06Z,CSV mean across outbound route options / 28.7 m/s; not selected GeoJSON path,facility_point; routes supplied separately,saved_le_60,1,,True,False,
nest1:359,nest1,Muhanga,359,Kirarambogo HC,-2.620278393,29.900056379,health_center_or_clinic_label,True,unverified,53e615df-b5db-4f23-823f-835e6554d70c,osm-car:nest1:359,93.345,37.71629069986521,55.62870930013479,59.59473919345952,101634.3,64947.45258516789,le_120,le_60,Ok,True,79.98371383,39.3627034,False,False,-2.07958714,29.780160749999986,OSRM v26.9.0,2026-09-20T20:22:06Z,CSV mean across outbound route options / 28.7 m/s; not selected GeoJSON path,facility_point; routes supplied separately,saved_le_60,1,,True,False,
nest1:360,nest1,Muhanga,360,Mugombwa HC,-2.679472,29.860361,health_center_or_clinic_label,True,unverified,97a81222-2c54-43fa-b786-3db3e57c8e2a,osm-car:nest1:360,80.56833333333334,40.416147249889164,40.15218608344418,49.836188018589816,100391.9,69596.60556430914,le_120,le_60,Ok,True,79.98371383,15.09874867,False,False,-2.07958714,29.780160749999986,OSRM v26.9.0,2026-09-20T20:22:06Z,CSV mean across outbound route options / 28.7 m/s; not selected GeoJSON path,facility_point; routes supplied separately,saved_le_60,1,,True,False,
nest1:361,nest1,Muhanga,361,Kibayi HC,-2.731785781,29.859573873,health_center_or_clinic_label,True,unverified,2e845f21-f106-432b-b409-0b142ba39620,osm-car:nest1:361,96.55666666666666,43.435580306687136,53.12108635997952,55.015451748520235,107612.5,74796.06928811525,le_120,le_60,Ok,True,79.98371383,7.005052594,False,False,-2.07958714,29.780160749999986,OSRM v26.9.0,2026-09-20T20:22:06Z,CSV mean across outbound route options / 28.7 m/s; not selected GeoJSON path,facility_point; routes supplied separately,saved_le_60,1,,True,False,
nest1:362,nest1,Muhanga,362,Musha Gisagara HC,-2.535813077,29.85892641,health_center_or_clinic_label,True,unverified,f42d0132-dd74-4dd6-b3d0-644e889b1d45,osm-car:nest1:362,69.37166666666667,30.912038902264058,38.45962776440261,55.439965064126966,82429.8,53230.53098969871,le_120,le_60,Ok,True,79.98371383,52.70869221,False,False,-2.07958714,29.780160749999986,OSRM v26.9.0,2026-09-20T20:22:06Z,CSV mean across outbound route options / 28.7 m/s; not selected GeoJSON path,facility_point; routes supplied separately,saved_le_60,1,,True,False,
nest1:363,nest1,Muhanga,363,Gisagara HC,-2.599111,29.83831,health_center_or_clinic_label,True,unverified,6b4d9eaa-ac6c-4123-88e9-76d2bdc4be75,osm-car:nest1:363,72.75500000000001,34.736451454273535,38.018548545726475,52.25558180980891,90000.1,59816.169404259024,le_120,le_60,Ok,True,79.98371383,56.09504381,False,False,-2.07958714,29.780160749999986,OSRM v26.9.0,2026-09-20T20:22:06Z,CSV mean across outbound route options / 28.7 m/s; not selected GeoJSON path,facility_point; routes supplied separately,saved_le_60,1,,True,False,
nest1:364,nest1,Muhanga,364,Kigembe HC,-2.779378616,29.737273974,health_center_or_clinic_label,True,unverified,4823d5c1-1fc7-492c-8bbe-f668f0e05246,osm-car:nest1:364,85.93333333333334,49.381742702110564,36.55159063122277,42.534822301655666,105134.0,85035.36093303439,le_120,le_60,Ok,True,79.98371383,19.06290351,False,False,-2.07958714,29.780160749999986,OSRM v26.9.0,2026-09-20T20:22:06Z,CSV mean across outbound route options / 28.7 m/s; not selected GeoJSON path,facility_point; routes supplied separately,saved_le_60,1,,True,False,
nest1:367,nest1,Muhanga,367,Karama Huye HC,-2.612441828,29.643354774,health_center_or_clinic_label,True,unverified,0d16a008-9653-4041-aeac-a17dfd30ff73,osm-car:nest1:367,72.325,40.31206109766931,32.012938902330696,44.262618599835044,93551.2,69417.36921018655,le_120,le_60,Ok,True,79.98371383,70.96273998,False,False,-2.07958714,29.780160749999986,OSRM v26.9.0,2026-09-20T20:22:06Z,CSV mean across outbound route options / 28.7 m/s; not selected GeoJSON path,facility_point; routes supplied separately,saved_le_60,1,,True,False,
nest1:368,nest1,Muhanga,368,Kinyamakara HC,-2.472707,29.64817,health_center_or_clinic_label,True,unverified,1e8bc919-f404-4f72-b2da-23d967a5a17d,osm-car:nest1:368,71.03999999999999,27.706069423430968,43.333930576569024,60.999339212512716,69131.4,47709.85154714813,le_120,le_30,Ok,True,79.98371383,47.81623242,False,False,-2.07958714,29.780160749999986,OSRM v26.9.0,2026-09-20T20:22:06Z,CSV mean across outbound route options / 28.7 m/s; not selected GeoJSON path,facility_point; routes supplied separately,saved_le_60,1,,True,True,
nest1:369,nest1,Muhanga,369,Maraba Huye HC,-2.52269057278646,29.6350959204097,health_center_or_clinic_label,True,unverified,6c1b19a7-ad9c-4a4e-be54-c64ef99beb65,osm-car:nest1:369,75.60333333333332,32.517009261503894,43.08632407182943,56.98997937281791,96232.6,55994.2899483097,le_120,le_60,Ok,True,79.98371383,11.36105435,False,False,-2.07958714,29.780160749999986,OSRM v26.9.0,2026-09-20T20:22:06Z,CSV mean across outbound route options / 28.7 m/s; not selected GeoJSON path,facility_point; routes supplied separately,saved_le_60,1,,True,False,
nest1:370,nest1,Muhanga,370,Ruhashya HC,-2.479836321,29.729274724,health_center_or_clinic_label,True,unverified,c69676b3-d946-48b5-8794-48b9d3408a12,osm-car:nest1:370,50.873333333333335,29.134636334916234,21.7386969984171,42.731025419506814,65473.4,50169.843768725754,le_60,le_30,Ok,True,79.98371383,77.17695474,False,False,-2.07958714,29.780160749999986,OSRM v26.9.0,2026-09-20T20:22:06Z,CSV mean across outbound route options / 28.7 m/s; not selected GeoJSON path,facility_point; routes supplied separately,saved_le_30,1,,True,False,
nest1:371,nest1,Muhanga,371,Rubona Huye HC,-2.477158979,29.768814387,health_center_or_clinic_label,True,unverified,2c8543d3-f7f7-4107-8102-3221ef95d581,osm-car:nest1:371,47.24166666666667,27.651454136623684,19.590212530042983,41.46808085385708,63974.1,47615.804023265984,le_60,le_30,Ok,True,79.98371383,16.87865045,False,False,-2.07958714,29.780160749999986,OSRM v26.9.0,2026-09-20T20:22:06Z,CSV mean across outbound route options / 28.7 m/s; not selected GeoJSON path,facility_point; routes supplied separately,saved_le_30,1,,True,False,
nest1:372,nest1,Muhanga,372,Rusatira-Kinazi HC,-2.432054056,29.774084003,health_center_or_clinic_label,True,unverified,c8303939-20d3-4408-9a70-73fed14a38fa,osm-car:nest1:372,43.93333333333333,23.81397774412533,20.119355589208,45.795194816103184,57037.7,41007.66967538382,le_60,le_30,Ok,True,79.98371383,47.5061291,False,False,-2.07958714,29.780160749999986,OSRM v26.9.0,2026-09-20T20:22:06Z,CSV mean across outbound route options / 28.7 m/s; not selected GeoJSON path,facility_point; routes supplied separately,saved_le_30,1,,True,False,
nest1:373,nest1,Muhanga,373,Rwaniro HC,-2.456022068,29.715104595,health_center_or_clinic_label,True,unverified,0eb3a9f5-e879-420a-b0ab-b3df5f39ff97,osm-car:nest1:373,58.18333333333333,25.790739562199057,32.39259377113427,55.67332071807667,67979.2,44411.65352610678,le_60,le_30,Ok,True,79.98371383,26.99098225,False,False,-2.07958714,29.780160749999986,OSRM v26.9.0,2026-09-20T20:22:06Z,CSV mean across outbound route options / 28.7 m/s; not selected GeoJSON path,facility_point; routes supplied separately,saved_le_60,1,,True,False,
nest1:374,nest1,Muhanga,374,Simbi HC,-2.51371712341734,29.666430724933267,health_center_or_clinic_label,True,unverified,d8da9c0f-8cff-48e9-99ab-67f79ba833cb,osm-car:nest1:374,73.64333333333335,29.904199012539923,43.739134320793426,59.39320280739613,92510.9,51495.03069959374,le_120,le_30,Ok,True,79.98371383,43.14903573,False,False,-2.07958714,29.780160749999986,OSRM v26.9.0,2026-09-20T20:22:06Z,CSV mean across outbound route options / 28.7 m/s; not selected GeoJSON path,facility_point; routes supplied separately,saved_le_60,1,,True,True,
nest1:375,nest1,Muhanga,375,Busoro-Gishamvu HC,-2.665760429,29.694163911,health_center_or_clinic_label,True,unverified,77a4a64d-7d9c-402a-b9ee-1e6f136d53fc,osm-car:nest1:375,76.675,45.1534147914328,31.521585208567195,41.110642593501396,96908.9,77754.18027084728,le_120,le_60,Ok,True,79.98371383,28.17934098,False,False,-2.07958714,29.780160749999986,OSRM v26.9.0,2026-09-20T20:22:06Z,CSV mean across outbound route options / 28.7 m/s; not selected GeoJSON path,facility_point; routes supplied separately,saved_le_60,1,,True,False,
nest1:379,nest1,Muhanga,379,CHUB/Butare,-2.612578992,29.735265545,hospital_label,True,unverified,2762de8d-1269-4b52-bc5d-e8d87027fa24,osm-car:nest1:379,60.855000000000004,40.57727338749726,20.277726612502747,33.32138133678867,81588.1,69874.06477327028,le_120,le_60,Ok,True,79.98371383,89.68722606,False,False,-2.07958714,29.780160749999986,OSRM v26.9.0,2026-09-20T20:22:06Z,CSV mean across outbound route options / 28.7 m/s; not selected GeoJSON path,facility_point; routes supplied separately,saved_le_30,1,,True,False,
nest1:382,nest1,Muhanga,382,Kabutare DH,-2.607477423,29.748026651,hospital_label,True,unverified,d3ca1a87-e981-461f-b7e4-de683cac9d27,osm-car:nest1:382,59.52833333333333,39.79106257483257,19.737270758500756,33.15609501106043,81120.8,68520.20975386168,le_60,le_60,Ok,True,79.98371383,94.79286814,False,False,-2.07958714,29.780160749999986,OSRM v26.9.0,2026-09-20T20:22:06Z,CSV mean across outbound route options / 28.7 m/s; not selected GeoJSON path,facility_point; routes supplied separately,saved_le_30,1,,True,False,
nest1:386,nest1,Muhanga,386,Kamonyi HC,-2.004350366,29.905784998,health_center_or_clinic_label,True,unverified,335ba47b-f525-4fe0-ba45-fe2745fd3541,osm-car:nest1:386,15.906666666666666,15.39440155095087,0.5122651157157971,3.220442890082547,21727.2,26509.159470737395,le_30,le_30,Ok,True,79.98371383,31.79956048,False,False,-2.07958714,29.780160749999986,OSRM v26.9.0,2026-09-20T20:22:06Z,CSV mean across outbound route options / 28.7 m/s; not selected GeoJSON path,facility_point; routes supplied separately,saved_le_15,1,,True,False,
nest1:387,nest1,Muhanga,387,Karama Kamonyi HC,-1.945958936,29.86153201,health_center_or_clinic_label,True,unverified,266422b6-7527-4105-942b-55a48e297c1f,osm-car:nest1:387,30.575,13.042092834479787,17.532907165520214,57.34393185779302,30935.5,22458.483860974193,le_60,le_15,Ok,True,79.98371383,8.084271997,False,False,-2.07958714,29.780160749999986,OSRM v26.9.0,2026-09-20T20:22:06Z,CSV mean across outbound route options / 28.7 m/s; not selected GeoJSON path,facility_point; routes supplied separately,saved_le_30,1,,True,False,
nest1:388,nest1,Muhanga,388,Kayenzi HC,-1.909541618,29.853736619,health_center_or_clinic_label,True,unverified,1f174d31-7683-4a5b-866d-1caf255e576b,osm-car:nest1:388,39.25666666666667,13.767580675863888,25.489085990802778,64.92931813909173,36488.6,23707.773923837616,le_60,le_15,Ok,True,79.98371383,21.35401361,False,False,-2.07958714,29.780160749999986,OSRM v26.9.0,2026-09-20T20:22:06Z,CSV mean across outbound route options / 28.7 m/s; not selected GeoJSON path,facility_point; routes supplied separately,saved_le_30,1,,True,False,
nest1:391,nest1,Muhanga,391,Musambira HC,-2.048597,29.844125,health_center_or_clinic_label,True,unverified,0422f32a-b977-48c9-b951-4fa9ed754fd1,osm-car:nest1:391,9.93,7.890778695752625,2.0392213042473744,20.535964796046066,12158.7,13587.92091408602,le_15,le_15,Ok,True,79.98371383,35.26025409,False,False,-2.07958714,29.780160749999986,OSRM v26.9.0,2026-09-20T20:22:06Z,CSV mean across outbound route options / 28.7 m/s; not selected GeoJSON path,facility_point; routes supplied separately,saved_le_15,1,,True,False,
nest1:392,nest1,Muhanga,392,Kabuga Kamonyi HC,-1.884724957,29.93806799,health_center_or_clinic_label,True,unverified,5362b1da-7e1e-4b0d-a93e-84dc7d19ab84,osm-car:nest1:392,47.405,24.678043637746093,22.726956362253908,47.94210813680816,42350.1,42495.59114419877,le_60,le_30,Ok,True,79.98371383,85.79922657,False,False,-2.07958714,29.780160749999986,OSRM v26.9.0,2026-09-20T20:22:06Z,CSV mean across outbound route options / 28.7 m/s; not selected GeoJSON path,facility_point; routes supplied separately,saved_le_30,1,,True,False,
nest1:393,nest1,Muhanga,393,Karangara HC,-1.897755226,29.901044896,health_center_or_clinic_label,True,unverified,61ec18ca-30f5-40fd-bcbe-e6a93bbcd830,osm-car:nest1:393,37.513333333333335,16.053910047589202,21.459423285744133,57.20478928135098,35328.8,27644.833101948607,le_60,le_30,Ok,True,79.98371383,18.15186171,False,False,-2.07958714,29.780160749999986,OSRM v26.9.0,2026-09-20T20:22:06Z,CSV mean across outbound route options / 28.7 m/s; not selected GeoJSON path,facility_point; routes supplied separately,saved_le_30,1,,True,False,
nest1:394,nest1,Muhanga,394,Nyamiyaga Kamonyi HC,-2.062621835,29.901080765,health_center_or_clinic_label,True,unverified,a2afcfee-2daa-4714-ba10-0bc0ee64a0f3,osm-car:nest1:394,22.366666666666667,10.235673800384717,12.13099286628195,54.23692786713241,23930.9,17625.830284262483,le_30,le_15,Ok,True,79.98371383,84.36386084,False,False,-2.07958714,29.780160749999986,OSRM v26.9.0,2026-09-20T20:22:06Z,CSV mean across outbound route options / 28.7 m/s; not selected GeoJSON path,facility_point; routes supplied separately,saved_le_15,1,,True,False,
nest1:395,nest1,Muhanga,395,Nyagihamba HC,-2.091788131,29.86650143,health_center_or_clinic_label,True,unverified,c8142206-e213-41db-946e-34ea439d3c0e,osm-car:nest1:395,26.203333333333333,11.752412432110736,14.450920901222597,55.14917021201856,14264.8,20237.65420809469,le_30,le_15,Ok,True,79.98371383,17.87976723,False,False,-2.07958714,29.780160749999986,OSRM v26.9.0,2026-09-20T20:22:06Z,CSV mean across outbound route options / 28.7 m/s; not selected GeoJSON path,facility_point; routes supplied separately,saved_le_15,1,,True,False,
nest1:396,nest1,Muhanga,396,Kigese HC,-2.014406543,29.971140386,health_center_or_clinic_label,True,unverified,37bba502-c2df-48ed-b800-005f8f00fec0,osm-car:nest1:396,28.811666666666667,16.657392401122184,12.154274265544483,42.18525226659739,37212.3,28684.029714732398,le_30,le_30,Ok,True,79.98371383,21.80423021,False,False,-2.07958714,29.780160749999986,OSRM v26.9.0,2026-09-20T20:22:06Z,CSV mean across outbound route options / 28.7 m/s; not selected GeoJSON path,facility_point; routes supplied separately,saved_le_15,1,,True,False,
nest1:398,nest1,Muhanga,398,Remera Rukoma DH,-1.938913677,29.909493091,hospital_label,True,unverified,51ce96c7-c199-485d-8016-2db366a969a2,osm-car:nest1:398,28.956666666666667,16.913531124786036,12.04313554188063,41.59019986835719,29789.3,29125.10059688155,le_30,le_30,Ok,True,79.98371383,38.91986387,False,False,-2.07958714,29.780160749999986,OSRM v26.9.0,2026-09-20T20:22:06Z,CSV mean across outbound route options / 28.7 m/s; not selected GeoJSON path,facility_point; routes supplied separately,saved_le_15,1,,True,False,
nest1:399,nest1,Muhanga,399,Gihara HC,-1.944608945,29.961876823,health_center_or_clinic_label,True,unverified,c7a9ae59-0ca8-4bc0-98fb-0dc030d83001,osm-car:nest1:399,29.361666666666668,18.707176285039246,10.654490381627422,36.287076284137214,33015.9,32213.75756283758,le_30,le_30,Ok,True,79.98371383,29.11794295,False,False,-2.07958714,29.780160749999986,OSRM v26.9.0,2026-09-20T20:22:06Z,CSV mean across outbound route options / 28.7 m/s; not selected GeoJSON path,facility_point; routes supplied separately,saved_le_15,2,nest1:399;nest1:19204,False,False,identical_coordinate_group
nest1:402,nest1,Muhanga,402,Buramba HC,-1.96664,29.71639,health_center_or_clinic_label,True,unverified,f1db71f5-ccca-484f-a809-51520460f894,osm-car:nest1:402,26.236666666666668,9.743391146810668,16.493275519856,62.86345643446575,27429.7,16778.11955480797,le_30,le_15,Ok,True,79.98371383,11.47763169,False,False,-2.07958714,29.780160749999986,OSRM v26.9.0,2026-09-20T20:22:06Z,CSV mean across outbound route options / 28.7 m/s; not selected GeoJSON path,facility_point; routes supplied separately,saved_le_30,1,,True,False,
nest1:403,nest1,Muhanga,403,Gitega HC,-1.848960098,29.691652529,health_center_or_clinic_label,True,unverified,6248c6cf-1297-45a9-bc17-bf23f694ce3a,osm-car:nest1:403,49.54833333333333,17.63485370791871,31.91347962541462,64.40878527783906,44448.4,30367.218085036024,le_60,le_30,Ok,True,79.98371383,16.17897978,False,False,-2.07958714,29.780160749999986,OSRM v26.9.0,2026-09-20T20:22:06Z,CSV mean across outbound route options / 28.7 m/s; not selected GeoJSON path,facility_point; routes supplied separately,saved_le_60,1,,True,False,
nest1:405,nest1,Muhanga,405,Mata HC,-2.040073655,29.741469076,health_center_or_clinic_label,True,unverified,cefbeae9-34ec-494a-b167-fc0656c8cbae,osm-car:nest1:405,10.733333333333333,5.6613836035910134,5.071949729742319,47.25419002865515,10382.0,9748.902565383723,le_15,le_15,Ok,True,79.98371383,7.749004866,False,False,-2.07958714,29.780160749999986,OSRM v26.9.0,2026-09-20T20:22:06Z,CSV mean across outbound route options / 28.7 m/s; not selected GeoJSON path,facility_point; routes supplied separately,saved_le_15,1,,True,False,
nest1:406,nest1,Muhanga,406,Mushishiro HC,-2.002785151,29.684591373,health_center_or_clinic_label,True,unverified,c730d880-d516-4751-81fd-d2af50999520,osm-car:nest1:406,24.56833333333333,9.963616584479665,14.604716748853667,59.44528898522624,24987.9,17157.34775847398,le_30,le_15,Ok,True,79.98371383,43.0588993,False,False,-2.07958714,29.780160749999986,OSRM v26.9.0,2026-09-20T20:22:06Z,CSV mean across outbound route options / 28.7 m/s; not selected GeoJSON path,facility_point; routes supplied separately,saved_le_15,1,,True,False,
nest1:407,nest1,Muhanga,407,Nyabinoni HC,-1.773262035,29.683627612,health_center_or_clinic_label,True,unverified,a6f322d8-2c5c-4390-adbc-5c54ee1e287f,osm-car:nest1:407,70.66166666666666,22.53336680998952,48.128299856677145,68.11090387057172,62301.9,38802.45764680195,le_120,le_30,Ok,True,79.98371383,32.68060714,False,False,-2.07958714,29.780160749999986,OSRM v26.9.0,2026-09-20T20:22:06Z,CSV mean across outbound route options / 28.7 m/s; not selected GeoJSON path,facility_point; routes supplied separately,saved_le_60,1,,True,True,
nest1:408,nest1,Muhanga,408,Kabgayi HC,-2.101056,29.752929,health_center_or_clinic_label,True,unverified,d8e6b18e-afd3-4738-8900-5a2d80e66a20,osm-car:nest1:408,5.816666666666666,4.645164689772212,1.1715019768944543,20.14043513285595,6409.8,7998.973595787749,le_15,le_15,Ok,True,79.98371383,37.42164002,False,False,-2.07958714,29.780160749999986,OSRM v26.9.0,2026-09-20T20:22:06Z,CSV mean across outbound route options / 28.7 m/s; not selected GeoJSON path,facility_point; routes supplied separately,saved_le_15,1,,True,False,
nest1:409,nest1,Muhanga,409,Gikomero HC,-2.058013611,29.675075776,health_center_or_clinic_label,True,unverified,b96436a2-f1e2-44d0-a446-8530681ce6a3,osm-car:nest1:409,16.888333333333332,8.114454271389919,8.773879061943413,51.9523086663974,16591.0,13973.09025533344,le_30,le_15,Ok,True,79.98371383,31.56826196,False,False,-2.07958714,29.780160749999986,OSRM v26.9.0,2026-09-20T20:22:06Z,CSV mean across outbound route options / 28.7 m/s; not selected GeoJSON path,facility_point; routes supplied separately,saved_le_15,1,,True,False,
nest1:410,nest1,Muhanga,410,Nyarusange Muhanga HC,-2.08853499771148,29.6842423526172,health_center_or_clinic_label,True,unverified,ce44af38-980a-48e3-b703-8fac85fcacd8,osm-car:nest1:410,12.935,8.89628188685069,4.03871811314931,31.223178300342557,17233.5,15319.397409156889,le_15,le_15,Ok,True,79.98371383,8.577641672,False,False,-2.07958714,29.780160749999986,OSRM v26.9.0,2026-09-20T20:22:06Z,CSV mean across outbound route options / 28.7 m/s; not selected GeoJSON path,facility_point; routes supplied separately,saved_le_15,1,,True,False,
nest1:411,nest1,Muhanga,411,Gasagara HC,-1.833215958,29.779369535,health_center_or_clinic_label,True,unverified,3729d57f-47f4-442b-b58e-1480f9063658,osm-car:nest1:411,61.419999999999995,17.57248632224648,43.84751367775351,71.38963477328805,51517.4,30259.821446908434,le_120,le_30,Ok,True,79.98371383,7.677971067,False,False,-2.07958714,29.780160749999986,OSRM v26.9.0,2026-09-20T20:22:06Z,CSV mean across outbound route options / 28.7 m/s; not selected GeoJSON path,facility_point; routes supplied separately,saved_le_60,1,,True,True,
nest1:412,nest1,Muhanga,412,Gasovu HC,-1.912792537,29.677850978,health_center_or_clinic_label,True,unverified,7fe0cec4-fcc4-420f-ba3c-7529b5537f31,osm-car:nest1:412,38.233333333333334,16.30211548757244,21.931217845760894,57.36151136641907,40477.5,28072.24286959974,le_60,le_30,Ok,True,79.98371383,87.98258742,False,False,-2.07958714,29.780160749999986,OSRM v26.9.0,2026-09-20T20:22:06Z,CSV mean across outbound route options / 28.7 m/s; not selected GeoJSON path,facility_point; routes supplied separately,saved_le_30,1,,True,False,
nest1:413,nest1,Muhanga,413,Rugendabali HC,-1.9491315,29.6775581,health_center_or_clinic_label,True,unverified,f3399384-367d-4573-9019-fcb87ee36010,osm-car:nest1:413,30.526666666666664,12.860253234352218,17.666413432314446,57.8720684613926,33385.1,22145.356069554517,le_60,le_15,Ok,True,79.98371383,49.5629708,False,False,-2.07958714,29.780160749999986,OSRM v26.9.0,2026-09-20T20:22:06Z,CSV mean across outbound route options / 28.7 m/s; not selected GeoJSON path,facility_point; routes supplied separately,saved_le_30,1,,True,False,
nest1:416,nest1,Muhanga,416,Shyogwe HC,-2.125356593,29.777584956,health_center_or_clinic_label,True,unverified,fd77c97a-866e-43ee-b5de-d3c3fe8b6f98,osm-car:nest1:416,15.458333333333334,6.4342378344415545,9.024095498891779,58.37689810603845,10918.6,11079.757550908356,le_30,le_15,Ok,True,79.98371383,28.25926725,False,False,-2.07958714,29.780160749999986,OSRM v26.9.0,2026-09-20T20:22:06Z,CSV mean across outbound route options / 28.7 m/s; not selected GeoJSON path,facility_point; routes supplied separately,saved_le_15,1,,True,False,
nest1:417,nest1,Muhanga,417,Busogo HC,-1.554487085,29.539975873,health_center_or_clinic_label,True,unverified,1a1b3d3b-4315-4d34-b9bd-b3e937507921,osm-car:nest1:417,109.08999999999999,39.04876660222465,70.04123339777533,64.20499898961897,115678.9,67241.97608903085,le_120,le_60,Ok,True,79.98371383,13.57768249,False,False,-2.07958714,29.780160749999986,OSRM v26.9.0,2026-09-20T20:22:06Z,CSV mean across outbound route options / 28.7 m/s; not selected GeoJSON path,facility_point; routes supplied separately,saved_gt_60,1,,True,False,
nest1:418,nest1,Muhanga,418,Gashaki HC,-1.539774151,29.750600752,health_center_or_clinic_label,True,unverified,26970f3b-5ac2-4953-a68a-d52de1e46c18,osm-car:nest1:418,99.08,38.32069892438742,60.759301075612576,61.32347706460696,117236.5,65988.24354779514,le_120,le_60,Ok,True,79.98371383,44.76542894,False,False,-2.07958714,29.780160749999986,OSRM v26.9.0,2026-09-20T20:22:06Z,CSV mean across outbound route options / 28.7 m/s; not selected GeoJSON path,facility_point; routes supplied separately,saved_gt_60,1,,True,False,
nest1:419,nest1,Muhanga,419,Bisate HC,-1.456573434,29.525208624,health_center_or_clinic_label,True,unverified,a98903fc-1bbc-4816-96e6-1f3031b8e533,osm-car:nest1:419,113.06666666666666,45.22642053772037,67.84024612894629,60.000217684799196,147342.2,77879.89616595447,le_120,le_60,Ok,True,79.98371383,9.648698623,False,False,-2.07958714,29.780160749999986,OSRM v26.9.0,2026-09-20T20:22:06Z,CSV mean across outbound route options / 28.7 m/s; not selected GeoJSON path,facility_point; routes supplied separately,saved_gt_60,1,,True,False,
nest1:420,nest1,Muhanga,420,Murandi HC,-1.547259437,29.729147492,health_center_or_clinic_label,True,unverified,76243921-e3a5-4fe0-95da-20483aae9664,osm-car:nest1:420,94.35333333333332,35.660182085137585,58.69315124819574,62.20569976138883,116501.1,61406.83355060692,le_120,le_60,Ok,True,79.98371383,2.147562292,False,False,-2.07958714,29.780160749999986,OSRM v26.9.0,2026-09-20T20:22:06Z,CSV mean across outbound route options / 28.7 m/s; not selected GeoJSON path,facility_point; routes supplied separately,saved_le_60,1,,True,False,
nest1:434,nest1,Muhanga,434,Gashubi HC,-1.975633862,29.549811064,health_center_or_clinic_label,True,unverified,006c98c6-4a69-42a9-bf3e-60a5b11daabb,osm-car:nest1:434,49.42166666666667,18.980499758314078,30.44116690835259,61.59478010660491,49091.2,32684.420583816842,le_60,le_30,Ok,True,79.98371383,36.7349505,False,False,-2.07958714,29.780160749999986,OSRM v26.9.0,2026-09-20T20:22:06Z,CSV mean across outbound route options / 28.7 m/s; not selected GeoJSON path,facility_point; routes supplied separately,saved_le_60,1,,True,False,
nest1:436,nest1,Muhanga,436,Rubona Ngororero HC,-1.96123067308426,29.6522873033713,health_center_or_clinic_label,True,unverified,d991595c-1052-4a71-b652-db002d102d60,osm-car:nest1:436,40.15333333333333,12.404851902711297,27.748481430622032,69.10629610814055,38862.5,21361.154976468853,le_60,le_15,Ok,True,79.98371383,52.54855814,False,False,-2.07958714,29.780160749999986,OSRM v26.9.0,2026-09-20T20:22:06Z,CSV mean across outbound route options / 28.7 m/s; not selected GeoJSON path,facility_point; routes supplied separately,saved_le_30,1,,True,False,
nest1:438,nest1,Muhanga,438,Muramba HC,-1.770587251,29.612670624,health_center_or_clinic_label,True,unverified,d19c546a-a895-4287-93c2-67fafea0d1ad,osm-car:nest1:438,65.79166666666667,25.419909866971622,40.37175679969505,61.363024901373095,70284.4,43773.08479092513,le_120,le_30,Ok,True,79.98371383,2.236419111,False,False,-2.07958714,29.780160749999986,OSRM v26.9.0,2026-09-20T20:22:06Z,CSV mean across outbound route options / 28.7 m/s; not selected GeoJSON path,facility_point; routes supplied separately,saved_le_60,1,,True,True,
nest1:440,nest1,Muhanga,440,Kageyo Ngororero HC,-1.871493833,29.588675241,health_center_or_clinic_label,True,unverified,2ee2e69a-bc30-4e9d-a98c-1b81123ef448,osm-car:nest1:440,58.815000000000005,20.399397812357467,38.415602187642534,65.31599453820034,58344.9,35127.76303287956,le_60,le_30,Ok,True,79.98371383,53.93852272,False,False,-2.07958714,29.780160749999986,OSRM v26.9.0,2026-09-20T20:22:06Z,CSV mean across outbound route options / 28.7 m/s; not selected GeoJSON path,facility_point; routes supplied separately,saved_le_60,1,,True,False,
nest1:441,nest1,Muhanga,441,Ramba HC,-1.87627,29.5297,health_center_or_clinic_label,True,unverified,94c8c58c-326e-4cc2-a186-3f1f4045a279,osm-car:nest1:441,73.52166666666668,21.816379362323662,51.70528730434302,70.32659846894522,67989.6,37567.80526192134,le_120,le_30,Ok,True,79.98371383,39.2654166,False,False,-2.07958714,29.780160749999986,OSRM v26.9.0,2026-09-20T20:22:06Z,CSV mean across outbound route options / 28.7 m/s; not selected GeoJSON path,facility_point; routes supplied separately,saved_le_60,1,,True,True,
nest1:442,nest1,Muhanga,442,Gashonyi HC,-1.762384749,29.649342055,health_center_or_clinic_label,True,unverified,1e50d123-ebc7-47ca-9b7e-df0dc0ba3cf1,osm-car:nest1:442,79.28500000000001,23.985859987272075,55.29914001272793,69.74729143309317,73115.7,41303.65089808251,le_120,le_30,Ok,True,79.98371383,31.18758817,False,False,-2.07958714,29.780160749999986,OSRM v26.9.0,2026-09-20T20:22:06Z,CSV mean across outbound route options / 28.7 m/s; not selected GeoJSON path,facility_point; routes supplied separately,saved_le_60,1,,True,True,
nest1:443,nest1,Muhanga,443,Rubaya Ngororero  HC,-1.796002731,29.48828906,health_center_or_clinic_label,True,unverified,e2d49765-f50f-4d0e-8d32-69e8a1c60524,osm-car:nest1:443,89.235,27.327023429672916,61.90797657032708,69.37633951961347,90193.0,47057.13434589676,le_120,le_30,Ok,True,79.98371383,31.89243853,False,False,-2.07958714,29.780160749999986,OSRM v26.9.0,2026-09-20T20:22:06Z,CSV mean across outbound route options / 28.7 m/s; not selected GeoJSON path,facility_point; routes supplied separately,saved_gt_60,1,,True,True,
nest1:444,nest1,Muhanga,444,Ntaganzwa HC,-1.898944754,29.615765343,health_center_or_clinic_label,True,unverified,a953d5bf-53f2-4afa-8bbb-16c89ee5d805,osm-car:nest1:444,47.945,16.85664393300664,31.08835606699336,64.84170626132727,48467.0,29027.140852637436,le_60,le_30,Ok,True,79.98371383,36.61135672,False,False,-2.07958714,29.780160749999986,OSRM v26.9.0,2026-09-20T20:22:06Z,CSV mean across outbound route options / 28.7 m/s; not selected GeoJSON path,facility_point; routes supplied separately,saved_le_60,1,,True,False,
nest1:445,nest1,Muhanga,445,Ntobwe HC,-1.97628726,29.602392764,health_center_or_clinic_label,True,unverified,a75d680e-56d9-45a1-bff7-95d44f29e632,osm-car:nest1:445,50.825,14.268480822376839,36.556519177623166,71.9262551453481,48736.0,24570.323976132917,le_60,le_15,Ok,True,79.98371383,146.686975,False,False,-2.07958714,29.780160749999986,OSRM v26.9.0,2026-09-20T20:22:06Z,CSV mean across outbound route options / 28.7 m/s; not selected GeoJSON path,facility_point; routes supplied separately,saved_le_60,1,,True,False,
nest1:446,nest1,Muhanga,446,Nyange-A Ngororero HC,-1.835720828,29.646700178,health_center_or_clinic_label,True,unverified,49023428-7258-4787-909c-36c8524cbb04,osm-car:nest1:446,52.75666666666667,19.790695581970464,32.96597108469621,62.486834683824235,54999.7,34079.57779215314,le_60,le_30,Ok,True,79.98371383,7.084693236,False,False,-2.07958714,29.780160749999986,OSRM v26.9.0,2026-09-20T20:22:06Z,CSV mean across outbound route options / 28.7 m/s; not selected GeoJSON path,facility_point; routes supplied separately,saved_le_60,1,,True,False,
nest1:447,nest1,Muhanga,447,Rususa HC,-1.841906663,29.630958879,health_center_or_clinic_label,True,unverified,cdbe0dd6-9a55-4751-aea8-ba279713f147,osm-car:nest1:447,49.66166666666666,19.385380313460722,30.27628635320594,60.96510323832455,53221.1,33381.62489977937,le_60,le_30,Ok,True,79.98371383,59.8171954,False,False,-2.07958714,29.780160749999986,OSRM v26.9.0,2026-09-20T20:22:06Z,CSV mean across outbound route options / 28.7 m/s; not selected GeoJSON path,facility_point; routes supplied separately,saved_le_60,1,,True,False,
nest1:448,nest1,Muhanga,448,Nyange-B Ngororero HC,-2.052410829,29.596382483,health_center_or_clinic_label,True,unverified,eef42358-ca89-408c-b10f-d3720446c416,osm-car:nest1:448,25.131666666666668,13.231766613909864,11.899900052756804,47.35022237319506,32634.5,22785.102109152787,le_30,le_15,Ok,True,79.98371383,31.93726803,False,False,-2.07958714,29.780160749999986,OSRM v26.9.0,2026-09-20T20:22:06Z,CSV mean across outbound route options / 28.7 m/s; not selected GeoJSON path,facility_point; routes supplied separately,saved_le_15,1,,True,False,
nest1:449,nest1,Muhanga,449,Arusha HC,-1.674050922,29.41238651,health_center_or_clinic_label,True,unverified,1bae6059-4d84-4645-bd2c-3a501231b89b,osm-car:nest1:449,109.89333333333335,37.30386748772842,72.58946584560493,66.05447632152838,115494.7,64237.25981386833,le_120,le_60,Ok,True,79.98371383,63.30940317,False,False,-2.07958714,29.780160749999986,OSRM v26.9.0,2026-09-20T20:22:06Z,CSV mean across outbound route options / 28.7 m/s; not selected GeoJSON path,facility_point; routes supplied separately,saved_gt_60,1,,True,False,
nest1:450,nest1,Muhanga,450,Kora HC,-1.6126306664271504,29.449716303815745,health_center_or_clinic_label,True,unverified,50dd8ca0-06b0-4a80-af41-500a335e8eb5,osm-car:nest1:450,102.485,40.16270180103308,62.32229819896692,60.81114133674871,112338.2,69160.17250137895,le_120,le_60,Ok,True,79.98371383,32.90565515,False,False,-2.07958714,29.780160749999986,OSRM v26.9.0,2026-09-20T20:22:06Z,CSV mean across outbound route options / 28.7 m/s; not selected GeoJSON path,facility_point; routes supplied separately,saved_gt_60,1,,True,False,
nest1:451,nest1,Muhanga,451,Kareba HC,-1.583626864,29.476749542,health_center_or_clinic_label,True,unverified,a1ed2810-c95f-4958-9fe0-d6ae9e45da05,osm-car:nest1:451,111.37333333333332,39.219946885531364,72.15338644780195,64.78515483760502,117893.8,67536.748536885,le_120,le_60,Ok,True,79.98371383,58.22234386,False,False,-2.07958714,29.780160749999986,OSRM v26.9.0,2026-09-20T20:22:06Z,CSV mean across outbound route options / 28.7 m/s; not selected GeoJSON path,facility_point; routes supplied separately,saved_gt_60,1,,True,False,
nest1:452,nest1,Muhanga,452,Jomba HC,-1.709437577,29.594773073,health_center_or_clinic_label,True,unverified,64d7e4ec-d8d1-40de-84b7-ed109ef8fca0,osm-car:nest1:452,93.27666666666667,29.56595019339684,63.71071647326983,68.30295158482274,93921.8,50912.56623302936,le_120,le_30,Ok,True,79.98371383,6.176730053,False,False,-2.07958714,29.780160749999986,OSRM v26.9.0,2026-09-20T20:22:06Z,CSV mean across outbound route options / 28.7 m/s; not selected GeoJSON path,facility_point; routes supplied separately,saved_gt_60,1,,True,True,
nest1:453,nest1,Muhanga,453,Kabatwa HC,-1.550194888,29.392821383,health_center_or_clinic_label,True,unverified,2f995ea4-bbbe-42f7-9c3b-6b7c7593060a,osm-car:nest1:453,113.305,43.77266226452047,69.53233773547953,61.36740455891578,122879.7,75376.52441950425,le_120,le_60,Ok,True,79.98371383,24.95389388,False,False,-2.07958714,29.780160749999986,OSRM v26.9.0,2026-09-20T20:22:06Z,CSV mean across outbound route options / 28.7 m/s; not selected GeoJSON path,facility_point; routes supplied separately,saved_gt_60,1,,True,False,
nest1:455,nest1,Muhanga,455,Kintobo Hc,-1.6071214,29.5537108,health_center_or_clinic_label,True,unverified,f4316410-03ae-4488-93f2-352e81569afa,osm-car:nest1:455,107.60666666666665,36.062079671090565,71.54458699557608,66.48713245360518,102907.4,62098.901193617945,le_120,le_60,Ok,True,79.98371383,39.62352102,False,False,-2.07958714,29.780160749999986,OSRM v26.9.0,2026-09-20T20:22:06Z,CSV mean across outbound route options / 28.7 m/s; not selected GeoJSON path,facility_point; routes supplied separately,saved_gt_60,1,,True,False,
nest1:456,nest1,Muhanga,456,Rwankeri HC,-1.586181103,29.534330828,health_center_or_clinic_label,True,unverified,5c8673b5-8b5c-402f-8c96-38e3064560f6,osm-car:nest1:456,102.705,39.00651770796375,63.698482292036246,62.02081913444939,110703.5,67169.22349311358,le_120,le_60,Ok,True,79.98371383,89.51000559,False,False,-2.07958714,29.780160749999986,OSRM v26.9.0,2026-09-20T20:22:06Z,CSV mean across outbound route options / 28.7 m/s; not selected GeoJSON path,facility_point; routes supplied separately,saved_gt_60,1,,True,False,
nest1:457,nest1,Muhanga,457,Gakamba HC,-1.731653342,29.48876892,health_center_or_clinic_label,True,unverified,195b56b9-6d8e-4cd8-b410-5eecddd921e7,osm-car:nest1:457,92.01666666666667,31.073974929720052,60.942691736946614,66.23005803689182,88441.8,53509.38482897793,le_120,le_60,Ok,True,79.98371383,32.82169708,False,False,-2.07958714,29.780160749999986,OSRM v26.9.0,2026-09-20T20:22:06Z,CSV mean across outbound route options / 28.7 m/s; not selected GeoJSON path,facility_point; routes supplied separately,saved_gt_60,1,,True,False,
nest1:458,nest1,Muhanga,458,Birembo HC,-1.691739141,29.524716606,health_center_or_clinic_label,True,unverified,b307a525-2cb3-473c-a152-ec54d76149f6,osm-car:nest1:458,86.91000000000001,31.442126961437964,55.46787303856205,63.82219887074219,93151.1,54143.342627596176,le_120,le_60,Ok,True,79.98371383,8.737706436,False,False,-2.07958714,29.780160749999986,OSRM v26.9.0,2026-09-20T20:22:06Z,CSV mean across outbound route options / 28.7 m/s; not selected GeoJSON path,facility_point; routes supplied separately,saved_le_60,1,,True,False,
nest1:459,nest1,Muhanga,459,Rambura HC,-1.679926701,29.520401088,health_center_or_clinic_label,True,unverified,883fd4ca-e3aa-448b-8456-d56e68fe5ddc,osm-car:nest1:459,87.22166666666666,32.335211683465594,54.88645498320107,62.92754665301175,94566.0,55681.234518927755,le_120,le_60,Ok,True,79.98371383,148.0858682,False,False,-2.07958714,29.780160749999986,OSRM v26.9.0,2026-09-20T20:22:06Z,CSV mean across outbound route options / 28.7 m/s; not selected GeoJSON path,facility_point; routes supplied separately,saved_le_60,1,,True,False,
nest1:460,nest1,Muhanga,460,Nyakigezi HC,-1.628558111,29.632369491,health_center_or_clinic_label,True,unverified,95e40a6f-e464-477e-8074-d0b40e0d220e,osm-car:nest1:460,104.64833333333333,32.670991176150466,71.97734215718286,68.78020878547153,108606.6,56259.4468053311,le_120,le_60,Ok,True,79.98371383,33.16014195,False,False,-2.07958714,29.780160749999986,OSRM v26.9.0,2026-09-20T20:22:06Z,CSV mean across outbound route options / 28.7 m/s; not selected GeoJSON path,facility_point; routes supplied separately,saved_gt_60,1,,True,False,
nest1:462,nest1,Muhanga,462,Rurembo HC,-1.660793284,29.575705247,health_center_or_clinic_label,True,unverified,95c873d6-8216-42ff-bc8b-4ba10f2c529c,osm-car:nest1:462,92.17333333333333,31.521809449779102,60.65152388355423,65.8015954182926,94515.5,54280.55587251962,le_120,le_60,Ok,True,79.98371383,5.163767562,False,False,-2.07958714,29.780160749999986,OSRM v26.9.0,2026-09-20T20:22:06Z,CSV mean across outbound route options / 28.7 m/s; not selected GeoJSON path,facility_point; routes supplied separately,saved_gt_60,1,,True,False,
nest1:463,nest1,Muhanga,463,Shyira HC,-1.6832637,29.6286283,health_center_or_clinic_label,True,unverified,496f2657-849e-43bd-8330-c5a8ae48e76b,osm-car:nest1:463,96.88833333333334,29.87012421757348,67.01820911575986,69.17056657914766,101864.5,51436.353902661525,le_120,le_30,Ok,True,79.98371383,28.50163984,False,False,-2.07958714,29.780160749999986,OSRM v26.9.0,2026-09-20T20:22:06Z,CSV mean across outbound route options / 28.7 m/s; not selected GeoJSON path,facility_point; routes supplied separately,saved_gt_60,1,,True,True,
nest1:464,nest1,Muhanga,464,Buruhukiro HC,-2.426283,29.4117,health_center_or_clinic_label,True,unverified,6c25fa6f-e569-42a9-9450-62fa8e392765,osm-car:nest1:464,121.635,34.76490796703065,86.87009203296935,71.4186640629501,106692.2,59865.17151922678,gt_120,le_60,Ok,True,79.98371383,163.5889282,False,False,-2.07958714,29.780160749999986,OSRM v26.9.0,2026-09-20T20:22:06Z,CSV mean across outbound route options / 28.7 m/s; not selected GeoJSON path,facility_point; routes supplied separately,saved_gt_60,1,,True,False,
nest1:465,nest1,Muhanga,465,Cyanika Nyamagabe HC,-2.4402284,29.603333388,health_center_or_clinic_label,True,unverified,1e3b57bb-2f95-4f73-abc4-2e268c345142,osm-car:nest1:465,72.99499999999999,26.806598530759175,46.188401469240816,63.276116815180245,72842.4,46160.962669967295,le_120,le_30,Ok,True,79.98371383,83.95685679,False,False,-2.07958714,29.780160749999986,OSRM v26.9.0,2026-09-20T20:22:06Z,CSV mean across outbound route options / 28.7 m/s; not selected GeoJSON path,facility_point; routes supplied separately,saved_le_60,1,,True,True,
nest1:466,nest1,Muhanga,466,Kigeme HC,-2.483565578,29.528149633,health_center_or_clinic_label,True,unverified,b5098fa3-0006-4eee-b4a2-e7ac4e8b4805,osm-car:nest1:466,86.30666666666666,32.65003117929436,53.6566354873723,62.16974604592805,84896.8,56223.35369074489,le_120,le_60,Ok,True,79.98371383,19.90135837,False,False,-2.07958714,29.780160749999986,OSRM v26.9.0,2026-09-20T20:22:06Z,CSV mean across outbound route options / 28.7 m/s; not selected GeoJSON path,facility_point; routes supplied separately,saved_le_60,1,,True,False,
nest1:467,nest1,Muhanga,467,Nyamagabe HC,-2.468936766,29.584468976,health_center_or_clinic_label,True,unverified,277a48a4-78b7-4bbf-b458-8128643c11f9,osm-car:nest1:467,79.01166666666667,29.03789788055791,49.973768786108764,63.248594662529285,77161.1,50003.26015032072,le_120,le_30,Ok,True,79.98371383,73.38580796,False,False,-2.07958714,29.780160749999986,OSRM v26.9.0,2026-09-20T20:22:06Z,CSV mean across outbound route options / 28.7 m/s; not selected GeoJSON path,facility_point; routes supplied separately,saved_le_60,1,,True,True,
nest1:469,nest1,Muhanga,469,Rugege HC,-2.368390786,29.381484547,health_center_or_clinic_label,True,unverified,707eed73-4602-4cb3-9ee0-e294b88cc293,osm-car:nest1:469,127.85666666666665,32.85292231901155,95.0037443476551,74.30488125843141,119501.8,56572.73223333788,gt_120,le_60,Ok,True,79.98371383,18.44902331,False,False,-2.07958714,29.780160749999986,OSRM v26.9.0,2026-09-20T20:22:06Z,CSV mean across outbound route options / 28.7 m/s; not selected GeoJSON path,facility_point; routes supplied separately,saved_gt_60,1,,True,False,
nest1:470,nest1,Muhanga,470,Kaduha HC,-2.333738093,29.523968752,health_center_or_clinic_label,True,unverified,9c44613e-9605-4c6f-af63-58ee05994324,osm-car:nest1:470,82.88333333333334,24.72218314092563,58.16115019240771,70.17231070871632,59493.0,42571.59936867394,le_120,le_30,Ok,True,79.98371383,5.343544629,False,False,-2.07958714,29.780160749999986,OSRM v26.9.0,2026-09-20T20:22:06Z,CSV mean across outbound route options / 28.7 m/s; not selected GeoJSON path,facility_point; routes supplied separately,saved_le_60,1,,True,True,
nest1:471,nest1,Muhanga,471,Nyarusiza HC,-2.526533,29.577633,health_center_or_clinic_label,True,unverified,f63e62c4-cf78-4855-b08a-fd03e038c815,osm-car:nest1:471,84.99666666666667,33.810129643599204,51.186537023067466,60.22181696113667,107339.4,58221.043246277826,le_120,le_60,Ok,True,79.98371383,76.59562981,False,False,-2.07958714,29.780160749999986,OSRM v26.9.0,2026-09-20T20:22:06Z,CSV mean across outbound route options / 28.7 m/s; not selected GeoJSON path,facility_point; routes supplied separately,saved_le_60,1,,True,False,
nest1:472,nest1,Muhanga,472,Kibirizi  nyamagabe HC,-2.435385279,29.560331217,health_center_or_clinic_label,True,unverified,09eb82d3-5b19-4c45-9d41-7dbbc3705617,osm-car:nest1:472,89.49333333333334,28.019660674280544,61.473672659052795,68.69078440746364,84412.5,48249.8556811111,le_120,le_30,Ok,True,79.98371383,1.787853318,False,False,-2.07958714,29.780160749999986,OSRM v26.9.0,2026-09-20T20:22:06Z,CSV mean across outbound route options / 28.7 m/s; not selected GeoJSON path,facility_point; routes supplied separately,saved_gt_60,1,,True,True,
nest1:473,nest1,Muhanga,473,Kibumbwe HC,-2.401103322,29.522050441,health_center_or_clinic_label,True,unverified,246e0435-d081-4f0b-87d5-14ebdf68fb96,osm-car:nest1:473,104.53,27.56469709018895,76.96530290981104,73.62986980752994,91502.7,47466.408389305376,le_120,le_30,Ok,True,79.98371383,39.63824959,False,False,-2.07958714,29.780160749999986,OSRM v26.9.0,2026-09-20T20:22:06Z,CSV mean across outbound route options / 28.7 m/s; not selected GeoJSON path,facility_point; routes supplied separately,saved_gt_60,1,,True,True,
nest1:474,nest1,Muhanga,474,Kitabi HC,-2.521062978,29.426816174,health_center_or_clinic_label,True,unverified,28b2f8e5-0959-4682-b966-754ac89c2c60,osm-car:nest1:474,103.68833333333333,38.62925601777707,65.05907731555627,62.7448385214244,103542.4,66519.5788626121,le_120,le_60,Ok,True,79.98371383,90.46355184,False,False,-2.07958714,29.780160749999986,OSRM v26.9.0,2026-09-20T20:22:06Z,CSV mean across outbound route options / 28.7 m/s; not selected GeoJSON path,facility_point; routes supplied separately,saved_gt_60,1,,True,False,
nest1:475,nest1,Muhanga,475,Shaba HC,-2.579534127,29.463643925,health_center_or_clinic_label,True,unverified,76eff64b-362d-4885-8561-e497f8982465,osm-car:nest1:475,112.03,39.11522381289326,72.91477618710674,65.08504524422631,102669.8,67356.4154058022,le_120,le_60,Ok,True,79.98371383,10.30009181,False,False,-2.07958714,29.780160749999986,OSRM v26.9.0,2026-09-20T20:22:06Z,CSV mean across outbound route options / 28.7 m/s; not selected GeoJSON path,facility_point; routes supplied separately,saved_gt_60,1,,True,False,
nest1:476,nest1,Muhanga,476,Ngara HC,-2.3877663,29.604613454,health_center_or_clinic_label,True,unverified,439dc912-3dcf-4bf4-82e5-f11a8e092922,osm-car:nest1:476,75.38833333333334,23.829342452101404,51.558990881231935,68.39120670470489,73226.7,41034.127702518614,le_120,le_30,Ok,True,79.98371383,32.23982771,False,False,-2.07958714,29.780160749999986,OSRM v26.9.0,2026-09-20T20:22:06Z,CSV mean across outbound route options / 28.7 m/s; not selected GeoJSON path,facility_point; routes supplied separately,saved_le_60,1,,True,True,
nest1:477,nest1,Muhanga,477,Mugano HC,-2.264774826,29.50886192,health_center_or_clinic_label,True,unverified,06de4eae-e135-4b21-a422-38001cbfdbf0,osm-car:nest1:477,86.33500000000001,23.43838712011052,62.89661287988949,72.85181314633634,64256.5,40360.90262083031,le_120,le_30,Ok,True,79.98371383,21.65455665,False,False,-2.07958714,29.780160749999986,OSRM v26.9.0,2026-09-20T20:22:06Z,CSV mean across outbound route options / 28.7 m/s; not selected GeoJSON path,facility_point; routes supplied separately,saved_gt_60,1,,True,True,
nest1:478,nest1,Muhanga,478,Jenda HC,-2.28604462,29.573587594,health_center_or_clinic_label,True,unverified,c9923702-046a-4fa7-ae26-44b4f3bd57db,osm-car:nest1:478,65.99166666666666,21.6593217570233,44.33234490964336,67.1787017193737,48183.4,37297.352065594125,le_120,le_30,Ok,True,79.98371383,21.8126758,False,False,-2.07958714,29.780160749999986,OSRM v26.9.0,2026-09-20T20:22:06Z,CSV mean across outbound route options / 28.7 m/s; not selected GeoJSON path,facility_point; routes supplied separately,saved_le_60,1,,True,True,
nest1:479,nest1,Muhanga,479,Musebeya HC,-2.424364474,29.446008377,health_center_or_clinic_label,True,unverified,4c908ead-a1eb-447c-9fa8-d82187854961,osm-car:nest1:479,119.83333333333333,31.885360689916556,87.94797264341678,73.39191041175253,84359.7,54906.59110803631,le_120,le_60,Ok,True,79.98371383,28.87347733,False,False,-2.07958714,29.780160749999986,OSRM v26.9.0,2026-09-20T20:22:06Z,CSV mean across outbound route options / 28.7 m/s; not selected GeoJSON path,facility_point; routes supplied separately,saved_gt_60,1,,True,False,
nest1:480,nest1,Muhanga,480,Mushubi HC,-2.348533953,29.44465493,health_center_or_clinic_label,True,unverified,f051186b-f777-40de-8461-269f8cb70b01,osm-car:nest1:480,126.06666666666666,29.6926758976724,96.37399076899426,76.44684619433707,80296.3,51130.78789579187,gt_120,le_30,Ok,True,79.98371383,36.88265229,False,False,-2.07958714,29.780160749999986,OSRM v26.9.0,2026-09-20T20:22:06Z,CSV mean across outbound route options / 28.7 m/s; not selected GeoJSON path,facility_point; routes supplied separately,saved_gt_60,1,,True,True,
nest1:481,nest1,Muhanga,481,Nyarwungo HC,-2.296080742,29.408218601,health_center_or_clinic_label,True,unverified,5975ca65-af9a-432c-9b61-551ebc2b4fe7,osm-car:nest1:481,121.30666666666666,29.760136678316464,91.54652998835019,75.46702296247818,114345.3,51246.95536006094,gt_120,le_30,Ok,True,79.98371383,50.41001935,False,False,-2.07958714,29.780160749999986,OSRM v26.9.0,2026-09-20T20:22:06Z,CSV mean across outbound route options / 28.7 m/s; not selected GeoJSON path,facility_point; routes supplied separately,saved_gt_60,1,,True,True,
nest1:482,nest1,Muhanga,482,Mbuga HC,-2.496620196,29.480720681,health_center_or_clinic_label,True,unverified,7bc8b5a4-f771-49ce-939e-2d0561a0216f,osm-car:nest1:482,95.51833333333335,33.99115756848404,61.527175764849304,64.41399636877664,94333.4,58532.773332929515,le_120,le_60,Ok,True,79.98371383,20.26210256,False,False,-2.07958714,29.780160749999986,OSRM v26.9.0,2026-09-20T20:22:06Z,CSV mean across outbound route options / 28.7 m/s; not selected GeoJSON path,facility_point; routes supplied separately,saved_gt_60,1,,True,False,
nest1:483,nest1,Muhanga,483,Uwinkingi HC,-2.471615035,29.450007418,health_center_or_clinic_label,True,unverified,139d01f9-9ea5-419b-80cb-e9092a3d1119,osm-car:nest1:483,107.66166666666666,34.07614498460022,73.58552168206644,68.34885986847667,99174.8,58679.12166348158,le_120,le_60,Ok,True,79.98371383,9.423133978,False,False,-2.07958714,29.780160749999986,OSRM v26.9.0,2026-09-20T20:22:06Z,CSV mean across outbound route options / 28.7 m/s; not selected GeoJSON path,facility_point; routes supplied separately,saved_gt_60,1,,True,False,
nest1:484,nest1,Muhanga,484,Yove HC,-2.40673053,29.199626033,health_center_or_clinic_label,True,unverified,0f1733f5-28e4-4113-9f23-457eafc1719d,osm-car:nest1:484,128.08666666666667,47.52525403035059,80.56141263631608,62.89601777675226,163257.0,81838.48744026372,gt_120,le_60,Ok,True,79.98371383,16.72453831,False,False,-2.07958714,29.780160749999986,OSRM v26.9.0,2026-09-20T20:22:06Z,CSV mean across outbound route options / 28.7 m/s; not selected GeoJSON path,facility_point; routes supplied separately,saved_gt_60,1,,True,False,
nest1:485,nest1,Muhanga,485,Kibingo Nyamasheke HC,-2.19943634467914,29.2611234780196,health_center_or_clinic_label,True,unverified,54dba331-04bc-4f71-8d87-f12d90f039a4,osm-car:nest1:485,84.315,37.55923784413519,46.75576215586481,55.4536703503111,114435.2,64677.0075676008,le_120,le_60,Ok,True,79.98371383,43.6935495,False,False,-2.07958714,29.780160749999986,OSRM v26.9.0,2026-09-20T20:22:06Z,CSV mean across outbound route options / 28.7 m/s; not selected GeoJSON path,facility_point; routes supplied separately,saved_le_60,1,,True,False,
nest1:486,nest1,Muhanga,486,Kibogora HC,-2.331003439,29.137179229,health_center_or_clinic_label,True,unverified,88c69c8a-7757-460e-b2d5-dda8b31a7200,osm-car:nest1:486,105.41833333333334,46.736951533207495,58.68138180012584,55.66525284987669,146782.7,80481.0305401833,le_120,le_60,Ok,True,79.98371383,26.19606046,False,False,-2.07958714,29.780160749999986,OSRM v26.9.0,2026-09-20T20:22:06Z,CSV mean across outbound route options / 28.7 m/s; not selected GeoJSON path,facility_point; routes supplied separately,saved_le_60,1,,True,False,
nest1:487,nest1,Muhanga,487,Ruheru HC,-2.352196724,29.170398417,health_center_or_clinic_label,True,unverified,a3fadf94-6eb3-4626-8deb-4ae3f7bfa021,osm-car:nest1:487,111.52833333333334,44.79082521161763,66.7375081217157,59.839061633111804,150993.8,77129.80101440556,le_120,le_60,Ok,True,79.98371383,41.89640135,False,False,-2.07958714,29.780160749999986,OSRM v26.9.0,2026-09-20T20:22:06Z,CSV mean across outbound route options / 28.7 m/s; not selected GeoJSON path,facility_point; routes supplied separately,saved_gt_60,1,,True,False,
nest1:488,nest1,Muhanga,488,Cyivugiza HC,-2.348798664,29.251301417,health_center_or_clinic_label,True,unverified,7eb4c2dc-2715-4c46-91de-ba54b5ac3212,osm-car:nest1:488,125.57666666666667,40.72025243888148,84.8564142277852,67.57339279679228,151584.5,70120.2746997539,gt_120,le_60,Ok,True,79.98371383,18.54873062,False,False,-2.07958714,29.780160749999986,OSRM v26.9.0,2026-09-20T20:22:06Z,CSV mean across outbound route options / 28.7 m/s; not selected GeoJSON path,facility_point; routes supplied separately,saved_gt_60,1,,True,False,
nest1:489,nest1,Muhanga,489,Karambi HC Nyamasheke,-2.313595861,29.247815405,health_center_or_clinic_label,True,unverified,eab6d9b5-b92c-4488-bb3f-88470b58bd08,osm-car:nest1:489,116.59833333333333,40.42559315641301,76.17274017692031,65.32918438821623,143127.1,69612.8714153432,le_120,le_60,Ok,True,79.98371383,85.05178079,False,False,-2.07958714,29.780160749999986,OSRM v26.9.0,2026-09-20T20:22:06Z,CSV mean across outbound route options / 28.7 m/s; not selected GeoJSON path,facility_point; routes supplied separately,saved_gt_60,1,,True,False,
nest1:490,nest1,Muhanga,490,Ngange HC,-2.298750695,29.25728684,health_center_or_clinic_label,True,unverified,f7888414-4854-43e3-91b9-49b46da28133,osm-car:nest1:490,112.14166666666667,40.70192265459774,71.43974401206893,63.70490660212731,140337.4,70088.7108112173,le_120,le_60,Ok,True,79.98371383,10.40608375,False,False,-2.07958714,29.780160749999986,OSRM v26.9.0,2026-09-20T20:22:06Z,CSV mean across outbound route options / 28.7 m/s; not selected GeoJSON path,facility_point; routes supplied separately,saved_gt_60,1,,True,False,
nest1:491,nest1,Muhanga,491,Karengera HC,-2.260401,29.2215722,health_center_or_clinic_label,True,unverified,f08344f8-3988-46c7-83fc-f11e7fae9ace,osm-car:nest1:491,92.03,41.472222535817856,50.557777464182145,54.93619196368809,127490.8,71415.16720667835,le_120,le_60,Ok,True,79.98371383,56.6810232,False,False,-2.07958714,29.780160749999986,OSRM v26.9.0,2026-09-20T20:22:06Z,CSV mean across outbound route options / 28.7 m/s; not selected GeoJSON path,facility_point; routes supplied separately,saved_le_60,1,,True,False,
nest1:492,nest1,Muhanga,492,Gatare Nyamasheke HC,-2.301078398,29.215160244,health_center_or_clinic_label,True,unverified,80ec058d-dc29-4c2a-aaab-f5315ab73f99,osm-car:nest1:492,105.25500000000001,43.09428816888646,62.16071183111355,59.05725317667906,141039.8,74208.36422682248,le_120,le_60,Ok,True,79.98371383,84.67861407,False,False,-2.07958714,29.780160749999986,OSRM v26.9.0,2026-09-20T20:22:06Z,CSV mean across outbound route options / 28.7 m/s; not selected GeoJSON path,facility_point; routes supplied separately,saved_gt_60,1,,True,False,
nest1:493,nest1,Muhanga,493,Hanika Nyamasheke HC,-2.291856267,29.187926794,health_center_or_clinic_label,True,unverified,334fcbb3-e21b-4530-97f5-37ec9e179262,osm-car:nest1:493,98.26166666666667,42.9408824513645,55.32078421530217,56.29945643296182,136318.1,73944.19958124968,le_120,le_60,Ok,True,79.98371383,18.29764574,False,False,-2.07958714,29.780160749999986,OSRM v26.9.0,2026-09-20T20:22:06Z,CSV mean across outbound route options / 28.7 m/s; not selected GeoJSON path,facility_point; routes supplied separately,saved_le_60,1,,True,False,
nest1:494,nest1,Muhanga,494,Mahembe HC,-2.23277131826532,29.2814104230339,health_center_or_clinic_label,True,unverified,e04c2180-b7ca-4105-990c-8a15cd0dc941,osm-car:nest1:494,96.50666666666666,36.01910132013145,60.48756534653521,62.677084843743316,117061.4,62024.89247326636,le_120,le_60,Ok,True,79.98371383,13.7502498,False,False,-2.07958714,29.780160749999986,OSRM v26.9.0,2026-09-20T20:22:06Z,CSV mean across outbound route options / 28.7 m/s; not selected GeoJSON path,facility_point; routes supplied separately,saved_gt_60,1,,True,False,
nest1:495,nest1,Muhanga,495,Rangiro HC,-2.39631,29.160325,health_center_or_clinic_label,True,unverified,65490d40-9a8c-46aa-ab13-2bacdfaef1ba,osm-car:nest1:495,124.93666666666667,47.06024935165748,77.87641731500918,62.33271576132641,159936.6,81037.74938355418,gt_120,le_60,Ok,True,79.98371383,142.336336,False,False,-2.07958714,29.780160749999986,OSRM v26.9.0,2026-09-20T20:22:06Z,CSV mean across outbound route options / 28.7 m/s; not selected GeoJSON path,facility_point; routes supplied separately,saved_gt_60,1,,True,False,
nest1:496,nest1,Muhanga,496,Coko Nyaruguru HC,-2.715978755,29.58041628,health_center_or_clinic_label,True,unverified,404a0408-e68c-46ba-9668-5d1a896e2c59,osm-car:nest1:496,96.99499999999999,45.27275789207319,51.7222421079268,53.32464777352112,116048.8,77959.68909015003,le_120,le_60,Ok,True,79.98371383,43.56577024,False,False,-2.07958714,29.780160749999986,OSRM v26.9.0,2026-09-20T20:22:06Z,CSV mean across outbound route options / 28.7 m/s; not selected GeoJSON path,facility_point; routes supplied separately,saved_le_60,1,,True,False,
nest1:497,nest1,Muhanga,497,Cyahinda HC,-2.740420139,29.608778132,health_center_or_clinic_label,True,unverified,4b2fc196-dd77-4df6-95e4-de3688270fc8,osm-car:nest1:497,99.02,46.45824579485983,52.56175420514017,53.08195738753805,121287.9,80001.09925874861,le_120,le_60,Ok,True,79.98371383,39.28668718,False,False,-2.07958714,29.780160749999986,OSRM v26.9.0,2026-09-20T20:22:06Z,CSV mean across outbound route options / 28.7 m/s; not selected GeoJSON path,facility_point; routes supplied separately,saved_le_60,1,,True,False,
nest1:498,nest1,Muhanga,498,Kibeho HC,-2.645639,29.552944,health_center_or_clinic_label,True,unverified,b99718f9-cf1a-4658-8e94-194039e930c1,osm-car:nest1:498,85.02,41.55588251699692,43.46411748300308,51.122227103038206,107970.2,71559.2296942687,le_120,le_60,Ok,True,79.98371383,65.52778136,False,False,-2.07958714,29.780160749999986,OSRM v26.9.0,2026-09-20T20:22:06Z,CSV mean across outbound route options / 28.7 m/s; not selected GeoJSON path,facility_point; routes supplied separately,saved_le_60,1,,True,False,
nest1:499,nest1,Muhanga,499,Kivu HC,-2.616013841,29.460172902,health_center_or_clinic_label,True,unverified,ff6c39b5-d39d-42c9-9440-f9297263a85c,osm-car:nest1:499,114.53999999999999,41.12681557269632,73.41318442730366,64.09392738545806,126254.6,70820.37641618308,le_120,le_60,Ok,True,79.98371383,33.91030413,False,False,-2.07958714,29.780160749999986,OSRM v26.9.0,2026-09-20T20:22:06Z,CSV mean across outbound route options / 28.7 m/s; not selected GeoJSON path,facility_point; routes supplied separately,saved_gt_60,1,,True,False,
nest1:500,nest1,Muhanga,500,Nyamyumba HC,-2.583112931,29.555510536,health_center_or_clinic_label,True,unverified,4b78baca-369d-4f04-9c34-3cfad2496c34,osm-car:nest1:500,95.17333333333333,37.392909671200314,57.78042366213302,60.710728140375124,110922.4,64390.59045380694,le_120,le_60,Ok,True,79.98371383,16.25421992,False,False,-2.07958714,29.780160749999986,OSRM v26.9.0,2026-09-20T20:22:06Z,CSV mean across outbound route options / 28.7 m/s; not selected GeoJSON path,facility_point; routes supplied separately,saved_le_60,1,,True,False,
nest1:501,nest1,Muhanga,501,Muganza HC,-2.688317601,29.493930905,health_center_or_clinic_label,True,unverified,8ea3cc4a-3e2f-48dc-b297-91a99717d22a,osm-car:nest1:501,111.39166666666667,47.85768503907776,63.53398162758891,57.03656613533829,126417.5,82410.93363729189,le_120,le_60,Ok,True,79.98371383,43.39404243,False,False,-2.07958714,29.780160749999986,OSRM v26.9.0,2026-09-20T20:22:06Z,CSV mean across outbound route options / 28.7 m/s; not selected GeoJSON path,facility_point; routes supplied separately,saved_gt_60,1,,True,False,
nest1:503,nest1,Muhanga,503,Ngera HC,-2.713972,29.686417,health_center_or_clinic_label,True,unverified,cb4dc6c4-3575-4442-b8ed-227355a43ff0,osm-car:nest1:503,76.08666666666666,45.429980082757695,30.656686583908964,40.291798717132615,100173.8,78230.42570250876,le_120,le_60,Ok,True,79.98371383,62.15792961,False,False,-2.07958714,29.780160749999986,OSRM v26.9.0,2026-09-20T20:22:06Z,CSV mean across outbound route options / 28.7 m/s; not selected GeoJSON path,facility_point; routes supplied separately,saved_le_60,1,,True,False,
nest1:504,nest1,Muhanga,504,Ngoma HC,-2.743397363,29.696527271,health_center_or_clinic_label,True,unverified,98ce6b5c-f866-4b76-bf12-11863ab5e2b8,osm-car:nest1:504,75.39,47.727354398978335,27.662645601021666,36.692725296487154,104187.7,82186.50427504069,le_120,le_60,Ok,True,79.98371383,38.34969823,False,False,-2.07958714,29.780160749999986,OSRM v26.9.0,2026-09-20T20:22:06Z,CSV mean across outbound route options / 28.7 m/s; not selected GeoJSON path,facility_point; routes supplied separately,saved_le_30,1,,True,False,
nest1:505,nest1,Muhanga,505,Nyabimata HC,-2.689271996,29.444268108,health_center_or_clinic_label,True,unverified,36ea94fd-cee6-4d04-8a47-082ec46a0330,osm-car:nest1:505,123.47,48.591603105260944,74.87839689473905,60.645012468404516,134504.6,83674.74054725935,gt_120,le_60,Ok,True,79.98371383,38.20575294,False,False,-2.07958714,29.780160749999986,OSRM v26.9.0,2026-09-20T20:22:06Z,CSV mean across outbound route options / 28.7 m/s; not selected GeoJSON path,facility_point; routes supplied separately,saved_gt_60,1,,True,False,
nest1:506,nest1,Muhanga,506,Maraba nyaruguru HC,-2.737699374,29.643891607,health_center_or_clinic_label,True,unverified,45fc4616-3ab7-4daf-9e17-1f17d8d5293f,osm-car:nest1:506,87.83333333333333,47.43469604437315,40.39863728896018,45.99465345991672,114710.3,81682.54658841057,le_120,le_60,Ok,True,79.98371383,19.72325374,False,False,-2.07958714,29.780160749999986,OSRM v26.9.0,2026-09-20T20:22:06Z,CSV mean across outbound route options / 28.7 m/s; not selected GeoJSON path,facility_point; routes supplied separately,saved_le_60,1,,True,False,
nest1:507,nest1,Muhanga,507,Nyantanga HC,-2.728520329,29.65274814,health_center_or_clinic_label,True,unverified,7883e94d-1d1d-4af0-a985-e3d81ea5600e,osm-car:nest1:507,88.91666666666667,46.921237991722364,41.99542867494431,47.23009785373305,105514.6,80798.37182174591,le_120,le_60,Ok,True,79.98371383,4.33221234,False,False,-2.07958714,29.780160749999986,OSRM v26.9.0,2026-09-20T20:22:06Z,CSV mean across outbound route options / 28.7 m/s; not selected GeoJSON path,facility_point; routes supplied separately,saved_le_60,1,,True,False,
nest1:508,nest1,Muhanga,508,Ruramba HC,-2.559577009,29.539786379,health_center_or_clinic_label,True,unverified,b38e24a6-2fbf-4914-ae93-2a620b47765e,osm-car:nest1:508,99.58333333333333,39.813137857748515,59.77019547558481,60.02027997548266,116822.4,68558.22339104293,le_120,le_60,Ok,True,79.98371383,21.04168049,False,False,-2.07958714,29.780160749999986,OSRM v26.9.0,2026-09-20T20:22:06Z,CSV mean across outbound route options / 28.7 m/s; not selected GeoJSON path,facility_point; routes supplied separately,saved_le_60,1,,True,False,
nest1:509,nest1,Muhanga,509,Kabilizi HC,-2.640725807,29.623468039,health_center_or_clinic_label,True,unverified,ff76fc7b-18f3-4d5c-ad57-a1798dc148e7,osm-car:nest1:509,74.825,40.454410081297766,34.37058991870224,45.93463403769093,97602.0,69662.49415999475,le_120,le_60,Ok,True,79.98371383,38.15114331,False,False,-2.07958714,29.780160749999986,OSRM v26.9.0,2026-09-20T20:22:06Z,CSV mean across outbound route options / 28.7 m/s; not selected GeoJSON path,facility_point; routes supplied separately,saved_le_60,1,,True,False,
nest1:510,nest1,Muhanga,510,Bugeshi HC,-1.53731405,29.367467885,health_center_or_clinic_label,True,unverified,28332e0a-4989-4aa1-9fcb-abc8c899096b,osm-car:nest1:510,117.43666666666667,46.83587641336306,70.60079025330361,60.11818306602448,127166.9,80651.3791838112,le_120,le_60,Ok,True,79.98371383,46.75005787,False,False,-2.07958714,29.780160749999986,OSRM v26.9.0,2026-09-20T20:22:06Z,CSV mean across outbound route options / 28.7 m/s; not selected GeoJSON path,facility_point; routes supplied separately,saved_gt_60,1,,True,False,
nest1:511,nest1,Muhanga,511,Busasamana HC,-1.604156846,29.345046311,health_center_or_clinic_label,True,unverified,1acef395-db9f-4994-a67a-69c38831ecdf,osm-car:nest1:511,111.67333333333333,44.517053754391554,67.15627957894178,60.13636163119376,149941.6,76658.36656506226,le_120,le_60,Ok,True,79.98371383,47.65815486,False,False,-2.07958714,29.780160749999986,OSRM v26.9.0,2026-09-20T20:22:06Z,CSV mean across outbound route options / 28.7 m/s; not selected GeoJSON path,facility_point; routes supplied separately,saved_gt_60,1,,True,False,
nest1:513,nest1,Muhanga,513,Kabari HC,-1.642207836,29.38373726,health_center_or_clinic_label,True,unverified,525d0ed2-2210-4edc-8afe-c99877c57214,osm-car:nest1:513,106.02666666666667,42.906733415082904,63.11993325158377,59.532130204587304,147821.4,73885.39494077275,le_120,le_60,Ok,True,79.98371383,26.46601041,False,False,-2.07958714,29.780160749999986,OSRM v26.9.0,2026-09-20T20:22:06Z,CSV mean across outbound route options / 28.7 m/s; not selected GeoJSON path,facility_point; routes supplied separately,saved_gt_60,1,,True,False,
nest1:514,nest1,Muhanga,514,Mudende HC,-1.597957817,29.386107159,health_center_or_clinic_label,True,unverified,edf751d5-bfb1-4ad5-8fed-62dedeec6e3d,osm-car:nest1:514,112.15166666666667,42.56427673722963,69.58738992943704,62.04757539293846,153332.4,73295.68454150943,le_120,le_60,Ok,True,79.98371383,94.91398501,False,False,-2.07958714,29.780160749999986,OSRM v26.9.0,2026-09-20T20:22:06Z,CSV mean across outbound route options / 28.7 m/s; not selected GeoJSON path,facility_point; routes supplied separately,saved_gt_60,1,,True,False,
nest1:515,nest1,Muhanga,515,Nyakiriba Rubavu HC,-1.673265285,29.358666754,health_center_or_clinic_label,True,unverified,b82710ed-e00a-4f28-b24c-c6dd06db55b5,osm-car:nest1:515,101.275,45.26339848521433,56.011601514785674,55.30644434933169,141847.4,77943.57219153907,le_120,le_60,Ok,True,79.98371383,35.95626135,False,False,-2.07958714,29.780160749999986,OSRM v26.9.0,2026-09-20T20:22:06Z,CSV mean across outbound route options / 28.7 m/s; not selected GeoJSON path,facility_point; routes supplied separately,saved_le_60,1,,True,False,
nest1:526,nest1,Muhanga,526,Tare HC,-1.6647312,29.8883871,health_center_or_clinic_label,True,unverified,ace93217-5326-489e-8cb6-d68a495d1cdb,osm-car:nest1:526,64.07333333333334,31.857244589358977,32.21608874397436,50.280026132516426,83001.4,54858.175182876155,le_120,le_60,Ok,True,79.98371383,1.484088094,False,False,-2.07958714,29.780160749999986,OSRM v26.9.0,2026-09-20T20:22:06Z,CSV mean across outbound route options / 28.7 m/s; not selected GeoJSON path,facility_point; routes supplied separately,saved_le_60,1,,True,False,
nest1:527,nest1,Muhanga,527,Marembo HC,-1.620792148,29.909192101,health_center_or_clinic_label,True,unverified,2d8b6386-b199-4bfe-a6b8-393b2a316730,osm-car:nest1:527,82.20833333333333,35.852207180053306,46.35612615328002,56.38859744950434,92809.2,61737.500764051794,le_120,le_60,Ok,True,79.98371383,15.24745301,False,False,-2.07958714,29.780160749999986,OSRM v26.9.0,2026-09-20T20:22:06Z,CSV mean across outbound route options / 28.7 m/s; not selected GeoJSON path,facility_point; routes supplied separately,saved_le_60,1,,True,False,
nest1:528,nest1,Muhanga,528,Kinihira Rulindo HC,-1.6617576,29.988946072,health_center_or_clinic_label,True,unverified,42243b23-909f-426e-894c-30166301ac7d,osm-car:nest1:528,86.445,41.23118798254766,45.213812017452334,52.303559508881186,93905.4,71000.10570594706,le_120,le_60,Ok,True,79.98371383,13.30910664,False,False,-2.07958714,29.780160749999986,OSRM v26.9.0,2026-09-20T20:22:06Z,CSV mean across outbound route options / 28.7 m/s; not selected GeoJSON path,facility_point; routes supplied separately,saved_le_60,1,,True,False,
nest1:530,nest1,Muhanga,530,Rukozo HC,-1.623972403,29.948288789,health_center_or_clinic_label,True,unverified,6af39511-6fd0-45f9-84fe-94722e2eb734,osm-car:nest1:530,81.51,38.81628106442316,42.69371893557685,52.37850439894104,96716.8,66841.63599293667,le_120,le_60,Ok,True,79.98371383,34.55560092,False,False,-2.07958714,29.780160749999986,OSRM v26.9.0,2026-09-20T20:22:06Z,CSV mean across outbound route options / 28.7 m/s; not selected GeoJSON path,facility_point; routes supplied separately,saved_le_60,1,,True,False,
nest1:531,nest1,Muhanga,531,Burega HC,-1.736160977,30.033707483,health_center_or_clinic_label,True,unverified,ec8b918f-50c0-489c-b421-542f55896e89,osm-car:nest1:531,65.395,31.98522197464364,33.40977802535636,51.089193402181145,74821.5,55078.55224033634,le_120,le_60,Ok,True,79.98371383,24.79652726,False,False,-2.07958714,29.780160749999986,OSRM v26.9.0,2026-09-20T20:22:06Z,CSV mean across outbound route options / 28.7 m/s; not selected GeoJSON path,facility_point; routes supplied separately,saved_le_60,1,,True,False,
nest1:532,nest1,Muhanga,532,Buyoga HC,-1.69395237238823,30.0125697955248,health_center_or_clinic_label,True,unverified,afba23b4-d99d-4b19-9af6-82dd43674b6f,osm-car:nest1:532,77.83,33.19008699219004,44.63991300780996,57.35566363588585,91253.2,57153.32980055125,le_120,le_60,Ok,True,79.98371383,14.67959907,False,False,-2.07958714,29.780160749999986,OSRM v26.9.0,2026-09-20T20:22:06Z,CSV mean across outbound route options / 28.7 m/s; not selected GeoJSON path,facility_point; routes supplied separately,saved_le_60,1,,True,False,
nest1:533,nest1,Muhanga,533,Muyanza HC,-1.698287079,30.027788513,health_center_or_clinic_label,True,unverified,2ccc7030-5667-41d6-b476-f5b9173c953d,osm-car:nest1:533,82.645,35.15584712098724,47.48915287901276,57.46161640633161,82206.2,60538.368742340026,le_120,le_60,Ok,True,79.98371383,45.03914537,False,False,-2.07958714,29.780160749999986,OSRM v26.9.0,2026-09-20T20:22:06Z,CSV mean across outbound route options / 28.7 m/s; not selected GeoJSON path,facility_point; routes supplied separately,saved_le_60,1,,True,False,
nest1:535,nest1,Muhanga,535,Bubangu HC,-1.841626687,30.027663457,health_center_or_clinic_label,True,unverified,027b85ec-cb3f-4ce8-b9b3-d9f9474f9e0e,osm-car:nest1:535,46.56333333333334,28.18164690593982,18.381686427393518,39.476740841993376,55539.2,48528.79597202837,le_60,le_30,Ok,True,79.98371383,65.63292346,False,False,-2.07958714,29.780160749999986,OSRM v26.9.0,2026-09-20T20:22:06Z,CSV mean across outbound route options / 28.7 m/s; not selected GeoJSON path,facility_point; routes supplied separately,saved_le_30,1,,True,False,
nest1:536,nest1,Muhanga,536,Murambi Rulindo HC,-1.795112853,30.039469948,health_center_or_clinic_label,True,unverified,50199080-ffdf-466a-98c6-a3e052f54f1c,osm-car:nest1:536,59.223333333333336,28.432992666594714,30.790340666738622,51.99021894535704,68020.3,48961.6133718761,le_60,le_30,Ok,True,79.98371383,21.74851646,False,False,-2.07958714,29.780160749999986,OSRM v26.9.0,2026-09-20T20:22:06Z,CSV mean across outbound route options / 28.7 m/s; not selected GeoJSON path,facility_point; routes supplied separately,saved_le_60,1,,True,False,
nest1:538,nest1,Muhanga,538,Rutongo DH,-1.787073435,30.00234715,hospital_label,True,unverified,96910f9b-f320-4021-8e0c-8e1db8d9d01b,osm-car:nest1:538,62.695,28.3602321570139,34.334767842986096,54.76476248980955,65708.4,48836.31977437793,le_120,le_30,Ok,True,79.98371383,41.14334743,False,False,-2.07958714,29.780160749999986,OSRM v26.9.0,2026-09-20T20:22:06Z,CSV mean across outbound route options / 28.7 m/s; not selected GeoJSON path,facility_point; routes supplied separately,saved_le_60,1,,True,True,
nest1:539,nest1,Muhanga,539,Kiyanza HC,-1.760516364,30.06588882,health_center_or_clinic_label,True,unverified,88233cc8-03e0-47e9-8ad7-f74870616422,osm-car:nest1:539,58.28333333333333,31.940104282616897,26.343229050716435,45.19856285510398,70170.2,55000.85957466629,le_60,le_60,Ok,True,79.98371383,29.91094459,False,False,-2.07958714,29.780160749999986,OSRM v26.9.0,2026-09-20T20:22:06Z,CSV mean across outbound route options / 28.7 m/s; not selected GeoJSON path,facility_point; routes supplied separately,saved_le_30,1,,True,False,
nest1:540,nest1,Muhanga,540,Kinini HC,-1.772577,29.93311,health_center_or_clinic_label,True,unverified,eff34cb4-45ff-45dd-84b5-e89f22cad33d,osm-car:nest1:540,55.85,29.58860127114919,26.26139872885081,47.02130479650995,69915.0,50951.57138891891,le_60,le_30,Ok,True,79.98371383,101.8465961,False,False,-2.07958714,29.780160749999986,OSRM v26.9.0,2026-09-20T20:22:06Z,CSV mean across outbound route options / 28.7 m/s; not selected GeoJSON path,facility_point; routes supplied separately,saved_le_30,1,,True,False,
nest1:541,nest1,Muhanga,541,Rutonde HC,-1.898710756,29.96699714,health_center_or_clinic_label,True,unverified,ba2a302e-e133-413a-8051-e94a51ded275,osm-car:nest1:541,44.04666666666667,23.92697022832248,20.119696438344185,45.678136306215045,50469.9,41202.24273317131,le_60,le_30,Ok,True,79.98371383,25.68967052,False,False,-2.07958714,29.780160749999986,OSRM v26.9.0,2026-09-20T20:22:06Z,CSV mean across outbound route options / 28.7 m/s; not selected GeoJSON path,facility_point; routes supplied separately,saved_le_30,1,,True,False,
nest1:542,nest1,Muhanga,542,Rwahi HC,-1.859967374,29.922000351,health_center_or_clinic_label,True,unverified,27645a04-07c3-46d4-9b67-2a9398b6ffff,osm-car:nest1:542,59.84166666666667,22.64873334633375,37.19293332033292,62.15223504302952,65424.7,39001.118822386714,le_60,le_30,Ok,True,79.98371383,103.8631001,False,False,-2.07958714,29.780160749999986,OSRM v26.9.0,2026-09-20T20:22:06Z,CSV mean across outbound route options / 28.7 m/s; not selected GeoJSON path,facility_point; routes supplied separately,saved_le_60,1,,True,False,
nest1:543,nest1,Muhanga,543,Shyorongi HC,-1.866647,29.979699,health_center_or_clinic_label,True,unverified,d3dd023a-0a39-4491-94f8-2c1bb09c85eb,osm-car:nest1:543,38.055,30.26684592345466,7.788154076545339,20.465521157654287,53178.0,52119.50868018893,le_60,le_60,Ok,True,79.98371383,119.5050597,False,False,-2.07958714,29.780160749999986,OSRM v26.9.0,2026-09-20T20:22:06Z,CSV mean across outbound route options / 28.7 m/s; not selected GeoJSON path,facility_point; routes supplied separately,saved_le_15,1,,True,False,
nest1:544,nest1,Muhanga,544,Tumba HC,-1.702339053,29.944475836,health_center_or_clinic_label,True,unverified,115b73eb-2393-44ed-98d7-b1982d0818da,osm-car:nest1:544,64.20833333333333,31.188114891960677,33.02021844137265,51.42668673542788,81055.2,53705.933843956285,le_120,le_60,Ok,True,79.98371383,39.46637548,False,False,-2.07958714,29.780160749999986,OSRM v26.9.0,2026-09-20T20:22:06Z,CSV mean across outbound route options / 28.7 m/s; not selected GeoJSON path,facility_point; routes supplied separately,saved_le_60,1,,True,False,
nest1:545,nest1,Muhanga,545,Iwawa HC,-1.931372548,29.146297232,health_center_or_clinic_label,True,unverified,57a19584-20f1-4585-a8bc-338ccc125fc9,osm-car:nest1:545,,45.30432473314635,,,,78014.04719047801,no_data,le_60,NoRoute,False,,,,,-2.07958714,29.780160749999986,OSRM v26.9.0,2026-09-20T20:22:06Z,CSV mean across outbound route options / 28.7 m/s; not selected GeoJSON path,facility_point; routes supplied separately,no_data,1,,False,False,road_unavailable
nest1:547,nest1,Muhanga,547,Kinihira HC (Rutsiro),-1.825650541,29.340204315,health_center_or_clinic_label,True,unverified,b72e681d-1d9c-49ab-89e1-358f10d29732,osm-car:nest1:547,81.20333333333333,35.45285725125741,45.75047608207592,56.340638005922486,110471.8,61049.82018666526,le_120,le_60,Ok,True,79.98371383,50.71573075,False,False,-2.07958714,29.780160749999986,OSRM v26.9.0,2026-09-20T20:22:06Z,CSV mean across outbound route options / 28.7 m/s; not selected GeoJSON path,facility_point; routes supplied separately,saved_le_60,1,,True,False,
nest1:559,nest1,Muhanga,559,Nyarugenge HC,-2.306134782,30.010733867,health_center_or_clinic_label,True,unverified,0bb509ce-1866-44b5-8394-86eaa87816d7,osm-car:nest1:559,59.59666666666667,24.533286538011343,35.063380128655325,58.83446523069857,66307.3,42246.31941845553,le_60,le_30,Ok,True,79.98371383,11.42747398,False,False,-2.07958714,29.780160749999986,OSRM v26.9.0,2026-09-20T20:22:06Z,CSV mean across outbound route options / 28.7 m/s; not selected GeoJSON path,facility_point; routes supplied separately,saved_le_60,1,,True,False,
nest1:4500,nest1,Muhanga,4500,Nyabikenke HSP,-1.882311627,29.769803765,hospital_label,True,unverified,d709d6d4-2017-488c-89d1-ee623ef4cec1,osm-car:nest1:4500,52.41166666666666,14.320281800324675,38.09138486634198,72.67730123638246,46470.2,24659.52526015909,le_60,le_15,Ok,True,79.98371383,22.31979179,False,False,-2.07958714,29.780160749999986,OSRM v26.9.0,2026-09-20T20:22:06Z,CSV mean across outbound route options / 28.7 m/s; not selected GeoJSON path,facility_point; routes supplied separately,saved_le_60,1,,True,False,
nest1:4501,nest1,Muhanga,4501,Gatonde HSP,-1.670958667,29.661143109,hospital_label,True,unverified,9da38f86-c1c3-4e02-8cc6-f4ff678c98ff,osm-car:nest1:4501,107.78,29.483357068954305,78.2966429310457,72.64487189742596,91739.9,50770.34087273931,le_120,le_30,Ok,True,79.98371383,14.4375747,False,False,-2.07958714,29.780160749999986,OSRM v26.9.0,2026-09-20T20:22:06Z,CSV mean across outbound route options / 28.7 m/s; not selected GeoJSON path,facility_point; routes supplied separately,saved_gt_60,1,,True,True,
nest1:5551,nest1,Muhanga,5551,Nyamasheke HC,-2.341461436,29.088931642,health_center_or_clinic_label,True,unverified,e351ba88-6f53-4752-8e82-904751309ac8,osm-car:nest1:5551,110.655,49.567413003718464,61.08758699628154,55.205446655172864,154143.5,85355.08519240319,le_120,le_60,Ok,True,79.98371383,21.71237143,False,False,-2.07958714,29.780160749999986,OSRM v26.9.0,2026-09-20T20:22:06Z,CSV mean across outbound route options / 28.7 m/s; not selected GeoJSON path,facility_point; routes supplied separately,saved_gt_60,1,,True,False,
nest1:5553,nest1,Muhanga,5553,Gisakura HC,-2.421983139,29.083499832,health_center_or_clinic_label,True,unverified,fff3528e-8797-4440-914f-9a2ab7565690,osm-car:nest1:5553,120.91333333333334,52.01474688975971,68.89858644357363,56.981793938005424,167415.1,89569.3941441662,gt_120,le_60,Ok,True,79.98371383,39.22549228,False,False,-2.07958714,29.780160749999986,OSRM v26.9.0,2026-09-20T20:22:06Z,CSV mean across outbound route options / 28.7 m/s; not selected GeoJSON path,facility_point; routes supplied separately,saved_gt_60,1,,True,False,
nest1:5554,nest1,Muhanga,5554,Mugera HC,-2.390244744,29.034604005,health_center_or_clinic_label,True,unverified,5dd33473-8f1e-4fb9-b7eb-9a452a70623b,osm-car:nest1:5554,140.465,53.86106153576005,86.60393846423995,61.655172793393334,179949.7,92748.7479645788,gt_120,le_60,Ok,True,79.98371383,159.7001758,False,False,-2.07958714,29.780160749999986,OSRM v26.9.0,2026-09-20T20:22:06Z,CSV mean across outbound route options / 28.7 m/s; not selected GeoJSON path,facility_point; routes supplied separately,saved_gt_60,1,,True,False,
nest1:5555,nest1,Muhanga,5555,Muyange HC,-2.33339004,29.021769752,health_center_or_clinic_label,True,unverified,c6994f64-f70d-49b2-a90d-e352c05678d6,osm-car:nest1:5555,151.95166666666668,55.68989138849613,96.26177527817055,63.35025958572608,189658.4,95897.99297099034,gt_120,le_60,Ok,True,79.98371383,26.24279273,False,False,-2.07958714,29.780160749999986,OSRM v26.9.0,2026-09-20T20:22:06Z,CSV mean across outbound route options / 28.7 m/s; not selected GeoJSON path,facility_point; routes supplied separately,saved_gt_60,1,,True,False,
nest1:5556,nest1,Muhanga,5556,Mwezi HC,-2.52078155,29.030779891,health_center_or_clinic_label,True,unverified,f9961d12-78d1-4bde-b078-186c61a5c32e,osm-car:nest1:5556,138.91666666666666,59.29216506992702,79.62450159673963,57.31817751414971,181713.5,102101.10825041433,gt_120,le_60,Ok,True,79.98371383,16.37921737,False,False,-2.07958714,29.780160749999986,OSRM v26.9.0,2026-09-20T20:22:06Z,CSV mean across outbound route options / 28.7 m/s; not selected GeoJSON path,facility_point; routes supplied separately,saved_gt_60,1,,True,False,
nest1:9611,nest1,Muhanga,9611,Runyombyi HC,-2.779148327,29.534938672,health_center_or_clinic_label,True,unverified,d65d1ea3-3b54-4768-b8ef-b6e430de7871,osm-car:nest1:9611,117.85666666666665,49.90708222030363,67.94958444636302,57.65442581075575,130049.3,85939.99558336285,le_120,le_60,Ok,True,79.98371383,34.28804039,False,False,-2.07958714,29.780160749999986,OSRM v26.9.0,2026-09-20T20:22:06Z,CSV mean across outbound route options / 28.7 m/s; not selected GeoJSON path,facility_point; routes supplied separately,saved_gt_60,1,,True,False,
nest1:9612,nest1,Muhanga,9612,Ruheru HC (Nyaruguru),-2.748160243,29.454498511,health_center_or_clinic_label,True,unverified,02370618-f60f-48de-83b7-f33e14aff045,osm-car:nest1:9612,130.42833333333334,49.61633910505267,80.81199422828067,61.95892576634473,136910.9,85439.33593890068,gt_120,le_60,Ok,True,79.98371383,46.2437965,False,False,-2.07958714,29.780160749999986,OSRM v26.9.0,2026-09-20T20:22:06Z,CSV mean across outbound route options / 28.7 m/s; not selected GeoJSON path,facility_point; routes supplied separately,saved_gt_60,1,,True,False,
nest1:9613,nest1,Muhanga,9613,Simbi Sector,-2.517990543,29.67588132,sector_label_review,False,unverified,2b5d72d9-f944-4fe9-a068-331f516f6988,osm-car:nest1:9613,70.29833333333333,30.408036995588837,39.890296337744495,56.74429882796343,91066.1,52362.63970640398,le_120,le_60,Ok,True,79.98371383,21.80601958,False,False,-2.07958714,29.780160749999986,OSRM v26.9.0,2026-09-20T20:22:06Z,CSV mean across outbound route options / 28.7 m/s; not selected GeoJSON path,facility_point; routes supplied separately,saved_le_60,1,,True,False,outside_healthcare_name_screen
nest1:9621,nest1,Muhanga,9621,Sovu Sector,-1.891444,29.527787,sector_label_review,False,unverified,06e337e7-4d33-4183-9341-2d21fb52f52d,osm-car:nest1:9621,77.42333333333333,23.240494926970985,54.18283840636235,69.98256994837347,70687.7,40020.132264244035,le_120,le_30,Ok,True,79.98371383,45.22648895,False,False,-2.07958714,29.780160749999986,OSRM v26.9.0,2026-09-20T20:22:06Z,CSV mean across outbound route options / 28.7 m/s; not selected GeoJSON path,facility_point; routes supplied separately,saved_le_60,1,,True,True,outside_healthcare_name_screen
nest1:9704,nest1,Muhanga,9704,Bisate Wilderness Safaris Lodge,-1.443496754,29.523461464,other_destination_label,False,unverified,d0893138-7993-4d6a-9d52-2a105530f6de,osm-car:nest1:9704,119.71166666666666,45.98367914594004,73.72798752072663,61.587971810650565,148382.0,79183.89548930874,le_120,le_60,Ok,True,79.98371383,48.45949054,False,False,-2.07958714,29.780160749999986,OSRM v26.9.0,2026-09-20T20:22:06Z,CSV mean across outbound route options / 28.7 m/s; not selected GeoJSON path,facility_point; routes supplied separately,saved_gt_60,1,,True,False,outside_healthcare_name_screen
nest1:9706,nest1,Muhanga,9706,Sabyinyo Silverback lodge,-1.416573642,29.570185482,other_destination_label,False,unverified,76210141-d456-444c-a3a8-469eb1c081da,osm-car:nest1:9706,113.50833333333334,47.616656044156834,65.8916772891765,58.0500791035987,144106.8,81995.88170803807,le_120,le_60,Ok,True,79.98371383,46.97250662,False,False,-2.07958714,29.780160749999986,OSRM v26.9.0,2026-09-20T20:22:06Z,CSV mean across outbound route options / 28.7 m/s; not selected GeoJSON path,facility_point; routes supplied separately,saved_gt_60,1,,True,False,outside_healthcare_name_screen
nest1:9866,nest1,Muhanga,9866,Cyeza Sector,-2.034085995,29.78575814,sector_label_review,False,unverified,a875dbc0-4a0c-4331-9bf1-ee87256eb647,osm-car:nest1:9866,8.736666666666668,5.522260836137136,3.2144058305295324,36.7921308339893,5542.3,9509.333159828147,le_15,le_15,Ok,True,79.98371383,24.26166833,False,False,-2.07958714,29.780160749999986,OSRM v26.9.0,2026-09-20T20:22:06Z,CSV mean across outbound route options / 28.7 m/s; not selected GeoJSON path,facility_point; routes supplied separately,saved_le_15,1,,True,False,outside_healthcare_name_screen
nest1:9876,nest1,Muhanga,9876,Rusarabuye Sector,-1.460494383,29.836920246,sector_label_review,False,unverified,248ddd12-3880-4e39-a8e8-e70c48ec8926,osm-car:nest1:9876,111.40833333333333,42.2784791306156,69.12985420271772,62.05088267130022,114271.6,72803.54106292006,le_120,le_60,Ok,True,79.98371383,5.793187003,False,False,-2.07958714,29.780160749999986,OSRM v26.9.0,2026-09-20T20:22:06Z,CSV mean across outbound route options / 28.7 m/s; not selected GeoJSON path,facility_point; routes supplied separately,saved_gt_60,1,,True,False,outside_healthcare_name_screen
nest1:9877,nest1,Muhanga,9877,Rugengabali Sector,-1.542128079,29.79538071,sector_label_review,False,unverified,0cc4a20d-1bed-4c5a-9b0f-da412eea075b,osm-car:nest1:9877,95.74333333333334,36.95232730014903,58.79100603318431,61.40480385041706,109043.1,63631.90761085662,le_120,le_60,Ok,True,79.98371383,32.38971996,False,False,-2.07958714,29.780160749999986,OSRM v26.9.0,2026-09-20T20:22:06Z,CSV mean across outbound route options / 28.7 m/s; not selected GeoJSON path,facility_point; routes supplied separately,saved_le_60,1,,True,False,outside_healthcare_name_screen
nest1:9948,nest1,Muhanga,9948,Rushashi Sector,-1.727405624,29.857210429,sector_label_review,False,unverified,c4d8ab8d-3323-4283-9de8-8085a8d01dbc,osm-car:nest1:9948,80.68,25.586823503474996,55.09317649652501,68.28603928671915,90221.5,44060.51007298394,le_120,le_30,Ok,True,79.98371383,11.88447591,False,False,-2.07958714,29.780160749999986,OSRM v26.9.0,2026-09-20T20:22:06Z,CSV mean across outbound route options / 28.7 m/s; not selected GeoJSON path,facility_point; routes supplied separately,saved_le_60,1,,True,True,outside_healthcare_name_screen
nest1:9949,nest1,Muhanga,9949,Gashaki Sector,-1.548282368,29.750154572,sector_label_review,False,unverified,5b5c3129-5471-4cb9-9009-f5d1aac979a3,osm-car:nest1:9949,96.73833333333333,37.881288798664244,58.857044534669086,60.84149117172002,116262.6,65231.57931129982,le_120,le_60,Ok,True,79.98371383,47.51375085,False,False,-2.07958714,29.780160749999986,OSRM v26.9.0,2026-09-20T20:22:06Z,CSV mean across outbound route options / 28.7 m/s; not selected GeoJSON path,facility_point; routes supplied separately,saved_le_60,1,,True,False,outside_healthcare_name_screen
nest1:9973,nest1,Muhanga,9973,Burega Sector,-1.735588665,30.032648064,sector_label_review,False,unverified,1b0fb9c2-31cc-4fd4-937f-6c332268d3d8,osm-car:nest1:9973,65.73333333333333,32.4595184619772,33.27381487135614,50.6193938205215,75010.8,55895.290791524734,le_120,le_60,Ok,True,79.98371383,9.512077796,False,False,-2.07958714,29.780160749999986,OSRM v26.9.0,2026-09-20T20:22:06Z,CSV mean across outbound route options / 28.7 m/s; not selected GeoJSON path,facility_point; routes supplied separately,saved_le_60,1,,True,False,outside_healthcare_name_screen
nest1:9974,nest1,Muhanga,9974,Ngoma Sector,-1.813476,30.004245,sector_label_review,False,unverified,6c52e5eb-37cb-4d8c-a70e-84afd771ffcb,osm-car:nest1:9974,59.13666666666666,26.764422990089667,32.372243676577,54.74140749097064,63844.8,46088.336388934404,le_60,le_30,Ok,True,79.98371383,22.31800676,False,False,-2.07958714,29.780160749999986,OSRM v26.9.0,2026-09-20T20:22:06Z,CSV mean across outbound route options / 28.7 m/s; not selected GeoJSON path,facility_point; routes supplied separately,saved_le_60,1,,True,False,outside_healthcare_name_screen
nest1:9976,nest1,Muhanga,9976,Muhororo Sector,-1.892067563,29.623813259,sector_label_review,False,unverified,ede14b69-afab-45ad-9120-229b22e31fa2,osm-car:nest1:9976,42.32,17.253052969254593,25.066947030745407,59.231916424256625,46634.1,29709.757213056408,le_60,le_30,Ok,True,79.98371383,20.11515194,False,False,-2.07958714,29.780160749999986,OSRM v26.9.0,2026-09-20T20:22:06Z,CSV mean across outbound route options / 28.7 m/s; not selected GeoJSON path,facility_point; routes supplied separately,saved_le_30,1,,True,False,outside_healthcare_name_screen
nest1:9977,nest1,Muhanga,9977,Kavumu Sector,-1.868924,29.538297,sector_label_review,False,unverified,03e2d983-68d0-4bdb-a100-831293fc4448,osm-car:nest1:9977,71.325,22.413172931324297,48.911827068675706,68.57599308612086,66131.4,38595.483787740435,le_120,le_30,Ok,True,79.98371383,17.89948209,False,False,-2.07958714,29.780160749999986,OSRM v26.9.0,2026-09-20T20:22:06Z,CSV mean across outbound route options / 28.7 m/s; not selected GeoJSON path,facility_point; routes supplied separately,saved_le_60,1,,True,True,outside_healthcare_name_screen
nest1:9978,nest1,Muhanga,9978,Bwira Sector,-1.949657493,29.580217051,sector_label_review,False,unverified,8fe00830-efa2-4dca-9e93-333fbfccf00c,osm-car:nest1:9978,61.39833333333333,19.878092113135455,41.520241220197875,67.62437832763844,51481.5,34230.07461881926,le_120,le_30,Ok,True,79.98371383,62.47975108,False,False,-2.07958714,29.780160749999986,OSRM v26.9.0,2026-09-20T20:22:06Z,CSV mean across outbound route options / 28.7 m/s; not selected GeoJSON path,facility_point; routes supplied separately,saved_le_60,1,,True,True,outside_healthcare_name_screen
nest1:9980,nest1,Muhanga,9980,Rusenge Sector,-2.665729251,29.621185012,sector_label_review,False,unverified,b1d74d54-c478-4570-9f1c-211060c130b8,osm-car:nest1:9980,80.97833333333332,41.4489679435687,39.52936538976463,48.814743107948175,102409.8,71375.1227988253,le_120,le_60,Ok,True,79.98371383,39.91025447,False,False,-2.07958714,29.780160749999986,OSRM v26.9.0,2026-09-20T20:22:06Z,CSV mean across outbound route options / 28.7 m/s; not selected GeoJSON path,facility_point; routes supplied separately,saved_le_60,1,,True,False,outside_healthcare_name_screen
nest1:12598,nest1,Muhanga,12598,Cleo Lake Kivu Hotel,-2.049123244,29.34682224,other_destination_label,False,unverified,1ff2882b-3736-432b-9a26-c300a58db194,osm-car:nest1:12598,64.29333333333334,32.06223792125243,32.231095412080904,50.1313180403581,83058.7,55211.173700396685,le_120,le_60,Ok,True,79.98371383,65.44548195,False,False,-2.07958714,29.780160749999986,OSRM v26.9.0,2026-09-20T20:22:06Z,CSV mean across outbound route options / 28.7 m/s; not selected GeoJSON path,facility_point; routes supplied separately,saved_le_60,1,,True,False,outside_healthcare_name_screen
nest1:12639,nest1,Muhanga,12639,Rushel Kivu Lodge,-1.905862,29.28299,other_destination_label,False,unverified,4ffc2930-340f-4e93-ad89-e0f0317e103a,osm-car:nest1:12639,96.56333333333333,36.980359471630464,59.58297386170287,61.70351810042066,108293.2,63680.179010147665,le_120,le_60,Ok,True,79.98371383,73.53949685,False,False,-2.07958714,29.780160749999986,OSRM v26.9.0,2026-09-20T20:22:06Z,CSV mean across outbound route options / 28.7 m/s; not selected GeoJSON path,facility_point; routes supplied separately,saved_le_60,1,,True,False,outside_healthcare_name_screen
nest1:12729,nest1,Muhanga,12729,Kayumbu HC,-1.939652158,29.807029349,health_center_or_clinic_label,True,unverified,0842ef6e-1b7f-4b2b-b857-7eb0d3180db7,osm-car:nest1:12729,32.751666666666665,11.259211555470555,21.492455111196108,65.62247756713484,19181.2,19388.362298520296,le_60,le_15,Ok,True,79.98371383,13.49114035,False,False,-2.07958714,29.780160749999986,OSRM v26.9.0,2026-09-20T20:22:06Z,CSV mean across outbound route options / 28.7 m/s; not selected GeoJSON path,facility_point; routes supplied separately,saved_le_30,1,,True,False,
nest1:12731,nest1,Muhanga,12731,Mukoma(Nyamasheke) HC,-2.364071633,29.011378862,health_center_or_clinic_label,True,unverified,c0798937-ab7c-494d-8197-1864cd622495,osm-car:nest1:12731,144.15166666666667,56.64355515920144,87.50811150746523,60.7055842856241,184452.6,97540.20198414488,gt_120,le_60,Ok,True,79.98371383,8.416580313,False,False,-2.07958714,29.780160749999986,OSRM v26.9.0,2026-09-20T20:22:06Z,CSV mean across outbound route options / 28.7 m/s; not selected GeoJSON path,facility_point; routes supplied separately,saved_gt_60,1,,True,False,
nest1:12733,nest1,Muhanga,12733,Nyabinyenga HC,-2.327651367,29.679635455,health_center_or_clinic_label,True,unverified,80e72339-4c24-44ed-9196-98010b7490bd,osm-car:nest1:12733,51.965,18.249255057171187,33.71574494282882,64.88164137944543,50663.8,31425.217208448783,le_60,le_30,Ok,True,79.98371383,15.15457428,False,False,-2.07958714,29.780160749999986,OSRM v26.9.0,2026-09-20T20:22:06Z,CSV mean across outbound route options / 28.7 m/s; not selected GeoJSON path,facility_point; routes supplied separately,saved_le_60,1,,True,False,
nest1:12734,nest1,Muhanga,12734,HVP Gatagara Hospital,-2.296556,29.74875,hospital_label,True,unverified,ab144eb6-09c7-4eb1-8da9-d033592e206b,osm-car:nest1:12734,30.971666666666668,15.524937198737772,15.446729467928895,49.87374310260634,37759.9,26733.941856226444,le_60,le_30,Ok,True,79.98371383,57.16588994,False,False,-2.07958714,29.780160749999986,OSRM v26.9.0,2026-09-20T20:22:06Z,CSV mean across outbound route options / 28.7 m/s; not selected GeoJSON path,facility_point; routes supplied separately,saved_le_30,1,,True,False,
nest1:13039,nest1,Muhanga,13039,Kamonyi (Nyamasheke) HC,-2.446196737,29.026131734,health_center_or_clinic_label,True,unverified,6a210107-acd5-46e9-bd2e-987ff6d00e88,osm-car:nest1:13039,125.23333333333333,56.44555071770685,68.78778261562648,54.92769439629477,173013.8,97199.23833589119,gt_120,le_60,Ok,True,79.98371383,115.714264,False,False,-2.07958714,29.780160749999986,OSRM v26.9.0,2026-09-20T20:22:06Z,CSV mean across outbound route options / 28.7 m/s; not selected GeoJSON path,facility_point; routes supplied separately,saved_gt_60,1,,True,False,
nest1:13176,nest1,Muhanga,13176,Rugarama Sector,-1.429071,29.717428,sector_label_review,False,unverified,ccf934b2-0be0-43e6-be22-4d6f49d2ba6c,osm-car:nest1:13176,108.63333333333334,44.668419249159086,63.964914084174254,58.881479672452514,142617.8,76919.01794705194,le_120,le_60,Ok,True,79.98371383,31.30997926,False,False,-2.07958714,29.780160749999986,OSRM v26.9.0,2026-09-20T20:22:06Z,CSV mean across outbound route options / 28.7 m/s; not selected GeoJSON path,facility_point; routes supplied separately,saved_gt_60,1,,True,False,outside_healthcare_name_screen
nest1:13177,nest1,Muhanga,13177,Ruhunde Sector,-1.585886304,29.918610194,sector_label_review,False,unverified,a36804d9-107f-4d2f-a369-235a8621487b,osm-car:nest1:13177,93.025,35.241790776158396,57.78320922384161,62.115785244656394,104780.4,60686.36371654476,le_120,le_60,Ok,True,79.98371383,18.91959784,False,False,-2.07958714,29.780160749999986,OSRM v26.9.0,2026-09-20T20:22:06Z,CSV mean across outbound route options / 28.7 m/s; not selected GeoJSON path,facility_point; routes supplied separately,saved_le_60,1,,True,False,outside_healthcare_name_screen
nest1:13179,nest1,Muhanga,13179,Busengo Sector,-1.623251717,29.702523101,sector_label_review,False,unverified,86a2cd8c-729c-454b-9e34-7095e4da5ce8,osm-car:nest1:13179,110.0,33.58632079082596,76.41367920917403,69.46698109924913,130993.6,57835.644401802296,le_120,le_60,Ok,True,79.98371383,8.224083017,False,False,-2.07958714,29.780160749999986,OSRM v26.9.0,2026-09-20T20:22:06Z,CSV mean across outbound route options / 28.7 m/s; not selected GeoJSON path,facility_point; routes supplied separately,saved_gt_60,1,,True,False,outside_healthcare_name_screen
nest1:13180,nest1,Muhanga,13180,Coko Sector,-1.771924133,29.830167802,sector_label_review,False,unverified,ead0d427-abed-4f76-a20a-e8e29d5564e6,osm-car:nest1:13180,95.58666666666666,23.299221726549817,72.28744494011684,75.62502957886404,99026.1,40121.259813118784,le_120,le_30,Ok,True,79.98371383,20.48048771,False,False,-2.07958714,29.780160749999986,OSRM v26.9.0,2026-09-20T20:22:06Z,CSV mean across outbound route options / 28.7 m/s; not selected GeoJSON path,facility_point; routes supplied separately,saved_gt_60,1,,True,True,outside_healthcare_name_screen
nest1:13187,nest1,Muhanga,13187,Muyongwe Sector,-1.720075224,29.878253062,sector_label_review,False,unverified,bd7f5f7a-af03-42ea-9cf7-cb0ec4ffefd0,osm-car:nest1:13187,73.77166666666668,26.158935841934696,47.61273082473198,64.5406739146447,85289.2,45045.687519811545,le_120,le_30,Ok,True,79.98371383,40.50333843,False,False,-2.07958714,29.780160749999986,OSRM v26.9.0,2026-09-20T20:22:06Z,CSV mean across outbound route options / 28.7 m/s; not selected GeoJSON path,facility_point; routes supplied separately,saved_le_60,1,,True,True,outside_healthcare_name_screen
nest1:13188,nest1,Muhanga,13188,Muzo Sector,-1.686016998,29.715805269,sector_label_review,False,unverified,5db946b5-ea88-407e-b3d5-ff659212006c,osm-car:nest1:13188,95.28833333333334,29.416152930691467,65.87218040264187,69.12932370451982,112156.2,50654.61534665071,le_120,le_30,Ok,True,79.98371383,12.15705879,False,False,-2.07958714,29.780160749999986,OSRM v26.9.0,2026-09-20T20:22:06Z,CSV mean across outbound route options / 28.7 m/s; not selected GeoJSON path,facility_point; routes supplied separately,saved_gt_60,1,,True,True,outside_healthcare_name_screen
nest1:13189,nest1,Muhanga,13189,Nemba Sector,-1.622161801,29.790931722,sector_label_review,False,unverified,b210ffde-2436-424d-bef9-017b8259bb36,osm-car:nest1:13189,80.83,31.933020804682222,48.896979195317776,60.493602864428766,99792.8,54988.661825662784,le_120,le_60,Ok,True,79.98371383,43.1106596,False,False,-2.07958714,29.780160749999986,OSRM v26.9.0,2026-09-20T20:22:06Z,CSV mean across outbound route options / 28.7 m/s; not selected GeoJSON path,facility_point; routes supplied separately,saved_le_60,1,,True,False,outside_healthcare_name_screen
nest1:13190,nest1,Muhanga,13190,Rusasa Sector,-1.644203,29.66339,sector_label_review,False,unverified,ae28782e-2162-4313-9991-773539d1e5c4,osm-car:nest1:13190,113.43166666666666,31.309996205120203,82.12167046154646,72.39748200374363,94655.3,53915.81346521698,le_120,le_60,Ok,True,79.98371383,17.32565562,False,False,-2.07958714,29.780160749999986,OSRM v26.9.0,2026-09-20T20:22:06Z,CSV mean across outbound route options / 28.7 m/s; not selected GeoJSON path,facility_point; routes supplied separately,saved_gt_60,1,,True,False,outside_healthcare_name_screen
nest1:13199,nest1,Muhanga,13199,Mutete sector,-1.714252284,30.098034566,sector_label_review,False,unverified,dab192d4-323d-4163-b464-a972fe3f1f91,osm-car:nest1:13199,61.905,36.102920783145215,25.802079216854786,41.68012150368271,80782.6,62169.22958857606,le_120,le_60,Ok,True,79.98371383,45.13314033,False,False,-2.07958714,29.780160749999986,OSRM v26.9.0,2026-09-20T20:22:06Z,CSV mean across outbound route options / 28.7 m/s; not selected GeoJSON path,facility_point; routes supplied separately,saved_le_30,1,,True,False,outside_healthcare_name_screen
nest1:13203,nest1,Muhanga,13203,Mugombwa  Sector,-2.673698248,29.853189176,sector_label_review,False,unverified,02a0ff5c-d5e8-42f1-9b85-46f47f2be0ad,osm-car:nest1:13203,78.43166666666666,39.87089102979575,38.56077563687091,49.16480456899328,98949.5,68657.67435330828,le_120,le_60,Ok,True,79.98371383,17.63751192,False,False,-2.07958714,29.780160749999986,OSRM v26.9.0,2026-09-20T20:22:06Z,CSV mean across outbound route options / 28.7 m/s; not selected GeoJSON path,facility_point; routes supplied separately,saved_le_60,1,,True,False,outside_healthcare_name_screen
nest1:13205,nest1,Muhanga,13205,Kayumbu Sector,-1.986634801,29.798133912,sector_label_review,False,unverified,192f0f09-8864-42d6-8979-122c17cfdc67,osm-car:nest1:13205,19.225,9.01369038911868,10.21130961088132,53.11474439990283,12775.5,15521.574850062367,le_30,le_15,Ok,True,79.98371383,26.24388839,False,False,-2.07958714,29.780160749999986,OSRM v26.9.0,2026-09-20T20:22:06Z,CSV mean across outbound route options / 28.7 m/s; not selected GeoJSON path,facility_point; routes supplied separately,saved_le_15,1,,True,False,outside_healthcare_name_screen
nest1:13206,nest1,Muhanga,13206,Ngamba Sector,-1.897997184,29.89859293,sector_label_review,False,unverified,5bd8ea16-a4a2-4146-bcc8-6958ee36c118,osm-car:nest1:13206,36.708333333333336,16.09202833488553,20.616304998447806,56.16246537602125,35032.1,27710.47279267288,le_60,le_30,Ok,True,79.98371383,19.35358477,False,False,-2.07958714,29.780160749999986,OSRM v26.9.0,2026-09-20T20:22:06Z,CSV mean across outbound route options / 28.7 m/s; not selected GeoJSON path,facility_point; routes supplied separately,saved_le_30,1,,True,False,outside_healthcare_name_screen
nest1:13207,nest1,Muhanga,13207,Nyarubaka Sector,-2.086956427,29.830678646,sector_label_review,False,unverified,571b6201-e77b-4f53-afd6-65ecd8fd2c88,osm-car:nest1:13207,13.106666666666666,5.765721129176087,7.340945537490579,56.009248760101066,8859.8,9928.571784441221,le_15,le_15,Ok,True,79.98371383,23.62812817,False,False,-2.07958714,29.780160749999986,OSRM v26.9.0,2026-09-20T20:22:06Z,CSV mean across outbound route options / 28.7 m/s; not selected GeoJSON path,facility_point; routes supplied separately,saved_le_15,1,,True,False,outside_healthcare_name_screen
nest1:13212,nest1,Muhanga,13212,Rubengera Sector,-2.06329,29.409942,sector_label_review,False,unverified,33ee562a-c90b-4adb-9dcf-d26d925347c3,osm-car:nest1:13212,48.54333333333333,26.686272211493044,21.857061121840285,45.02587610074906,65804.3,45953.76074819102,le_60,le_30,Ok,True,79.98371383,74.92427877,False,False,-2.07958714,29.780160749999986,OSRM v26.9.0,2026-09-20T20:22:06Z,CSV mean across outbound route options / 28.7 m/s; not selected GeoJSON path,facility_point; routes supplied separately,saved_le_30,1,,True,False,outside_healthcare_name_screen
nest1:13213,nest1,Muhanga,13213,Rwankuba Sector,-2.160564,29.372726,sector_label_review,False,unverified,a7d33de7-e4b1-448a-83b6-c622f92243d6,osm-car:nest1:13213,83.39666666666668,29.57323080972685,53.823435856939824,64.53907333259501,93309.3,50925.103454349635,le_120,le_30,Ok,True,79.98371383,7.661019865,False,False,-2.07958714,29.780160749999986,OSRM v26.9.0,2026-09-20T20:22:06Z,CSV mean across outbound route options / 28.7 m/s; not selected GeoJSON path,facility_point; routes supplied separately,saved_le_60,1,,True,True,outside_healthcare_name_screen
nest1:13214,nest1,Muhanga,13214,Twumba sector,-2.242423526,29.362463077,sector_label_review,False,unverified,c1ab40bd-e455-4e49-a513-9f12fc445ccb,osm-car:nest1:13214,100.03166666666667,30.222577989714882,69.80908867695179,69.78698946362164,116617.5,52043.279298289024,le_120,le_60,Ok,True,79.98371383,134.054238,False,False,-2.07958714,29.780160749999986,OSRM v26.9.0,2026-09-20T20:22:06Z,CSV mean across outbound route options / 28.7 m/s; not selected GeoJSON path,facility_point; routes supplied separately,saved_gt_60,1,,True,False,outside_healthcare_name_screen
nest1:13223,nest1,Muhanga,13223,Kabacuzi Sector,-1.942433,29.734591,sector_label_review,False,unverified,970a3868-83c6-42d0-96a7-3eacbf64e4c6,osm-car:nest1:13223,31.563333333333333,10.882727605570741,20.68060572776259,65.52098128977481,32589.0,18740.056936792815,le_60,le_15,Ok,True,79.98371383,22.50373947,False,False,-2.07958714,29.780160749999986,OSRM v26.9.0,2026-09-20T20:22:06Z,CSV mean across outbound route options / 28.7 m/s; not selected GeoJSON path,facility_point; routes supplied separately,saved_le_30,1,,True,False,outside_healthcare_name_screen
nest1:13224,nest1,Muhanga,13224,Kibangu Sector,-1.843976903,29.684776469,sector_label_review,False,unverified,3ed2dabd-c627-4199-a7e0-bf487b322208,osm-car:nest1:13224,50.809999999999995,18.32494653414768,32.48505346585232,63.93437013550938,45608.4,31555.55793180231,le_60,le_30,Ok,True,79.98371383,19.53599622,False,False,-2.07958714,29.780160749999986,OSRM v26.9.0,2026-09-20T20:22:06Z,CSV mean across outbound route options / 28.7 m/s; not selected GeoJSON path,facility_point; routes supplied separately,saved_le_60,1,,True,False,outside_healthcare_name_screen
nest1:13225,nest1,Muhanga,13225,Kiyumba Sector,-1.880922209,29.767574024,sector_label_review,False,unverified,a88b1a36-7547-4051-b5b7-271bf43008a8,osm-car:nest1:13225,50.59166666666667,14.173323481588863,36.4183431850778,71.98486546218639,46372.6,24406.463035296023,le_60,le_15,Ok,True,79.98371383,17.31123828,False,False,-2.07958714,29.780160749999986,OSRM v26.9.0,2026-09-20T20:22:06Z,CSV mean across outbound route options / 28.7 m/s; not selected GeoJSON path,facility_point; routes supplied separately,saved_le_60,1,,True,False,outside_healthcare_name_screen
nest1:13226,nest1,Muhanga,13226,Nyabinoni Sector,-1.773979,29.683243,sector_label_review,False,unverified,deddc88f-992f-427a-8d30-ab716eeb088a,osm-car:nest1:13226,70.86,23.766353202356306,47.09364679764369,66.46012813666906,62301.0,40925.66021445756,le_120,le_30,Ok,True,79.98371383,15.89348621,False,False,-2.07958714,29.780160749999986,OSRM v26.9.0,2026-09-20T20:22:06Z,CSV mean across outbound route options / 28.7 m/s; not selected GeoJSON path,facility_point; routes supplied separately,saved_le_60,1,,True,True,outside_healthcare_name_screen
nest1:13228,nest1,Muhanga,13228,Nyarusange Sector,-2.088556,29.676886,sector_label_review,False,unverified,e1082c6c-b6e0-40e7-8d78-caea1541a98a,osm-car:nest1:13228,13.264999999999999,8.878816093093464,4.386183906906535,33.0658417407202,18058.9,15289.321312306944,le_15,le_15,Ok,True,79.98371383,44.62734332,False,False,-2.07958714,29.780160749999986,OSRM v26.9.0,2026-09-20T20:22:06Z,CSV mean across outbound route options / 28.7 m/s; not selected GeoJSON path,facility_point; routes supplied separately,saved_le_15,1,,True,False,outside_healthcare_name_screen
nest1:13229,nest1,Muhanga,13229,Rongi Sector,-1.818716683,29.763726437,sector_label_review,False,unverified,f51ded2e-2abb-4408-bc52-26be3559d7b9,osm-car:nest1:13229,60.235,19.146516001760475,41.088483998239525,68.21363658709974,51597.8,32970.300555031536,le_120,le_30,Ok,True,79.98371383,56.20124999,False,False,-2.07958714,29.780160749999986,OSRM v26.9.0,2026-09-20T20:22:06Z,CSV mean across outbound route options / 28.7 m/s; not selected GeoJSON path,facility_point; routes supplied separately,saved_le_60,1,,True,True,outside_healthcare_name_screen
nest1:13230,nest1,Muhanga,13230,Rugendabari Sector Muhanga,-1.949673,29.677643,sector_label_review,False,unverified,de5b7b0f-ce66-4411-8652-a70f36dc937e,osm-car:nest1:13230,30.525,14.749552625456658,15.77544737454334,51.68041727942126,33384.5,25398.729621036364,le_60,le_15,Ok,True,79.98371383,10.98163959,False,False,-2.07958714,29.780160749999986,OSRM v26.9.0,2026-09-20T20:22:06Z,CSV mean across outbound route options / 28.7 m/s; not selected GeoJSON path,facility_point; routes supplied separately,saved_le_30,1,,True,False,outside_healthcare_name_screen
nest1:13232,nest1,Muhanga,13232,Hindiro SGHP,-1.812743954,29.619613007,health_post_or_dispensary_label,True,unverified,6edc4ae4-280e-46ee-90d8-5636962a0571,osm-car:nest1:13232,55.69166666666667,21.15424100435399,34.53742566231268,62.015428392600946,60621.8,36427.60300949757,le_60,le_30,Ok,True,79.98371383,11.37700276,False,False,-2.07958714,29.780160749999986,OSRM v26.9.0,2026-09-20T20:22:06Z,CSV mean across outbound route options / 28.7 m/s; not selected GeoJSON path,facility_point; routes supplied separately,saved_le_60,1,,True,False,
nest1:13234,nest1,Muhanga,13234,Matyazo Sector,-1.756173652,29.617337971,sector_label_review,False,unverified,6f2b6959-49ee-4eb9-97eb-5f7819b01d8f,osm-car:nest1:13234,70.33500000000001,24.779081794203005,45.555918205797,64.76991285390913,72255.5,42669.578849617574,le_120,le_30,Ok,True,79.98371383,58.65396415,False,False,-2.07958714,29.780160749999986,OSRM v26.9.0,2026-09-20T20:22:06Z,CSV mean across outbound route options / 28.7 m/s; not selected GeoJSON path,facility_point; routes supplied separately,saved_le_60,1,,True,True,outside_healthcare_name_screen
nest1:13236,nest1,Muhanga,13236,Nyange Sector,-2.055227229,29.598746355,sector_label_review,False,unverified,39df7d65-d88b-4ae1-ae31-54dacc97d833,osm-car:nest1:13236,23.904999999999998,12.85200322678093,11.052996773219068,46.23717537426927,32148.0,22131.14955651676,le_30,le_15,Ok,True,79.98371383,6.198738735,False,False,-2.07958714,29.780160749999986,OSRM v26.9.0,2026-09-20T20:22:06Z,CSV mean across outbound route options / 28.7 m/s; not selected GeoJSON path,facility_point; routes supplied separately,saved_le_15,1,,True,False,outside_healthcare_name_screen
nest1:13240,nest1,Muhanga,13240,Kintobo Sector,-1.597732364,29.562833736,sector_label_review,False,unverified,851f0f98-2304-43d7-b88a-d0a188f06172,osm-car:nest1:13240,110.36999999999999,36.11340012559796,74.25659987440203,67.27969545565102,104055.7,62187.27501627969,le_120,le_60,Ok,True,79.98371383,53.80867757,False,False,-2.07958714,29.780160749999986,OSRM v26.9.0,2026-09-20T20:22:06Z,CSV mean across outbound route options / 28.7 m/s; not selected GeoJSON path,facility_point; routes supplied separately,saved_gt_60,1,,True,False,outside_healthcare_name_screen
nest1:13242,nest1,Muhanga,13242,Rurembo Sector,-1.660563034,29.575448794,sector_label_review,False,unverified,79411c71-f95f-4970-94f0-2e2db8b8dea4,osm-car:nest1:13242,92.29166666666667,32.165453596311956,60.126213070354716,65.14804125004574,94565.5,55388.91109284919,le_120,le_60,Ok,True,79.98371383,11.45143841,False,False,-2.07958714,29.780160749999986,OSRM v26.9.0,2026-09-20T20:22:06Z,CSV mean across outbound route options / 28.7 m/s; not selected GeoJSON path,facility_point; routes supplied separately,saved_gt_60,1,,True,False,outside_healthcare_name_screen
nest1:13247,nest1,Muhanga,13247,Cyanika Sector,-2.433379735,29.600243979,sector_label_review,False,unverified,01a65b58-7cac-42a5-a53d-f19b397a224a,osm-car:nest1:13247,73.76333333333334,27.980417957028084,45.782915376305255,62.067308115556855,73689.1,48182.279722002364,le_120,le_30,Ok,True,79.98371383,65.1834904,False,False,-2.07958714,29.780160749999986,OSRM v26.9.0,2026-09-20T20:22:06Z,CSV mean across outbound route options / 28.7 m/s; not selected GeoJSON path,facility_point; routes supplied separately,saved_le_60,1,,True,True,outside_healthcare_name_screen
nest1:13248,nest1,Muhanga,13248,Gatare Sector,-2.388933413,29.387216574,sector_label_review,False,unverified,6bffb953-9cdb-421f-ac78-32b8042eef80,osm-car:nest1:13248,132.45833333333334,33.16873596100085,99.2895973723325,74.95911723611135,122699.3,57116.56332484346,gt_120,le_60,Ok,True,79.98371383,77.86399555,False,False,-2.07958714,29.780160749999986,OSRM v26.9.0,2026-09-20T20:22:06Z,CSV mean across outbound route options / 28.7 m/s; not selected GeoJSON path,facility_point; routes supplied separately,saved_gt_60,1,,True,False,outside_healthcare_name_screen
nest1:13249,nest1,Muhanga,13249,Kamegeri Sector,-2.516852544,29.577465874,sector_label_review,False,unverified,e99dc9e5-9bfb-4cbc-8552-89b424a37dea,osm-car:nest1:13249,84.20833333333333,31.984475885383645,52.22385744794968,62.01744575709018,105842.8,55077.26747463064,le_120,le_60,Ok,True,79.98371383,35.22454418,False,False,-2.07958714,29.780160749999986,OSRM v26.9.0,2026-09-20T20:22:06Z,CSV mean across outbound route options / 28.7 m/s; not selected GeoJSON path,facility_point; routes supplied separately,saved_le_60,1,,True,False,outside_healthcare_name_screen
nest1:13250,nest1,Muhanga,13250,Kibirizi sector,-2.47449,29.520457,sector_label_review,False,unverified,d5bc0280-fc03-4b9c-850b-762438662a9d,osm-car:nest1:13250,89.74833333333332,32.02841816558206,57.71991516775126,64.31307749568379,86949.5,55152.936081132306,le_120,le_60,Ok,True,79.98371383,20.94946669,False,False,-2.07958714,29.780160749999986,OSRM v26.9.0,2026-09-20T20:22:06Z,CSV mean across outbound route options / 28.7 m/s; not selected GeoJSON path,facility_point; routes supplied separately,saved_le_60,1,,True,False,outside_healthcare_name_screen
nest1:13251,nest1,Muhanga,13251,Kibumbwe Sector,-2.396886945,29.533395197,sector_label_review,False,unverified,379e9522-b131-4fa6-9633-3b8510336610,osm-car:nest1:13251,106.18666666666667,27.6290242166796,78.55764244998707,73.9807029601837,92031.0,47577.179701122266,le_120,le_30,Ok,True,79.98371383,31.00748444,False,False,-2.07958714,29.780160749999986,OSRM v26.9.0,2026-09-20T20:22:06Z,CSV mean across outbound route options / 28.7 m/s; not selected GeoJSON path,facility_point; routes supplied separately,saved_gt_60,1,,True,True,outside_healthcare_name_screen
nest1:13252,nest1,Muhanga,13252,Mbazi Sector,-2.38395509,29.61433161,sector_label_review,False,unverified,db8973a6-a1e6-457d-a582-21c84667fc6a,osm-car:nest1:13252,78.41499999999999,24.085288049564266,54.32971195043572,69.28484594839728,74488.0,41474.86602134966,le_120,le_30,Ok,True,79.98371383,39.87551286,False,False,-2.07958714,29.780160749999986,OSRM v26.9.0,2026-09-20T20:22:06Z,CSV mean across outbound route options / 28.7 m/s; not selected GeoJSON path,facility_point; routes supplied separately,saved_le_60,1,,True,True,outside_healthcare_name_screen
nest1:13253,nest1,Muhanga,13253,Mugano Sector Near SACCO,-2.265002,29.509116,sector_label_review,False,unverified,c85910ae-b143-47eb-b669-504b40ac7895,osm-car:nest1:13253,86.29833333333333,23.305967298482923,62.992366034850406,72.99372259199723,64222.2,40132.875687987595,le_120,le_30,Ok,True,79.98371383,15.13507735,False,False,-2.07958714,29.780160749999986,OSRM v26.9.0,2026-09-20T20:22:06Z,CSV mean across outbound route options / 28.7 m/s; not selected GeoJSON path,facility_point; routes supplied separately,saved_gt_60,1,,True,True,outside_healthcare_name_screen
nest1:13255,nest1,Muhanga,13255,Musebeya Sector,-2.416334873,29.451762117,sector_label_review,False,unverified,52241bdf-c7f9-48f8-816a-e4bce189ea0f,osm-car:nest1:13255,117.5,31.68987602185823,85.81012397814177,73.02989274735471,82898.7,54569.96650963987,le_120,le_60,Ok,True,79.98371383,55.94502406,False,False,-2.07958714,29.780160749999986,OSRM v26.9.0,2026-09-20T20:22:06Z,CSV mean across outbound route options / 28.7 m/s; not selected GeoJSON path,facility_point; routes supplied separately,saved_gt_60,1,,True,False,outside_healthcare_name_screen
nest1:13256,nest1,Muhanga,13256,Mushubi sector,-2.349047504,29.445587344,sector_label_review,False,unverified,1e94f418-dec4-4e70-8657-997e90787205,osm-car:nest1:13256,125.00166666666668,28.533305199375775,96.4683614672909,77.17366019169683,80029.8,49134.35155332508,gt_120,le_30,Ok,True,79.98371383,51.20035897,False,False,-2.07958714,29.780160749999986,OSRM v26.9.0,2026-09-20T20:22:06Z,CSV mean across outbound route options / 28.7 m/s; not selected GeoJSON path,facility_point; routes supplied separately,saved_gt_60,1,,True,True,outside_healthcare_name_screen
nest1:13257,nest1,Muhanga,13257,Bushekeri Sector,-2.4109,29.078472,sector_label_review,False,unverified,f0d95794-d01d-4d11-a000-c58901da6975,osm-car:nest1:13257,116.50333333333333,52.05742405429411,64.44590927903923,55.31679432265677,162945.4,89642.88422149446,le_120,le_60,Ok,True,79.98371383,31.56588494,False,False,-2.07958714,29.780160749999986,OSRM v26.9.0,2026-09-20T20:22:06Z,CSV mean across outbound route options / 28.7 m/s; not selected GeoJSON path,facility_point; routes supplied separately,saved_gt_60,1,,True,False,outside_healthcare_name_screen
nest1:13258,nest1,Muhanga,13258,Cyato Sector,-2.407023,29.200482,sector_label_review,False,unverified,c5ae7880-9865-44f5-a3f1-883afc947373,osm-car:nest1:13258,127.86,47.37243725947696,80.48756274052303,62.949759690695316,163161.9,81575.33696081932,gt_120,le_60,Ok,True,79.98371383,16.45476672,False,False,-2.07958714,29.780160749999986,OSRM v26.9.0,2026-09-20T20:22:06Z,CSV mean across outbound route options / 28.7 m/s; not selected GeoJSON path,facility_point; routes supplied separately,saved_gt_60,1,,True,False,outside_healthcare_name_screen
nest1:13261,nest1,Muhanga,13261,Mahembe Sector,-2.207987,29.280379,sector_label_review,False,unverified,8b53ad88-17f0-45f9-9ad8-654ca8c0a340,osm-car:nest1:13261,84.47833333333332,38.13516547382417,46.34316785950915,54.85805179968334,112088.7,65668.75494592523,le_120,le_60,Ok,True,79.98371383,192.3013618,False,False,-2.07958714,29.780160749999986,OSRM v26.9.0,2026-09-20T20:22:06Z,CSV mean across outbound route options / 28.7 m/s; not selected GeoJSON path,facility_point; routes supplied separately,saved_le_60,1,,True,False,outside_healthcare_name_screen
nest1:13262,nest1,Muhanga,13262,Rangiro Sector,-2.402824908,29.161324159,sector_label_review,False,unverified,39628655-b274-4de3-b7d0-98aa35afcd35,osm-car:nest1:13262,127.64166666666667,47.60346896838733,80.03819769827933,62.70538436895946,160948.3,81973.17356356299,gt_120,le_60,Ok,True,79.98371383,737.2738816,True,False,-2.07958714,29.780160749999986,OSRM v26.9.0,2026-09-20T20:22:06Z,CSV mean across outbound route options / 28.7 m/s; not selected GeoJSON path,facility_point; routes supplied separately,saved_gt_60,1,,False,False,endpoint_gap_over_250m;outside_healthcare_name_screen
nest1:13263,nest1,Muhanga,13263,Shangi Sector,-2.331311,29.016981,sector_label_review,False,unverified,4ad53188-fd37-4763-b884-32fa86873ab9,osm-car:nest1:13263,153.425,55.27965294003161,98.1453470599684,63.9695923480322,190272.1,95191.56236273443,gt_120,le_60,Ok,True,79.98371383,29.0456228,False,False,-2.07958714,29.780160749999986,OSRM v26.9.0,2026-09-20T20:22:06Z,CSV mean across outbound route options / 28.7 m/s; not selected GeoJSON path,facility_point; routes supplied separately,saved_gt_60,1,,True,False,outside_healthcare_name_screen
nest1:13264,nest1,Muhanga,13264,Cyabakamyi Sector,-2.299235342,29.65023646,sector_label_review,False,unverified,db265e31-9721-47eb-bc9d-e323150be138,osm-car:nest1:13264,58.105000000000004,19.91732004315036,38.18767995684964,65.72184830367377,55804.4,34297.62511430492,le_60,le_30,Ok,True,79.98371383,46.33275772,False,False,-2.07958714,29.780160749999986,OSRM v26.9.0,2026-09-20T20:22:06Z,CSV mean across outbound route options / 28.7 m/s; not selected GeoJSON path,facility_point; routes supplied separately,saved_le_60,1,,True,False,outside_healthcare_name_screen
nest1:13265,nest1,Muhanga,13265,Kigoma Sector,-2.287939,29.798018,sector_label_review,False,unverified,ec64e264-3ea0-438f-a8f4-8263db455d71,osm-car:nest1:13265,27.65666666666667,14.633261142678581,13.023405523988089,47.08957041335937,35258.5,25198.475687692517,le_30,le_15,Ok,True,79.98371383,21.77422831,False,False,-2.07958714,29.780160749999986,OSRM v26.9.0,2026-09-20T20:22:06Z,CSV mean across outbound route options / 28.7 m/s; not selected GeoJSON path,facility_point; routes supplied separately,saved_le_15,1,,True,False,outside_healthcare_name_screen
nest1:13266,nest1,Muhanga,13266,Muyira Sector,-2.350385,29.876844,sector_label_review,False,unverified,67d0bf11-37d9-4667-8940-e8abbaade0fb,osm-car:nest1:13266,44.413333333333334,21.002418864496995,23.41091446883634,52.71145557378341,55867.6,36166.165284663824,le_60,le_30,Ok,True,79.98371383,29.65449341,False,False,-2.07958714,29.780160749999986,OSRM v26.9.0,2026-09-20T20:22:06Z,CSV mean across outbound route options / 28.7 m/s; not selected GeoJSON path,facility_point; routes supplied separately,saved_le_30,1,,True,False,outside_healthcare_name_screen
nest1:13267,nest1,Muhanga,13267,Rwabicuma Sector,-2.350565632,29.701725991,sector_label_review,False,unverified,d75ab738-d347-462d-9220-ee051bab0a4c,osm-car:nest1:13267,49.29,19.69528051551783,29.59471948448217,60.04203587843816,54237.5,33915.273047721705,le_60,le_30,Ok,True,79.98371383,62.01019924,False,False,-2.07958714,29.780160749999986,OSRM v26.9.0,2026-09-20T20:22:06Z,CSV mean across outbound route options / 28.7 m/s; not selected GeoJSON path,facility_point; routes supplied separately,saved_le_30,1,,True,False,outside_healthcare_name_screen
nest1:13268,nest1,Muhanga,13268,Cyahinda Sector,-2.744556533,29.609954665,sector_label_review,False,unverified,753984af-4ca3-400c-94f9-72d3fc227b0d,osm-car:nest1:13268,99.57,47.903577418142326,51.66642258185767,51.88954763669546,121954.7,82489.96031404109,le_120,le_60,Ok,True,79.98371383,11.58887568,False,False,-2.07958714,29.780160749999986,OSRM v26.9.0,2026-09-20T20:22:06Z,CSV mean across outbound route options / 28.7 m/s; not selected GeoJSON path,facility_point; routes supplied separately,saved_le_60,1,,True,False,outside_healthcare_name_screen
nest1:13269,nest1,Muhanga,13269,Kivu Sector,-2.615735031,29.460629416,sector_label_review,False,unverified,2f48bfc1-2d4b-4e48-a519-578eb8ce6951,osm-car:nest1:13269,114.46333333333334,41.849990737566394,72.61334259576694,63.438081419756195,126222.9,72065.68405008933,le_120,le_60,Ok,True,79.98371383,18.31021778,False,False,-2.07958714,29.780160749999986,OSRM v26.9.0,2026-09-20T20:22:06Z,CSV mean across outbound route options / 28.7 m/s; not selected GeoJSON path,facility_point; routes supplied separately,saved_gt_60,1,,True,False,outside_healthcare_name_screen
nest1:13271,nest1,Muhanga,13271,Ruheru Sector,-2.749546,29.454936,sector_label_review,False,unverified,ab93464e-0b8d-4d81-ace1-ab581adf5e99,osm-car:nest1:13271,130.465,49.08878342986488,81.37621657013511,62.37398273110421,136923.6,84530.88506622733,gt_120,le_60,Ok,True,79.98371383,55.28961116,False,False,-2.07958714,29.780160749999986,OSRM v26.9.0,2026-09-20T20:22:06Z,CSV mean across outbound route options / 28.7 m/s; not selected GeoJSON path,facility_point; routes supplied separately,saved_gt_60,1,,True,False,outside_healthcare_name_screen
nest1:13273,nest1,Muhanga,13273,Bweramana Sector,-2.233702372,29.698831789,sector_label_review,False,unverified,51419592-ba42-46b7-8dcb-9ada171dfbaf,osm-car:nest1:13273,31.725,12.398801560476425,19.326198439523576,60.9178831821074,29242.6,21350.736287140404,le_60,le_15,Ok,True,79.98371383,33.87563264,False,False,-2.07958714,29.780160749999986,OSRM v26.9.0,2026-09-20T20:22:06Z,CSV mean across outbound route options / 28.7 m/s; not selected GeoJSON path,facility_point; routes supplied separately,saved_le_30,1,,True,False,outside_healthcare_name_screen
nest1:13274,nest1,Muhanga,13274,Ntongwe Sector,-2.222326403,29.861234091,sector_label_review,False,unverified,f11af803-4a99-4db4-a90b-b0e069c96d7a,osm-car:nest1:13274,38.05833333333333,12.244099706169443,25.814233627163887,67.82807171577987,39108.9,21084.33969402378,le_60,le_15,Ok,True,79.98371383,40.93404404,False,False,-2.07958714,29.780160749999986,OSRM v26.9.0,2026-09-20T20:22:06Z,CSV mean across outbound route options / 28.7 m/s; not selected GeoJSON path,facility_point; routes supplied separately,saved_le_30,1,,True,False,outside_healthcare_name_screen
nest1:13279,nest1,Muhanga,13279,Ntarabana Sector,-1.790850065,30.095573454,sector_label_review,False,unverified,03969dba-4324-4d6a-9038-244aad35852d,osm-car:nest1:13279,51.13166666666667,31.627564538542188,19.50410212812448,38.144858948709825,65292.2,54462.66613536965,le_60,le_60,Ok,True,79.98371383,44.32660476,False,False,-2.07958714,29.780160749999986,OSRM v26.9.0,2026-09-20T20:22:06Z,CSV mean across outbound route options / 28.7 m/s; not selected GeoJSON path,facility_point; routes supplied separately,saved_le_30,1,,True,False,outside_healthcare_name_screen
nest1:13280,nest1,Muhanga,13280,Rusiga Sector,-1.812760513,29.9369485,sector_label_review,False,unverified,9301816c-32fe-4b37-a81b-12b213dce0ca,osm-car:nest1:13280,48.43833333333334,26.888958612113594,21.549374721219746,44.48826629299056,62680.1,46302.78673005961,le_60,le_30,Ok,True,79.98371383,60.06555549,False,False,-2.07958714,29.780160749999986,OSRM v26.9.0,2026-09-20T20:22:06Z,CSV mean across outbound route options / 28.7 m/s; not selected GeoJSON path,facility_point; routes supplied separately,saved_le_30,1,,True,False,outside_healthcare_name_screen
nest1:13281,nest1,Muhanga,13281,Tumba sector,-1.697910305,29.942839004,sector_label_review,False,unverified,39bc50df-d1de-4714-820e-6f009074d731,osm-car:nest1:13281,64.74666666666667,30.26305729060764,34.48360937605903,53.25928136747173,81220.3,52112.98465442636,le_120,le_60,Ok,True,79.98371383,69.08702999,False,False,-2.07958714,29.780160749999986,OSRM v26.9.0,2026-09-20T20:22:06Z,CSV mean across outbound route options / 28.7 m/s; not selected GeoJSON path,facility_point; routes supplied separately,saved_le_60,1,,True,False,outside_healthcare_name_screen
nest1:13286,nest1,Muhanga,13286,Kigeyo Sector,-1.817533,29.311945,sector_label_review,False,unverified,79d8de46-4dc6-4211-b236-e7643b87d772,osm-car:nest1:13286,90.39833333333333,37.446796672591056,52.95153666074227,58.575788632617424,118634.7,64483.38387020179,le_120,le_60,Ok,True,79.98371383,7.571819663,False,False,-2.07958714,29.780160749999986,OSRM v26.9.0,2026-09-20T20:22:06Z,CSV mean across outbound route options / 28.7 m/s; not selected GeoJSON path,facility_point; routes supplied separately,saved_le_60,1,,True,False,outside_healthcare_name_screen
nest1:13287,nest1,Muhanga,13287,Mukura Sector,-2.012359802,29.458226747,sector_label_review,False,unverified,934cbd91-8e6d-481a-96e0-b50865669523,osm-car:nest1:13287,57.12,23.68574918432925,33.43425081567075,58.53335226833115,68248.6,40786.860095414966,le_60,le_30,Ok,True,79.98371383,123.6716285,False,False,-2.07958714,29.780160749999986,OSRM v26.9.0,2026-09-20T20:22:06Z,CSV mean across outbound route options / 28.7 m/s; not selected GeoJSON path,facility_point; routes supplied separately,saved_le_60,1,,True,False,outside_healthcare_name_screen
nest1:13288,nest1,Muhanga,13288,Murunda Sector,-1.905820914,29.384257332,sector_label_review,False,unverified,7f5b72ed-8db8-4bda-8fc4-99d5c3a47089,osm-car:nest1:13288,70.00166666666668,34.710616003648646,35.291050663018034,50.41458631416113,90824.2,59771.68075828297,le_120,le_60,Ok,True,79.98371383,15.49410221,False,False,-2.07958714,29.780160749999986,OSRM v26.9.0,2026-09-20T20:22:06Z,CSV mean across outbound route options / 28.7 m/s; not selected GeoJSON path,facility_point; routes supplied separately,saved_le_60,1,,True,False,outside_healthcare_name_screen
nest1:13290,nest1,Muhanga,13290,Mushubati Sector,-2.008811,29.395022,sector_label_review,False,unverified,4150a29b-aa72-4624-9856-51e756cd3b4a,osm-car:nest1:13290,52.69666666666667,29.6743246572297,23.022342009436972,43.688421802967234,72215.6,51099.18705974954,le_60,le_30,Ok,True,79.98371383,58.53352922,False,False,-2.07958714,29.780160749999986,OSRM v26.9.0,2026-09-20T20:22:06Z,CSV mean across outbound route options / 28.7 m/s; not selected GeoJSON path,facility_point; routes supplied separately,saved_le_30,1,,True,False,outside_healthcare_name_screen
nest1:13291,nest1,Muhanga,13291,Nyabirasi Sector Office,-1.768762857,29.359401497,sector_label_review,False,unverified,6b8f0d63-6892-452d-add7-aa6b28669ae4,osm-car:nest1:13291,96.80333333333333,38.37241634108927,58.43091699224406,60.360439026456454,120773.5,66077.30093935571,le_120,le_60,Ok,True,79.98371383,17.43836806,False,False,-2.07958714,29.780160749999986,OSRM v26.9.0,2026-09-20T20:22:06Z,CSV mean across outbound route options / 28.7 m/s; not selected GeoJSON path,facility_point; routes supplied separately,saved_le_60,1,,True,False,outside_healthcare_name_screen
nest1:13316,nest1,Muhanga,13316,Kivuruga Sector,-1.593807611,29.749459839,sector_label_review,False,unverified,35220081-b910-4937-b81c-27ff203ffbba,osm-car:nest1:13316,82.90666666666667,33.11758199651134,49.789084670155326,60.05438002993968,108606.6,57028.476197992524,le_120,le_60,Ok,True,79.98371383,54.97205273,False,False,-2.07958714,29.780160749999986,OSRM v26.9.0,2026-09-20T20:22:06Z,CSV mean across outbound route options / 28.7 m/s; not selected GeoJSON path,facility_point; routes supplied separately,saved_le_60,1,,True,False,outside_healthcare_name_screen
nest1:13319,nest1,Muhanga,13319,Muhondo sector,-1.816867,29.887049,sector_label_review,False,unverified,45456c4b-6d8c-4782-8738-a5bea8f37ee9,osm-car:nest1:13319,67.285,20.57521128601746,46.70978871398253,69.42080510363756,73950.5,35430.51383452206,le_120,le_30,Ok,True,79.98371383,22.17443705,False,False,-2.07958714,29.780160749999986,OSRM v26.9.0,2026-09-20T20:22:06Z,CSV mean across outbound route options / 28.7 m/s; not selected GeoJSON path,facility_point; routes supplied separately,saved_le_60,1,,True,True,outside_healthcare_name_screen
nest1:13326,nest1,Muhanga,13326,Kagano Sector,-2.368204816,29.090079445,sector_label_review,False,unverified,91871f46-379c-4500-933b-cbab8deb4096,osm-car:nest1:13326,112.41666666666667,49.83258312183193,62.58408354483474,55.671534658118375,157147.4,85811.70813579459,le_120,le_60,Ok,True,79.98371383,36.50422362,False,False,-2.07958714,29.780160749999986,OSRM v26.9.0,2026-09-20T20:22:06Z,CSV mean across outbound route options / 28.7 m/s; not selected GeoJSON path,facility_point; routes supplied separately,saved_gt_60,1,,True,False,outside_healthcare_name_screen
nest1:13330,nest1,Muhanga,13330,NYAGISOZI Sector,-2.349933033,29.662070237,sector_label_review,False,unverified,ed6ca325-bfc3-4ed8-8d9e-810b8c47252a,osm-car:nest1:13330,56.885,21.874727041990145,35.01027295800985,61.54570265976945,59306.5,37668.27996630703,le_60,le_30,Ok,True,79.98371383,19.56572052,False,False,-2.07958714,29.780160749999986,OSRM v26.9.0,2026-09-20T20:22:06Z,CSV mean across outbound route options / 28.7 m/s; not selected GeoJSON path,facility_point; routes supplied separately,saved_le_60,1,,True,False,outside_healthcare_name_screen
nest1:13352,nest1,Muhanga,13352,Boneza sector,-1.903730112,29.30719058,sector_label_review,False,unverified,a338683b-9737-43a0-b48a-9cabfcefbdca,osm-car:nest1:13352,87.08666666666666,35.603318961875786,51.48334770479087,59.11737086211921,104236.4,61308.91525235011,le_120,le_60,Ok,True,79.98371383,17.35751467,False,False,-2.07958714,29.780160749999986,OSRM v26.9.0,2026-09-20T20:22:06Z,CSV mean across outbound route options / 28.7 m/s; not selected GeoJSON path,facility_point; routes supplied separately,saved_le_60,1,,True,False,outside_healthcare_name_screen
nest1:13353,nest1,Muhanga,13353,Kivumu sector,-1.780078403,29.320228879,sector_label_review,False,unverified,81ada725-280f-446a-a81f-dddf246f8f93,osm-car:nest1:13353,86.565,37.32515028470445,49.23984971529555,56.88193809888009,120244.5,64273.90879026106,le_120,le_60,Ok,True,79.98371383,41.88502808,False,False,-2.07958714,29.780160749999986,OSRM v26.9.0,2026-09-20T20:22:06Z,CSV mean across outbound route options / 28.7 m/s; not selected GeoJSON path,facility_point; routes supplied separately,saved_le_60,1,,True,False,outside_healthcare_name_screen
nest1:13356,nest1,Muhanga,13356,Rugarika Sector,-1.990970753,29.93350988,sector_label_review,False,unverified,1b98e2d3-f8b0-4a37-aeac-36ff366c99a1,osm-car:nest1:13356,19.93,14.94638767898872,4.983612321011281,25.005581139043052,27057.4,25737.679583218574,le_30,le_15,Ok,True,79.98371383,8.692921385,False,False,-2.07958714,29.780160749999986,OSRM v26.9.0,2026-09-20T20:22:06Z,CSV mean across outbound route options / 28.7 m/s; not selected GeoJSON path,facility_point; routes supplied separately,saved_le_15,1,,True,False,outside_healthcare_name_screen
nest1:13456,nest1,Muhanga,13456,Kanyirarebe HP,-1.427230589,29.68927833,health_post_or_dispensary_label,True,unverified,014caa33-a883-46d7-ae86-a83bc11a4862,osm-car:nest1:13456,113.78999999999999,46.41058594289115,67.37941405710885,59.21382727577893,143748.1,79919.02899365856,le_120,le_60,Ok,True,79.98371383,37.93832886,False,False,-2.07958714,29.780160749999986,OSRM v26.9.0,2026-09-20T20:22:06Z,CSV mean across outbound route options / 28.7 m/s; not selected GeoJSON path,facility_point; routes supplied separately,saved_gt_60,1,,True,False,
nest1:13458,nest1,Muhanga,13458,Rugarama Gafumba HP,-1.404330912,29.73758653,health_post_or_dispensary_label,True,unverified,834bfb6f-f00b-4388-b5a8-3ded4a6d8c3d,osm-car:nest1:13458,112.20666666666666,45.761462707814104,66.44520395885256,59.216805857215164,146301.7,78801.23878285589,le_120,le_60,Ok,True,79.98371383,58.17890719,False,False,-2.07958714,29.780160749999986,OSRM v26.9.0,2026-09-20T20:22:06Z,CSV mean across outbound route options / 28.7 m/s; not selected GeoJSON path,facility_point; routes supplied separately,saved_gt_60,1,,True,False,
nest1:13468,nest1,Muhanga,13468,Bitare-Kinkeri HP,-1.959501733,29.862323067,health_post_or_dispensary_label,True,unverified,68e7bc9f-4414-4aba-b6ef-36eb50b4fcea,osm-car:nest1:13468,27.083333333333332,13.778955987958865,13.304377345374467,49.12385481369034,28810.5,23727.362211265165,le_30,le_15,Ok,True,79.98371383,35.72001577,False,False,-2.07958714,29.780160749999986,OSRM v26.9.0,2026-09-20T20:22:06Z,CSV mean across outbound route options / 28.7 m/s; not selected GeoJSON path,facility_point; routes supplied separately,saved_le_15,1,,True,False,
nest1:13469,nest1,Muhanga,13469,Bunyonga HP,-1.963707836,29.842322361,health_post_or_dispensary_label,True,unverified,76d0f7e2-ebeb-4410-9123-bd5ecfdd0b58,osm-car:nest1:13469,36.77833333333333,10.382683761663042,26.395649571670287,71.7695642497946,33227.8,17878.98143758376,le_60,le_15,Ok,True,79.98371383,16.14658732,False,False,-2.07958714,29.780160749999986,OSRM v26.9.0,2026-09-20T20:22:06Z,CSV mean across outbound route options / 28.7 m/s; not selected GeoJSON path,facility_point; routes supplied separately,saved_le_30,1,,True,False,
nest1:13470,nest1,Muhanga,13470,MARENGA KIBUYE HP,-1.900606233,29.825743196,health_post_or_dispensary_label,True,unverified,c3e6d46f-5070-4586-b5d8-d800c8cab00f,osm-car:nest1:13470,46.14666666666667,13.706812353977599,32.43985431268907,70.29728614422653,39461.9,23603.130873549424,le_60,le_15,Ok,True,79.98371383,25.97615777,False,False,-2.07958714,29.780160749999986,OSRM v26.9.0,2026-09-20T20:22:06Z,CSV mean across outbound route options / 28.7 m/s; not selected GeoJSON path,facility_point; routes supplied separately,saved_le_60,1,,True,False,
nest1:13471,nest1,Muhanga,13471,Busoro HP,-1.989128786,29.81950001,health_post_or_dispensary_label,True,unverified,b727513c-1149-4fb2-854f-1c678cdd5871,osm-car:nest1:13471,29.834999999999997,9.646357538562018,20.18864246143798,67.66764692957258,18569.5,16611.027681403793,le_30,le_15,Ok,True,79.98371383,13.34409043,False,False,-2.07958714,29.780160749999986,OSRM v26.9.0,2026-09-20T20:22:06Z,CSV mean across outbound route options / 28.7 m/s; not selected GeoJSON path,facility_point; routes supplied separately,saved_le_30,1,,True,False,
nest1:13472,nest1,Muhanga,13472,Giko HP,-1.954228279,29.799256938,health_post_or_dispensary_label,True,unverified,c05675c6-7979-43db-8a7d-e05a1ebb31bc,osm-car:nest1:13472,28.001666666666665,10.376912847593038,17.624753819073625,62.94180281795236,17201.9,17869.04392355521,le_30,le_15,Ok,True,79.98371383,38.2402653,False,False,-2.07958714,29.780160749999986,OSRM v26.9.0,2026-09-20T20:22:06Z,CSV mean across outbound route options / 28.7 m/s; not selected GeoJSON path,facility_point; routes supplied separately,saved_le_30,1,,True,False,
nest1:13473,nest1,Muhanga,13473,Muyange HP,-1.928178078,29.801742042,health_post_or_dispensary_label,True,unverified,786531c1-dfce-4a0d-9a1b-c86042eb678c,osm-car:nest1:13473,36.36333333333334,11.875495064381353,24.487838268951982,67.34211642392148,20684.6,20449.60250086469,le_60,le_15,Ok,True,79.98371383,13.45648372,False,False,-2.07958714,29.780160749999986,OSRM v26.9.0,2026-09-20T20:22:06Z,CSV mean across outbound route options / 28.7 m/s; not selected GeoJSON path,facility_point; routes supplied separately,saved_le_30,1,,True,False,
nest1:13474,nest1,Muhanga,13474,Nkomane HP,-1.998145158,29.846151041,health_post_or_dispensary_label,True,unverified,ae7f0ca7-95da-45b1-9f2b-71c2ee12aeb7,osm-car:nest1:13474,19.175,10.980406787393552,8.19459321260645,42.73581857943389,17683.2,18908.260487891697,le_30,le_15,Ok,True,79.98371383,15.5985851,False,False,-2.07958714,29.780160749999986,OSRM v26.9.0,2026-09-20T20:22:06Z,CSV mean across outbound route options / 28.7 m/s; not selected GeoJSON path,facility_point; routes supplied separately,saved_le_15,1,,True,False,
nest1:13475,nest1,Muhanga,13475,Gaserege HP,-2.087541911,29.830673306,health_post_or_dispensary_label,True,unverified,41002d67-29bf-4f08-ad6f-db25a4c1485f,osm-car:nest1:13475,13.01,6.000721293901346,7.0092787060986534,53.87608536586205,8796.0,10333.242068098118,le_15,le_15,Ok,True,79.98371383,27.16296707,False,False,-2.07958714,29.780160749999986,OSRM v26.9.0,2026-09-20T20:22:06Z,CSV mean across outbound route options / 28.7 m/s; not selected GeoJSON path,facility_point; routes supplied separately,saved_le_15,1,,True,False,
nest1:13476,nest1,Muhanga,13476,Nyagishubi HP,-2.069372,29.807549,health_post_or_dispensary_label,True,unverified,797e8559-d9ba-4352-ba7c-6ecc683af340,osm-car:nest1:13476,9.15,5.343801262841051,3.806198737158949,41.59780040610873,8444.3,9202.02577461229,le_15,le_15,Ok,True,79.98371383,9.72830281,False,False,-2.07958714,29.780160749999986,OSRM v26.9.0,2026-09-20T20:22:06Z,CSV mean across outbound route options / 28.7 m/s; not selected GeoJSON path,facility_point; routes supplied separately,saved_le_15,1,,True,False,
nest1:13477,nest1,Muhanga,13477,Bugoba HP,-1.905640968,29.921534067,health_post_or_dispensary_label,True,unverified,7fad8a0d-2b55-47df-8e9f-23c479ac99f7,osm-car:nest1:13477,39.365,17.785866447058723,21.57913355294128,54.81807075559832,34111.2,30627.262021835122,le_60,le_30,Ok,True,79.98371383,3.70920588,False,False,-2.07958714,29.780160749999986,OSRM v26.9.0,2026-09-20T20:22:06Z,CSV mean across outbound route options / 28.7 m/s; not selected GeoJSON path,facility_point; routes supplied separately,saved_le_30,1,,True,False,
nest1:13478,nest1,Muhanga,13478,Kagina HP,-1.916525796,29.957029395,health_post_or_dispensary_label,True,unverified,30db35d3-c02f-415a-9bd0-5469fa06bd31,osm-car:nest1:13478,37.20166666666667,18.322442096459486,18.87922457020718,50.74833001265315,35520.5,31551.24529010323,le_60,le_30,Ok,True,79.98371383,27.11120748,False,False,-2.07958714,29.780160749999986,OSRM v26.9.0,2026-09-20T20:22:06Z,CSV mean across outbound route options / 28.7 m/s; not selected GeoJSON path,facility_point; routes supplied separately,saved_le_30,1,,True,False,
nest1:13479,nest1,Muhanga,13479,Gaseke Nyarunyinya HP,-1.968644882,29.806418214,health_post_or_dispensary_label,True,unverified,b1905069-d0cf-4475-991a-e41d0a6bc5a8,osm-car:nest1:13479,24.035,9.345919767396705,14.689080232603295,61.115374381540654,15488.7,16093.673839457124,le_30,le_15,Ok,True,79.98371383,9.06788127,False,False,-2.07958714,29.780160749999986,OSRM v26.9.0,2026-09-20T20:22:06Z,CSV mean across outbound route options / 28.7 m/s; not selected GeoJSON path,facility_point; routes supplied separately,saved_le_15,1,,True,False,
nest1:13480,nest1,Muhanga,13480,Marembo Nyabitare HP,-1.861319951,29.880301805,health_post_or_dispensary_label,True,unverified,8b1f42dc-96af-4c21-8ee9-770c84207500,osm-car:nest1:13480,47.14833333333333,17.483436963992403,29.66489636934093,62.91822906997263,39795.6,30106.478451994917,le_60,le_30,Ok,True,79.98371383,44.27032519,False,False,-2.07958714,29.780160749999986,OSRM v26.9.0,2026-09-20T20:22:06Z,CSV mean across outbound route options / 28.7 m/s; not selected GeoJSON path,facility_point; routes supplied separately,saved_le_30,1,,True,False,
nest1:13482,nest1,Muhanga,13482,Kirehe HP,-2.494846,29.55966,health_post_or_dispensary_label,True,unverified,7d256f16-ab6b-4556-89c3-fbb3745d90ea,osm-car:nest1:13482,87.76333333333334,31.34059953157889,56.42273380175445,64.28964313314722,83405.7,53968.51239337884,le_120,le_60,Ok,True,79.98371383,9.917043007,False,False,-2.07958714,29.780160749999986,OSRM v26.9.0,2026-09-20T20:22:06Z,CSV mean across outbound route options / 28.7 m/s; not selected GeoJSON path,facility_point; routes supplied separately,saved_le_60,1,,True,False,
nest1:13483,nest1,Muhanga,13483,Ruhunga HP,-2.454277529,29.523880286,health_post_or_dispensary_label,True,unverified,65990fe4-9092-49f5-a61f-66650ebb5caf,osm-car:nest1:13483,97.22,30.233484581456885,66.98651541854312,68.9019907617189,90063.5,52062.060449268756,le_120,le_60,Ok,True,79.98371383,107.0749547,False,False,-2.07958714,29.780160749999986,OSRM v26.9.0,2026-09-20T20:22:06Z,CSV mean across outbound route options / 28.7 m/s; not selected GeoJSON path,facility_point; routes supplied separately,saved_gt_60,1,,True,False,
nest1:13484,nest1,Muhanga,13484,Musaraba HP,-2.279294803,29.421473391,health_post_or_dispensary_label,True,unverified,9317fe0b-1d62-4e3c-8668-ead11a66b6fa,osm-car:nest1:13484,130.0,27.79141323142803,102.20858676857196,78.62198982197843,117948.3,47856.81358451907,gt_120,le_30,Ok,True,79.98371383,42.72669171,False,False,-2.07958714,29.780160749999986,OSRM v26.9.0,2026-09-20T20:22:06Z,CSV mean across outbound route options / 28.7 m/s; not selected GeoJSON path,facility_point; routes supplied separately,saved_gt_60,1,,True,True,
nest1:13486,nest1,Muhanga,13486,Kagarama HP,-2.408548,29.065193,health_post_or_dispensary_label,True,unverified,36ea3cc8-6c7a-4670-9a3a-b265bad5ec51,osm-car:nest1:13486,120.57666666666667,52.62643429715105,67.95023236951562,56.35437953958667,164953.9,90622.7198596941,gt_120,le_60,Ok,True,79.98371383,7.217008429,False,False,-2.07958714,29.780160749999986,OSRM v26.9.0,2026-09-20T20:22:06Z,CSV mean across outbound route options / 28.7 m/s; not selected GeoJSON path,facility_point; routes supplied separately,saved_gt_60,1,,True,False,
nest1:13488,nest1,Muhanga,13488,Kabuga Mugohe HP,-2.315440407,29.222859461,health_post_or_dispensary_label,True,unverified,903cbd00-ac6c-4d20-bfce-3f6f55a97503,osm-car:nest1:13488,110.39333333333335,41.338025926078444,69.0553074072549,62.553874697072494,142608.3,71184.08064470708,le_120,le_60,Ok,True,79.98371383,25.74119762,False,False,-2.07958714,29.780160749999986,OSRM v26.9.0,2026-09-20T20:22:06Z,CSV mean across outbound route options / 28.7 m/s; not selected GeoJSON path,facility_point; routes supplied separately,saved_gt_60,1,,True,False,
nest1:13489,nest1,Muhanga,13489,Cyimpindu HP,-2.283765054,29.216863696,health_post_or_dispensary_label,True,unverified,773423b9-2d1b-4c2c-abf4-3a9c9d080eae,osm-car:nest1:13489,104.65333333333334,41.82671102481417,62.82662230851916,60.033082853088764,134616.9,72025.59638473002,le_120,le_60,Ok,True,79.98371383,17.19672266,False,False,-2.07958714,29.780160749999986,OSRM v26.9.0,2026-09-20T20:22:06Z,CSV mean across outbound route options / 28.7 m/s; not selected GeoJSON path,facility_point; routes supplied separately,saved_gt_60,1,,True,False,
nest1:13490,nest1,Muhanga,13490,Mataba HP,-2.335261133,29.200450814,health_post_or_dispensary_label,True,unverified,0160d7d3-24b0-49b3-aa84-dddd91fc241d,osm-car:nest1:13490,111.77166666666668,43.11667340450808,68.6549932621586,61.42432631599414,144592.4,74246.9116025629,le_120,le_60,Ok,True,79.98371383,23.83394793,False,False,-2.07958714,29.780160749999986,OSRM v26.9.0,2026-09-20T20:22:06Z,CSV mean across outbound route options / 28.7 m/s; not selected GeoJSON path,facility_point; routes supplied separately,saved_gt_60,1,,True,False,
nest1:13491,nest1,Muhanga,13491,Shangi HP,-2.393664741,29.00811531,health_post_or_dispensary_label,True,unverified,3d72cd85-432b-4a92-a270-cf3856ff280d,osm-car:nest1:13491,136.95499999999998,55.904716033347306,81.05028396665267,59.18022997820648,179846.0,96267.92100942406,gt_120,le_60,Ok,True,79.98371383,22.54220365,False,False,-2.07958714,29.780160749999986,OSRM v26.9.0,2026-09-20T20:22:06Z,CSV mean across outbound route options / 28.7 m/s; not selected GeoJSON path,facility_point; routes supplied separately,saved_gt_60,1,,True,False,
nest1:13492,nest1,Muhanga,13492,Nyagisozi Ruhango HP,-2.259608411,29.849172873,health_post_or_dispensary_label,True,unverified,191d8aea-e768-4def-939c-b2b11366446e,osm-car:nest1:13492,37.93333333333333,13.84281843861662,24.090514894716712,63.507508509798015,36319.2,23837.333351297817,le_60,le_15,Ok,True,79.98371383,95.87915909,False,False,-2.07958714,29.780160749999986,OSRM v26.9.0,2026-09-20T20:22:06Z,CSV mean across outbound route options / 28.7 m/s; not selected GeoJSON path,facility_point; routes supplied separately,saved_le_30,1,,True,False,
nest1:13493,nest1,Muhanga,13493,Tambwe HP,-2.212146,29.819335,health_post_or_dispensary_label,True,unverified,5ca60a3f-a9c6-4c0e-926f-0d067535624f,osm-car:nest1:13493,26.418333333333333,10.837663449722099,15.580669883611234,58.97673288856691,27033.8,18662.456460421454,le_30,le_15,Ok,True,79.98371383,21.67945942,False,False,-2.07958714,29.780160749999986,OSRM v26.9.0,2026-09-20T20:22:06Z,CSV mean across outbound route options / 28.7 m/s; not selected GeoJSON path,facility_point; routes supplied separately,saved_le_30,1,,True,False,
nest1:13496,nest1,Muhanga,13496,Gasiza HP,-1.398160579,29.725800669,health_post_or_dispensary_label,True,unverified,d1f3e3be-2be9-4049-959c-880cc21294e8,osm-car:nest1:13496,115.52166666666668,46.047964776025125,69.47370189064155,60.13910974043098,147485.5,79294.59534431527,le_120,le_60,Ok,True,79.98371383,8.12194792,False,False,-2.07958714,29.780160749999986,OSRM v26.9.0,2026-09-20T20:22:06Z,CSV mean across outbound route options / 28.7 m/s; not selected GeoJSON path,facility_point; routes supplied separately,saved_gt_60,1,,True,False,
nest1:13504,nest1,Muhanga,13504,Buguri HP,-1.956323921,29.917500307,health_post_or_dispensary_label,True,unverified,39a3e936-757d-4f8b-856b-28fe9e394515,osm-car:nest1:13504,30.084999999999997,14.740708284782265,15.344291715217732,51.003130181877125,29707.9,25383.49966639506,le_60,le_15,Ok,True,79.98371383,27.29203699,False,False,-2.07958714,29.780160749999986,OSRM v26.9.0,2026-09-20T20:22:06Z,CSV mean across outbound route options / 28.7 m/s; not selected GeoJSON path,facility_point; routes supplied separately,saved_le_30,1,,True,False,
nest1:13508,nest1,Muhanga,13508,Karambo HP,-2.408962709,29.574383723,health_post_or_dispensary_label,True,unverified,9dd0ad1a-1224-4934-a3ba-12d93748c3fc,osm-car:nest1:13508,88.30166666666668,27.256773900305483,61.044892766361194,69.13220901798137,79496.4,46936.164656326044,le_120,le_30,Ok,True,79.98371383,50.47638241,False,False,-2.07958714,29.780160749999986,OSRM v26.9.0,2026-09-20T20:22:06Z,CSV mean across outbound route options / 28.7 m/s; not selected GeoJSON path,facility_point; routes supplied separately,saved_gt_60,1,,True,True,
nest1:13513,nest1,Muhanga,13513,Shara HP,-2.314616314,29.114934981,health_post_or_dispensary_label,True,unverified,7d9090b1-17cd-41cb-a3ce-680f46aeb3c3,osm-car:nest1:13513,115.28,47.7041326777339,67.5758673222661,58.61889948149384,154296.4,82146.51647105778,le_120,le_60,Ok,True,79.98371383,36.88045891,False,False,-2.07958714,29.780160749999986,OSRM v26.9.0,2026-09-20T20:22:06Z,CSV mean across outbound route options / 28.7 m/s; not selected GeoJSON path,facility_point; routes supplied separately,saved_gt_60,1,,True,False,
nest1:13515,nest1,Muhanga,13515,Kirwa HP,-2.191739858,29.653565212,health_post_or_dispensary_label,True,unverified,7f653a87-d6ad-4106-b61c-e32fe68df70f,osm-car:nest1:13515,35.60166666666667,12.617109125196974,22.98455754146969,64.56034139263993,33260.0,21726.66191358919,le_60,le_15,Ok,True,79.98371383,33.04299887,False,False,-2.07958714,29.780160749999986,OSRM v26.9.0,2026-09-20T20:22:06Z,CSV mean across outbound route options / 28.7 m/s; not selected GeoJSON path,facility_point; routes supplied separately,saved_le_30,1,,True,False,
nest1:13516,nest1,Muhanga,13516,Cyanza HP,-2.14254,29.811639,health_post_or_dispensary_label,True,unverified,93a71d86-ea57-4198-8603-35395a881336,osm-car:nest1:13516,22.223333333333336,6.5498387776219875,15.673494555711349,70.52719914074403,11334.4,11278.822375065063,le_30,le_15,Ok,True,79.98371383,34.38293949,False,False,-2.07958714,29.780160749999986,OSRM v26.9.0,2026-09-20T20:22:06Z,CSV mean across outbound route options / 28.7 m/s; not selected GeoJSON path,facility_point; routes supplied separately,saved_le_30,1,,True,False,
nest1:13603,nest1,Muhanga,13603,Ruhinga HP,-2.704820599,29.431978377,health_post_or_dispensary_label,True,unverified,ea958ef8-3608-4066-abf9-5a3fad651a35,osm-car:nest1:13603,126.63833333333334,47.08797038246488,79.55036295086845,62.81696928328846,137304.7,81085.48499860453,gt_120,le_60,Ok,True,79.98371383,32.77354859,False,False,-2.07958714,29.780160749999986,OSRM v26.9.0,2026-09-20T20:22:06Z,CSV mean across outbound route options / 28.7 m/s; not selected GeoJSON path,facility_point; routes supplied separately,saved_gt_60,1,,True,False,
nest1:13606,nest1,Muhanga,13606,Kagitega HP,-1.376898799,29.739233739,health_post_or_dispensary_label,True,unverified,74536e2a-a4ad-4f5c-bc83-cfffb23124c0,osm-car:nest1:13606,116.35333333333332,46.9757548872579,69.37757844607543,59.62663591881806,149749.7,80892.24991585809,le_120,le_60,Ok,True,79.98371383,8.019574633,False,False,-2.07958714,29.780160749999986,OSRM v26.9.0,2026-09-20T20:22:06Z,CSV mean across outbound route options / 28.7 m/s; not selected GeoJSON path,facility_point; routes supplied separately,saved_gt_60,1,,True,False,
nest1:13611,nest1,Muhanga,13611,Gitarama HP,-2.091438354,29.368869547,health_post_or_dispensary_label,True,unverified,70bce600-3786-4d00-a5d7-4afb7722e4af,osm-car:nest1:13611,60.10333333333333,29.59167789191722,30.51165544141611,50.76532988977225,79086.6,50956.869329881454,le_120,le_30,Ok,True,79.98371383,28.49184285,False,False,-2.07958714,29.780160749999986,OSRM v26.9.0,2026-09-20T20:22:06Z,CSV mean across outbound route options / 28.7 m/s; not selected GeoJSON path,facility_point; routes supplied separately,saved_le_60,1,,True,True,
nest1:13612,nest1,Muhanga,13612,Cyanya HP,-2.155864822,29.297134019,health_post_or_dispensary_label,True,unverified,930be69d-afc9-4f2f-b131-b486b23d9695,osm-car:nest1:13612,71.73,35.30190153998248,36.42809846001752,50.78502503836264,99506.3,60789.87445184983,le_120,le_60,Ok,True,79.98371383,43.79752475,False,False,-2.07958714,29.780160749999986,OSRM v26.9.0,2026-09-20T20:22:06Z,CSV mean across outbound route options / 28.7 m/s; not selected GeoJSON path,facility_point; routes supplied separately,saved_le_60,1,,True,False,
nest1:13613,nest1,Muhanga,13613,Munanira HP,-2.133647,29.259618,health_post_or_dispensary_label,True,unverified,cb993d18-48da-4fcf-95d4-dfd418d4abfa,osm-car:nest1:13613,85.41166666666666,36.61685041860246,48.7948162480642,57.128982669889986,111000.0,63054.21642083344,le_120,le_60,Ok,True,79.98371383,149.5102763,False,False,-2.07958714,29.780160749999986,OSRM v26.9.0,2026-09-20T20:22:06Z,CSV mean across outbound route options / 28.7 m/s; not selected GeoJSON path,facility_point; routes supplied separately,saved_le_60,1,,True,False,
nest1:13614,nest1,Muhanga,13614,Musasa HP,-2.123947851,29.516686703,health_post_or_dispensary_label,True,unverified,53581e98-c376-4bdf-abe0-f75458a3d503,osm-car:nest1:13614,55.82,18.672181634024348,37.14781836597565,66.54929839837989,58143.3,32153.496773789928,le_60,le_30,Ok,True,79.98371383,12.90629158,False,False,-2.07958714,29.780160749999986,OSRM v26.9.0,2026-09-20T20:22:06Z,CSV mean across outbound route options / 28.7 m/s; not selected GeoJSON path,facility_point; routes supplied separately,saved_le_60,1,,True,False,
nest1:13615,nest1,Muhanga,13615,Nkoto HP,-2.166633311,29.546576902,health_post_or_dispensary_label,True,unverified,bf1b1ff8-d6c3-480a-82e5-1ee214d3bbc7,osm-car:nest1:13615,64.635,17.04842591141144,47.58657408858856,73.62353846768555,54432.2,29357.3894194505,le_120,le_30,Ok,True,79.98371383,55.25311094,False,False,-2.07958714,29.780160749999986,OSRM v26.9.0,2026-09-20T20:22:06Z,CSV mean across outbound route options / 28.7 m/s; not selected GeoJSON path,facility_point; routes supplied separately,saved_le_60,1,,True,True,
nest1:13616,nest1,Muhanga,13616,Manji HP,-2.280628079,29.387171192,health_post_or_dispensary_label,True,unverified,0dcf7937-b9e6-4152-8f59-868a40863e1a,osm-car:nest1:13616,107.28333333333333,31.900132375090035,75.3832009582433,70.26552831279474,105727.1,54932.02794990504,le_120,le_60,Ok,True,79.98371383,22.06393866,False,False,-2.07958714,29.780160749999986,OSRM v26.9.0,2026-09-20T20:22:06Z,CSV mean across outbound route options / 28.7 m/s; not selected GeoJSON path,facility_point; routes supplied separately,saved_gt_60,1,,True,False,
nest1:13617,nest1,Muhanga,13617,Rwufi HP,-2.258849934,29.395837254,health_post_or_dispensary_label,True,unverified,e496ded6-6d97-4982-b2fc-47348cfc05a0,osm-car:nest1:13617,99.45333333333333,29.38794227139463,70.0653910619387,70.45052057441215,102486.1,50606.036591341544,le_120,le_30,Ok,True,79.98371383,27.0500393,False,False,-2.07958714,29.780160749999986,OSRM v26.9.0,2026-09-20T20:22:06Z,CSV mean across outbound route options / 28.7 m/s; not selected GeoJSON path,facility_point; routes supplied separately,saved_gt_60,1,,True,True,
nest1:13618,nest1,Muhanga,13618,Gitwa HP,-2.109968,29.480863,health_post_or_dispensary_label,True,unverified,869c07f7-257b-4c10-be8a-c654d251b804,osm-car:nest1:13618,49.865,20.817064273823497,29.047935726176505,58.2531549707741,59577.7,35846.98467952406,le_60,le_30,Ok,True,79.98371383,98.8929505,False,False,-2.07958714,29.780160749999986,OSRM v26.9.0,2026-09-20T20:22:06Z,CSV mean across outbound route options / 28.7 m/s; not selected GeoJSON path,facility_point; routes supplied separately,saved_le_30,1,,True,False,
nest1:13619,nest1,Muhanga,13619,Ngange HP,-2.240975473,29.474855312,health_post_or_dispensary_label,True,unverified,8ddc6172-b228-477a-98cb-cdadc4338cff,osm-car:nest1:13619,86.87166666666667,24.118960889799748,62.75270577686692,72.2361020396373,85192.0,41532.85065223517,le_120,le_30,Ok,True,79.98371383,20.39145399,False,False,-2.07958714,29.780160749999986,OSRM v26.9.0,2026-09-20T20:22:06Z,CSV mean across outbound route options / 28.7 m/s; not selected GeoJSON path,facility_point; routes supplied separately,saved_gt_60,1,,True,True,
nest1:13620,nest1,Muhanga,13620,Rubumba HP,-2.176880694,29.408730944,health_post_or_dispensary_label,True,unverified,6979dced-5640-44dc-b200-ec0aa9ee61c9,osm-car:nest1:13620,85.92333333333333,26.005580601644247,59.917752731689085,69.73397144550074,92852.7,44781.60979603139,le_120,le_30,Ok,True,79.98371383,24.42736373,False,False,-2.07958714,29.780160749999986,OSRM v26.9.0,2026-09-20T20:22:06Z,CSV mean across outbound route options / 28.7 m/s; not selected GeoJSON path,facility_point; routes supplied separately,saved_le_60,1,,True,True,
nest1:13622,nest1,Muhanga,13622,Umunini HP,-2.670779111,29.811931301,health_post_or_dispensary_label,True,unverified,d583caef-a3db-41a4-8ed2-08c67549ad1d,osm-car:nest1:13622,75.56166666666667,39.64673804367586,35.91492862299081,47.53061996557885,95094.9,68271.68291120982,le_120,le_60,Ok,True,79.98371383,35.00903628,False,False,-2.07958714,29.780160749999986,OSRM v26.9.0,2026-09-20T20:22:06Z,CSV mean across outbound route options / 28.7 m/s; not selected GeoJSON path,facility_point; routes supplied separately,saved_le_60,1,,True,False,
nest1:13623,nest1,Muhanga,13623,Hitayezu EM HP,-2.527232917,29.894313829,health_post_or_dispensary_label,True,unverified,5ab96b4f-f9f9-4bc5-9577-7785e4afd7c5,osm-car:nest1:13623,76.19,31.78774343480884,44.40225656519116,58.278325981350775,83057.8,54738.49419474082,le_120,le_60,Ok,True,79.98371383,82.88557291,False,False,-2.07958714,29.780160749999986,OSRM v26.9.0,2026-09-20T20:22:06Z,CSV mean across outbound route options / 28.7 m/s; not selected GeoJSON path,facility_point; routes supplied separately,saved_le_60,1,,True,False,
nest1:13624,nest1,Muhanga,13624,Taba HP (Remera),-2.648870199,29.856928072,health_post_or_dispensary_label,True,unverified,59f5af0a-f51a-4d85-a638-b9f418784e59,osm-car:nest1:13624,80.795,38.51338510483388,42.28161489516612,52.33196967035846,101696.7,66320.04915052393,le_120,le_60,Ok,True,79.98371383,91.75789949,False,False,-2.07958714,29.780160749999986,OSRM v26.9.0,2026-09-20T20:22:06Z,CSV mean across outbound route options / 28.7 m/s; not selected GeoJSON path,facility_point; routes supplied separately,saved_le_60,1,,True,False,
nest1:13625,nest1,Muhanga,13625,Muhambara HP,-2.772056005,29.591943853,health_post_or_dispensary_label,True,unverified,eb1aba33-22a7-45da-8cca-5947f430ae78,osm-car:nest1:13625,109.91000000000001,48.74577551980058,61.16422448019943,55.64937174069641,125868.5,83940.2254450966,le_120,le_60,Ok,True,79.98371383,30.82363398,False,False,-2.07958714,29.780160749999986,OSRM v26.9.0,2026-09-20T20:22:06Z,CSV mean across outbound route options / 28.7 m/s; not selected GeoJSON path,facility_point; routes supplied separately,saved_gt_60,1,,True,False,
nest1:13626,nest1,Muhanga,13626,Rusuzumiro HP,-2.623528188,29.484940026,health_post_or_dispensary_label,True,unverified,0f0bb0b0-75e5-4a28-8a1e-47efe3c3f16c,osm-car:nest1:13626,111.16000000000001,41.56132176217759,69.59867823782241,62.61126145899821,122568.3,71568.59607446981,le_120,le_60,Ok,True,79.98371383,3.103857422,False,False,-2.07958714,29.780160749999986,OSRM v26.9.0,2026-09-20T20:22:06Z,CSV mean across outbound route options / 28.7 m/s; not selected GeoJSON path,facility_point; routes supplied separately,saved_gt_60,1,,True,False,
nest1:13627,nest1,Muhanga,13627,Gorwe HP,-2.625398732,29.519026944,health_post_or_dispensary_label,True,unverified,b5e49fe5-db70-489a-af44-ba831832533d,osm-car:nest1:13627,99.34166666666667,40.09627593658381,59.24539073008286,59.63800761353866,114332.6,69045.78716279732,le_120,le_60,Ok,True,79.98371383,54.99229845,False,False,-2.07958714,29.780160749999986,OSRM v26.9.0,2026-09-20T20:22:06Z,CSV mean across outbound route options / 28.7 m/s; not selected GeoJSON path,facility_point; routes supplied separately,saved_le_60,1,,True,False,
nest1:13628,nest1,Muhanga,13628,Rusenge HP,-2.677729007,29.636357456,health_post_or_dispensary_label,True,unverified,29ab5fb7-a04d-4d05-94d8-0c2c16796d8c,osm-car:nest1:13628,86.39166666666667,43.95500151099082,42.43666515567585,49.12124837157424,106067.8,75690.5126019262,le_120,le_60,Ok,True,79.98371383,16.34000398,False,False,-2.07958714,29.780160749999986,OSRM v26.9.0,2026-09-20T20:22:06Z,CSV mean across outbound route options / 28.7 m/s; not selected GeoJSON path,facility_point; routes supplied separately,saved_le_60,1,,True,False,
nest1:13629,nest1,Muhanga,13629,Yanza HP,-2.788891129,29.437667734,health_post_or_dispensary_label,True,unverified,f21cc8cb-9725-4515-818e-2d17e658daa0,osm-car:nest1:13629,146.2,51.796460183089195,94.4035398169108,64.5715046627297,146379.3,89193.5044352796,gt_120,le_60,Ok,True,79.98371383,73.14826081,False,False,-2.07958714,29.780160749999986,OSRM v26.9.0,2026-09-20T20:22:06Z,CSV mean across outbound route options / 28.7 m/s; not selected GeoJSON path,facility_point; routes supplied separately,saved_gt_60,1,,True,False,
nest1:13631,nest1,Muhanga,13631,Bitabage HP,-2.006646785,29.592088395,health_post_or_dispensary_label,True,unverified,880c9e0a-91f2-424a-9853-0ad916696b1d,osm-car:nest1:13631,41.515,14.00653345013948,27.508466549860522,66.26151162196922,42199.5,24119.250601140186,le_60,le_15,Ok,True,79.98371383,118.4136297,False,False,-2.07958714,29.780160749999986,OSRM v26.9.0,2026-09-20T20:22:06Z,CSV mean across outbound route options / 28.7 m/s; not selected GeoJSON path,facility_point; routes supplied separately,saved_le_30,1,,True,False,
nest1:13632,nest1,Muhanga,13632,Kiruku HP,-1.748882053,29.841790623,health_post_or_dispensary_label,True,unverified,f4d5c547-de78-42e2-8ef2-001184be9adb,osm-car:nest1:13632,87.515,23.679622126318655,63.835377873681345,72.94221319051745,95259.1,40776.30930152073,le_120,le_30,Ok,True,79.98371383,44.66631765,False,False,-2.07958714,29.780160749999986,OSRM v26.9.0,2026-09-20T20:22:06Z,CSV mean across outbound route options / 28.7 m/s; not selected GeoJSON path,facility_point; routes supplied separately,saved_gt_60,1,,True,True,
nest1:13634,nest1,Muhanga,13634,Buhuga HP,-1.605323599,29.757900861,health_post_or_dispensary_label,True,unverified,d1f6ccc9-7fa5-4d4a-863d-55a6173854b1,osm-car:nest1:13634,81.73,32.298952191302774,49.43104780869723,60.48091008038325,107429.0,55618.795673423374,le_120,le_60,Ok,True,79.98371383,18.24068081,False,False,-2.07958714,29.780160749999986,OSRM v26.9.0,2026-09-20T20:22:06Z,CSV mean across outbound route options / 28.7 m/s; not selected GeoJSON path,facility_point; routes supplied separately,saved_le_60,1,,True,False,
nest1:13635,nest1,Muhanga,13635,Rugimbu HP,-1.600141714,29.713827967,health_post_or_dispensary_label,True,unverified,f7d2eba0-adb4-4ca8-84d8-b1b1196a8a5c,osm-car:nest1:13635,95.31666666666666,33.17183774516693,62.14482892149973,65.19828178510201,113664.9,57121.90459717746,le_120,le_60,Ok,True,79.98371383,37.0626154,False,False,-2.07958714,29.780160749999986,OSRM v26.9.0,2026-09-20T20:22:06Z,CSV mean across outbound route options / 28.7 m/s; not selected GeoJSON path,facility_point; routes supplied separately,saved_gt_60,1,,True,False,
nest1:13636,nest1,Muhanga,13636,Buyange HP,-1.707477212,29.778767794,health_post_or_dispensary_label,True,unverified,084c3166-16f2-462a-9d8f-98a0fd3970cc,osm-car:nest1:13636,91.60833333333333,25.67820794323484,65.9301253900985,71.96957197136194,108016.3,44217.87407825039,le_120,le_30,Ok,True,79.98371383,138.7049733,False,False,-2.07958714,29.780160749999986,OSRM v26.9.0,2026-09-20T20:22:06Z,CSV mean across outbound route options / 28.7 m/s; not selected GeoJSON path,facility_point; routes supplied separately,saved_gt_60,1,,True,True,
nest1:13637,nest1,Muhanga,13637,Gitonde HP,-1.831810092,29.804950587,health_post_or_dispensary_label,True,unverified,43591248-0c77-4073-9b32-a0d96f9a44d6,osm-car:nest1:13637,105.05333333333333,18.53578394341989,86.51754938991344,82.355834550622,109779.6,31918.619950569046,le_120,le_30,Ok,True,79.98371383,26.09350572,False,False,-2.07958714,29.780160749999986,OSRM v26.9.0,2026-09-20T20:22:06Z,CSV mean across outbound route options / 28.7 m/s; not selected GeoJSON path,facility_point; routes supplied separately,saved_gt_60,1,,True,True,
nest1:13646,nest1,Muhanga,13646,Mishungero HP,-2.739339,29.447602,health_post_or_dispensary_label,True,unverified,34d26a5c-cb64-43ce-8bf6-592df7959229,osm-car:nest1:13646,133.25166666666667,49.43390266165406,83.8177640050126,62.90185038712157,138091.3,85125.18038336828,gt_120,le_60,Ok,True,79.98371383,18.82124654,False,False,-2.07958714,29.780160749999986,OSRM v26.9.0,2026-09-20T20:22:06Z,CSV mean across outbound route options / 28.7 m/s; not selected GeoJSON path,facility_point; routes supplied separately,saved_gt_60,1,,True,False,
nest1:13647,nest1,Muhanga,13647,Gafumba HP,-2.463480585,29.813789393,health_post_or_dispensary_label,True,unverified,bd5c3311-2500-4ba7-b81a-928f201aedea,osm-car:nest1:13647,61.60333333333333,26.315433230421217,35.28790010291212,57.28245241531105,63725.3,45315.17602278534,le_120,le_30,Ok,True,79.98371383,44.63743816,False,False,-2.07958714,29.780160749999986,OSRM v26.9.0,2026-09-20T20:22:06Z,CSV mean across outbound route options / 28.7 m/s; not selected GeoJSON path,facility_point; routes supplied separately,saved_le_60,1,,True,True,
nest1:13658,nest1,Muhanga,13658,Muhaza HP,-1.580871,29.709585,health_post_or_dispensary_label,True,unverified,b0e2e52e-93b5-45e6-afed-bad83638bd34,osm-car:nest1:13658,90.29666666666667,34.36266722584528,55.93399944082139,61.944700181794886,115717.1,59172.51296290557,le_120,le_60,Ok,True,79.98371383,2.830279081,False,False,-2.07958714,29.780160749999986,OSRM v26.9.0,2026-09-20T20:22:06Z,CSV mean across outbound route options / 28.7 m/s; not selected GeoJSON path,facility_point; routes supplied separately,saved_le_60,1,,True,False,
nest1:13659,nest1,Muhanga,13659,Mbatabata HP,-1.57951966,29.774146124,health_post_or_dispensary_label,True,unverified,486e740d-d3b9-4447-ba0a-c13c80d48218,osm-car:nest1:13659,89.425,36.44443363793217,52.980566362067826,59.24581086057348,108885.2,62757.31472451919,le_120,le_60,Ok,True,79.98371383,33.11189256,False,False,-2.07958714,29.780160749999986,OSRM v26.9.0,2026-09-20T20:22:06Z,CSV mean across outbound route options / 28.7 m/s; not selected GeoJSON path,facility_point; routes supplied separately,saved_le_60,1,,True,False,
nest1:13661,nest1,Muhanga,13661,Gisozi HP,-1.621927666,29.802006841,health_post_or_dispensary_label,True,unverified,f5c74719-ca3f-4d25-bdc1-f0540e4cee69,osm-car:nest1:13661,83.70166666666667,31.619738560726578,52.081928105940094,62.22328679947444,100977.1,54449.18980157116,le_120,le_60,Ok,True,79.98371383,105.9293045,False,False,-2.07958714,29.780160749999986,OSRM v26.9.0,2026-09-20T20:22:06Z,CSV mean across outbound route options / 28.7 m/s; not selected GeoJSON path,facility_point; routes supplied separately,saved_le_60,1,,True,False,
nest1:13749,nest1,Muhanga,13749,Muringa Sector,-1.711376,29.511235,sector_label_review,False,unverified,16fc910a-6729-4624-b916-9c5c5c37564a,osm-car:nest1:13749,92.62833333333333,30.89425732984693,61.7340760034864,66.64707631230876,90965.3,53199.91112199641,le_120,le_60,Ok,True,79.98371383,52.7444095,False,False,-2.07958714,29.780160749999986,OSRM v26.9.0,2026-09-20T20:22:06Z,CSV mean across outbound route options / 28.7 m/s; not selected GeoJSON path,facility_point; routes supplied separately,saved_gt_60,1,,True,False,outside_healthcare_name_screen
nest1:13760,nest1,Muhanga,13760,Ngororero Sector,-1.832200533,29.637358933,sector_label_review,False,unverified,096606bb-d095-4ed3-92c5-32eb1cb44750,osm-car:nest1:13760,51.31666666666667,20.282718338874076,31.033948327792594,60.47537835880337,54744.9,34926.84097954116,le_60,le_30,Ok,True,79.98371383,34.15130325,False,False,-2.07958714,29.780160749999986,OSRM v26.9.0,2026-09-20T20:22:06Z,CSV mean across outbound route options / 28.7 m/s; not selected GeoJSON path,facility_point; routes supplied separately,saved_le_60,1,,True,False,outside_healthcare_name_screen
nest1:13762,nest1,Muhanga,13762,Kabatwa sector,-1.578329438,29.419176684,sector_label_review,False,unverified,73ab4503-5b19-4427-bcaf-c33e0e036295,osm-car:nest1:13762,110.40833333333333,41.40979571805995,68.99853761527339,62.49395813897507,118666.1,71307.66822649923,le_120,le_60,Ok,True,79.98371383,48.09283857,False,False,-2.07958714,29.780160749999986,OSRM v26.9.0,2026-09-20T20:22:06Z,CSV mean across outbound route options / 28.7 m/s; not selected GeoJSON path,facility_point; routes supplied separately,saved_gt_60,1,,True,False,outside_healthcare_name_screen
nest1:13763,nest1,Muhanga,13763,Ruramba Sector,-2.558926,29.536163,sector_label_review,False,unverified,d2522b1e-95a9-47fa-bf2f-31002607213d,osm-car:nest1:13763,100.19833333333332,35.72142692832166,64.47690640501166,64.3492803323525,117338.8,61512.2971705699,le_120,le_60,Ok,True,79.98371383,27.36144053,False,False,-2.07958714,29.780160749999986,OSRM v26.9.0,2026-09-20T20:22:06Z,CSV mean across outbound route options / 28.7 m/s; not selected GeoJSON path,facility_point; routes supplied separately,saved_gt_60,1,,True,False,outside_healthcare_name_screen
nest1:13764,nest1,Muhanga,13764,Manihira Sector,-1.950874443,29.441807016,sector_label_review,False,unverified,fff3371a-cea0-4d5b-b4ef-51adcc757fb6,osm-car:nest1:13764,79.44833333333332,26.146056010466268,53.302277322867056,67.09049150122772,93095.3,45023.50845002291,le_120,le_30,Ok,True,79.98371383,34.78768267,False,False,-2.07958714,29.780160749999986,OSRM v26.9.0,2026-09-20T20:22:06Z,CSV mean across outbound route options / 28.7 m/s; not selected GeoJSON path,facility_point; routes supplied separately,saved_le_60,1,,True,True,outside_healthcare_name_screen
nest1:13765,nest1,Muhanga,13765,Musasa Sector,-1.937533,29.344604,sector_label_review,False,unverified,07dea8fe-fcee-4137-9343-e508205f652d,osm-car:nest1:13765,78.14666666666668,32.68010640929236,45.46656025737432,58.181061581693804,95330.3,56275.143236801436,le_120,le_60,Ok,True,79.98371383,13.12572628,False,False,-2.07958714,29.780160749999986,OSRM v26.9.0,2026-09-20T20:22:06Z,CSV mean across outbound route options / 28.7 m/s; not selected GeoJSON path,facility_point; routes supplied separately,saved_le_60,1,,True,False,outside_healthcare_name_screen
nest1:13768,nest1,Muhanga,13768,Kinazi Sector,-2.388709228,29.788076564,sector_label_review,False,unverified,4e622e47-d7d0-473b-8597-7370378789bb,osm-car:nest1:13768,36.98166666666667,22.799601715323945,14.182064951342724,38.34890698456728,49969.0,39260.91415378783,le_60,le_30,Ok,True,79.98371383,29.71525901,False,False,-2.07958714,29.780160749999986,OSRM v26.9.0,2026-09-20T20:22:06Z,CSV mean across outbound route options / 28.7 m/s; not selected GeoJSON path,facility_point; routes supplied separately,saved_le_15,1,,True,False,outside_healthcare_name_screen
nest1:13769,nest1,Muhanga,13769,Maraba Sector,-2.522978963,29.633373141,sector_label_review,False,unverified,11a2c545-8848-465f-89d1-d90daf36e3d9,osm-car:nest1:13769,75.81166666666667,32.08971129578379,43.721955370882874,57.671803421922135,96369.7,55258.48285133969,le_120,le_60,Ok,True,79.98371383,56.35699772,False,False,-2.07958714,29.780160749999986,OSRM v26.9.0,2026-09-20T20:22:06Z,CSV mean across outbound route options / 28.7 m/s; not selected GeoJSON path,facility_point; routes supplied separately,saved_le_60,1,,True,False,outside_healthcare_name_screen
nest1:13770,nest1,Muhanga,13770,Ruhashya Sector,-2.478914,29.729344,sector_label_review,False,unverified,22b09bf0-e6c7-4f6b-ad98-27a479a84115,osm-car:nest1:13770,51.126666666666665,27.255969482849096,23.87069718381757,46.68932817280787,65615.3,46934.77944946614,le_60,le_30,Ok,True,79.98371383,19.06081899,False,False,-2.07958714,29.780160749999986,OSRM v26.9.0,2026-09-20T20:22:06Z,CSV mean across outbound route options / 28.7 m/s; not selected GeoJSON path,facility_point; routes supplied separately,saved_le_30,1,,True,False,outside_healthcare_name_screen
nest1:13772,nest1,Muhanga,13772,Bugeshi Sector,-1.566361107,29.369469419,sector_label_review,False,unverified,a57df416-ccf4-450e-8a03-f6c412feaf95,osm-car:nest1:13772,116.455,46.380106969111786,70.0748930308882,60.17336570425332,157280.8,79866.54420081049,le_120,le_60,Ok,True,79.98371383,135.8175001,False,False,-2.07958714,29.780160749999986,OSRM v26.9.0,2026-09-20T20:22:06Z,CSV mean across outbound route options / 28.7 m/s; not selected GeoJSON path,facility_point; routes supplied separately,saved_gt_60,1,,True,False,outside_healthcare_name_screen
nest1:13773,nest1,Muhanga,13773,Busasamana Sector,-1.605245,29.345139,sector_label_review,False,unverified,9f2a07e2-4950-4473-a5f8-a1aa6dfb67c0,osm-car:nest1:13773,111.62333333333332,44.206228239817165,67.41710509351616,60.39696457746245,149895.2,76123.12502896515,le_120,le_60,Ok,True,79.98371383,161.5228844,False,False,-2.07958714,29.780160749999986,OSRM v26.9.0,2026-09-20T20:22:06Z,CSV mean across outbound route options / 28.7 m/s; not selected GeoJSON path,facility_point; routes supplied separately,saved_gt_60,1,,True,False,outside_healthcare_name_screen
nest1:13774,nest1,Muhanga,13774,Mudende Sector,-1.598926,29.38655,sector_label_review,False,unverified,980d630d-1ff1-4515-aede-16c6f66cc87f,osm-car:nest1:13774,112.55333333333333,42.455124596855214,70.09820873647811,62.2799935465955,153440.2,73107.72455578468,le_120,le_60,Ok,True,79.98371383,27.18654022,False,False,-2.07958714,29.780160749999986,OSRM v26.9.0,2026-09-20T20:22:06Z,CSV mean across outbound route options / 28.7 m/s; not selected GeoJSON path,facility_point; routes supplied separately,saved_gt_60,1,,True,False,outside_healthcare_name_screen
nest1:13784,nest1,Muhanga,13784,Rwinyoni HP,-1.7977,29.294593,health_post_or_dispensary_label,True,unverified,47727667-6eee-4630-9989-31b14b7606fc,osm-car:nest1:13784,93.38333333333334,40.32078325187577,53.06255008145757,56.822291716713444,125156.2,69432.38875973006,le_120,le_60,Ok,True,79.98371383,17.79611223,False,False,-2.07958714,29.780160749999986,OSRM v26.9.0,2026-09-20T20:22:06Z,CSV mean across outbound route options / 28.7 m/s; not selected GeoJSON path,facility_point; routes supplied separately,saved_le_60,1,,True,False,
nest1:13785,nest1,Muhanga,13785,Remera HP,-1.896308193,29.467111307,health_post_or_dispensary_label,True,unverified,4a745193-9d8e-46de-ab10-e0aab929af63,osm-car:nest1:13785,90.55666666666666,24.700517710034937,65.85614895663173,72.72368935469328,101184.0,42534.29149668016,le_120,le_30,Ok,True,79.98371383,106.1104029,False,False,-2.07958714,29.780160749999986,OSRM v26.9.0,2026-09-20T20:22:06Z,CSV mean across outbound route options / 28.7 m/s; not selected GeoJSON path,facility_point; routes supplied separately,saved_gt_60,1,,True,True,
nest1:13786,nest1,Muhanga,13786,Karama HP,-2.389053,29.825532,health_post_or_dispensary_label,True,unverified,d53cb91d-ae65-4df9-a7f0-4cec1435dd1f,osm-car:nest1:13786,50.263333333333335,21.731876224923216,28.53145710841012,56.76395737464709,56732.3,37422.29085931778,le_60,le_30,Ok,True,79.98371383,41.22821519,False,False,-2.07958714,29.780160749999986,OSRM v26.9.0,2026-09-20T20:22:06Z,CSV mean across outbound route options / 28.7 m/s; not selected GeoJSON path,facility_point; routes supplied separately,saved_le_30,1,,True,False,
nest1:13789,nest1,Muhanga,13789,Bukanda HP,-1.753841,29.370755,health_post_or_dispensary_label,True,unverified,c9204cf9-16aa-4168-800c-675863ed7281,osm-car:nest1:13789,107.10333333333332,38.9143999121923,68.18893342114103,63.666490387296726,126208.2,67010.59664879515,le_120,le_60,Ok,True,79.98371383,67.98854813,False,False,-2.07958714,29.780160749999986,OSRM v26.9.0,2026-09-20T20:22:06Z,CSV mean across outbound route options / 28.7 m/s; not selected GeoJSON path,facility_point; routes supplied separately,saved_gt_60,1,,True,False,
nest1:13790,nest1,Muhanga,13790,Mageragere-Komeza HP,-2.014516193,29.39008786,health_post_or_dispensary_label,True,unverified,b6adac2a-aac3-4f54-8bea-a8b2d2b2099a,osm-car:nest1:13790,53.30833333333333,29.11694325790728,24.19139007542605,45.38012832657692,72095.0,50139.376290116335,le_60,le_30,Ok,True,79.98371383,15.60424142,False,False,-2.07958714,29.780160749999986,OSRM v26.9.0,2026-09-20T20:22:06Z,CSV mean across outbound route options / 28.7 m/s; not selected GeoJSON path,facility_point; routes supplied separately,saved_le_30,1,,True,False,
nest1:13791,nest1,Muhanga,13791,Rwumba HP,-1.926438,29.333555,health_post_or_dispensary_label,True,unverified,f269a055-3ac9-4623-8ccc-caebeda02817,osm-car:nest1:13791,78.225,34.14994209218357,44.07505790781642,56.34395386106287,99643.9,58806.200282740116,le_120,le_60,Ok,True,79.98371383,5.721485337,False,False,-2.07958714,29.780160749999986,OSRM v26.9.0,2026-09-20T20:22:06Z,CSV mean across outbound route options / 28.7 m/s; not selected GeoJSON path,facility_point; routes supplied separately,saved_le_60,1,,True,False,
nest1:13795,nest1,Muhanga,13795,Shyembe HP,-1.924985392,29.3822215,health_post_or_dispensary_label,True,unverified,12017102-d0bd-4707-b139-916647c8225c,osm-car:nest1:13795,64.17833333333333,33.626807500732085,30.551525832601243,47.6041122381924,87101.8,57905.36251626065,le_120,le_60,Ok,True,79.98371383,58.84679871,False,False,-2.07958714,29.780160749999986,OSRM v26.9.0,2026-09-20T20:22:06Z,CSV mean across outbound route options / 28.7 m/s; not selected GeoJSON path,facility_point; routes supplied separately,saved_le_60,1,,True,False,
nest1:13796,nest1,Muhanga,13796,Nyagahinga HP,-1.957432,29.368387,health_post_or_dispensary_label,True,unverified,944ec5e6-647b-481e-b9c7-a413dcb3ca7c,osm-car:nest1:13796,65.09833333333333,31.158124773515667,33.94020855981766,52.13683180800993,83493.4,53654.29085999398,le_120,le_60,Ok,True,79.98371383,36.02032121,False,False,-2.07958714,29.780160749999986,OSRM v26.9.0,2026-09-20T20:22:06Z,CSV mean across outbound route options / 28.7 m/s; not selected GeoJSON path,facility_point; routes supplied separately,saved_le_60,1,,True,False,
nest1:13797,nest1,Muhanga,13797,Rurangazi HP,-2.29567997,29.641765319,health_post_or_dispensary_label,True,unverified,375b5fee-dec6-4531-810b-2b54bf1602ee,osm-car:nest1:13797,60.77333333333333,18.072649852360634,42.7006834809727,70.26220406039826,57748.3,31121.10304576501,le_120,le_30,Ok,True,79.98371383,30.67059198,False,False,-2.07958714,29.780160749999986,OSRM v26.9.0,2026-09-20T20:22:06Z,CSV mean across outbound route options / 28.7 m/s; not selected GeoJSON path,facility_point; routes supplied separately,saved_le_60,1,,True,True,
nest1:13799,nest1,Muhanga,13799,Muhero HP,-2.419218964,29.923051569,health_post_or_dispensary_label,True,unverified,dc302551-8918-465a-8828-0af845dbe4e9,osm-car:nest1:13799,65.53666666666666,25.14907757991569,40.38758908675097,61.62594337025224,71965.9,43306.71159261482,le_120,le_30,Ok,True,79.98371383,54.75267148,False,False,-2.07958714,29.780160749999986,OSRM v26.9.0,2026-09-20T20:22:06Z,CSV mean across outbound route options / 28.7 m/s; not selected GeoJSON path,facility_point; routes supplied separately,saved_le_60,1,,True,True,
nest1:13800,nest1,Muhanga,13800,Kagunga HP,-2.433192054,29.855522857,health_post_or_dispensary_label,True,unverified,66f45770-52cd-49ab-ac98-0a0d10f5f9fe,osm-car:nest1:13800,50.74,24.46362610789898,26.276373892101024,51.78631039042377,61749.7,42126.36415780204,le_60,le_30,Ok,True,79.98371383,11.72281286,False,False,-2.07958714,29.780160749999986,OSRM v26.9.0,2026-09-20T20:22:06Z,CSV mean across outbound route options / 28.7 m/s; not selected GeoJSON path,facility_point; routes supplied separately,saved_le_30,1,,True,False,
nest1:13801,nest1,Muhanga,13801,Gatagara HP,-2.303189,29.761488,health_post_or_dispensary_label,True,unverified,f9059bbf-1871-46b7-a568-142875096c92,osm-car:nest1:13801,28.775,15.570122990778113,13.204877009221885,45.89010255159647,37578.1,26811.75179011991,le_30,le_30,Ok,True,79.98371383,18.31672052,False,False,-2.07958714,29.780160749999986,OSRM v26.9.0,2026-09-20T20:22:06Z,CSV mean across outbound route options / 28.7 m/s; not selected GeoJSON path,facility_point; routes supplied separately,saved_le_15,1,,True,False,
nest1:13802,nest1,Muhanga,13802,Cyerezo HP,-2.300535975,29.701716402,health_post_or_dispensary_label,True,unverified,08deef7e-789d-4dfc-9178-5c4d35f3eadd,osm-car:nest1:13802,43.47,16.654643447319884,26.815356552680115,61.687040608879954,45587.7,28679.296016284843,le_60,le_30,Ok,True,79.98371383,26.71730099,False,False,-2.07958714,29.780160749999986,OSRM v26.9.0,2026-09-20T20:22:06Z,CSV mean across outbound route options / 28.7 m/s; not selected GeoJSON path,facility_point; routes supplied separately,saved_le_30,1,,True,False,
nest1:13803,nest1,Muhanga,13803,Gasoro HP,-2.31918033,29.773293362,health_post_or_dispensary_label,True,unverified,5ebdf7b6-2cce-4062-a3ec-f12f0399d70a,osm-car:nest1:13803,29.886666666666667,16.683916360006105,13.202750306660562,44.17605500778684,39933.7,28729.70397193051,le_30,le_30,Ok,True,79.98371383,33.99547603,False,False,-2.07958714,29.780160749999986,OSRM v26.9.0,2026-09-20T20:22:06Z,CSV mean across outbound route options / 28.7 m/s; not selected GeoJSON path,facility_point; routes supplied separately,saved_le_15,1,,True,False,
nest1:13804,nest1,Muhanga,13804,Butansinda HP,-2.280721403,29.785118599,health_post_or_dispensary_label,True,unverified,0043bfd4-9c1c-4f05-b497-1af48792d98d,osm-car:nest1:13804,25.240000000000002,14.862434282062198,10.377565717937804,41.115553557598275,33131.5,25593.111833711104,le_30,le_15,Ok,True,79.98371383,32.54662763,False,False,-2.07958714,29.780160749999986,OSRM v26.9.0,2026-09-20T20:22:06Z,CSV mean across outbound route options / 28.7 m/s; not selected GeoJSON path,facility_point; routes supplied separately,saved_le_15,1,,True,False,
nest1:13805,nest1,Muhanga,13805,Rwotso HP,-2.398043871,29.852051387,health_post_or_dispensary_label,True,unverified,90be703d-25e2-4ba0-a4e9-aeb9537cd28a,osm-car:nest1:13805,53.48166666666667,22.68546838794903,30.79619827871764,57.58271983305987,59952.6,39064.37656404823,le_60,le_30,Ok,True,79.98371383,0.1112245075,False,False,-2.07958714,29.780160749999986,OSRM v26.9.0,2026-09-20T20:22:06Z,CSV mean across outbound route options / 28.7 m/s; not selected GeoJSON path,facility_point; routes supplied separately,saved_le_60,1,,True,False,
nest1:13807,nest1,Muhanga,13807,Gasambu-Rukingiro HP,-2.320092579,29.917916451,health_post_or_dispensary_label,True,unverified,229849d9-8d32-497a-8ef7-7e2091f749e8,osm-car:nest1:13807,51.611666666666665,20.029275863677583,31.58239080298908,61.192348247468104,62449.6,34490.413037252794,le_60,le_30,Ok,True,79.98371383,9.391633875,False,False,-2.07958714,29.780160749999986,OSRM v26.9.0,2026-09-20T20:22:06Z,CSV mean across outbound route options / 28.7 m/s; not selected GeoJSON path,facility_point; routes supplied separately,saved_le_60,1,,True,False,
nest1:13808,nest1,Muhanga,13808,Kiberinka- Gahondo HP,-2.369781248,29.768460053,health_post_or_dispensary_label,True,unverified,1154c7c6-bb45-4346-8396-db0af465b448,osm-car:nest1:13808,38.73833333333334,20.895632782152276,17.84270055118106,46.05954623202098,47071.2,35982.279650866214,le_60,le_30,Ok,True,79.98371383,7.741131858,False,False,-2.07958714,29.780160749999986,OSRM v26.9.0,2026-09-20T20:22:06Z,CSV mean across outbound route options / 28.7 m/s; not selected GeoJSON path,facility_point; routes supplied separately,saved_le_30,1,,True,False,
nest1:13810,nest1,Muhanga,13810,Busoro HP,-1.641118491,29.473249352,health_post_or_dispensary_label,True,unverified,cefe6308-5d05-4255-9164-5eb1e719557e,osm-car:nest1:13810,102.52666666666667,37.39752924155039,65.12913742511628,63.52409528426713,111294.2,64398.54535394976,le_120,le_60,Ok,True,79.98371383,55.45560656,False,False,-2.07958714,29.780160749999986,OSRM v26.9.0,2026-09-20T20:22:06Z,CSV mean across outbound route options / 28.7 m/s; not selected GeoJSON path,facility_point; routes supplied separately,saved_gt_60,1,,True,False,
nest1:13811,nest1,Muhanga,13811,Ngando HP,-1.5957814,29.4157658,health_post_or_dispensary_label,True,unverified,438ee505-42e0-4ca0-804d-c122c2238c71,osm-car:nest1:13811,109.54333333333334,41.02383525116258,68.51949808217076,62.550130616958974,117146.3,70643.04430250196,le_120,le_60,Ok,True,79.98371383,27.66740579,False,False,-2.07958714,29.780160749999986,OSRM v26.9.0,2026-09-20T20:22:06Z,CSV mean across outbound route options / 28.7 m/s; not selected GeoJSON path,facility_point; routes supplied separately,saved_gt_60,1,,True,False,
nest1:13812,nest1,Muhanga,13812,Basumba HP,-1.585782255,29.446315856,health_post_or_dispensary_label,True,unverified,e2f9837a-171b-43f5-8275-277d000eb9b0,osm-car:nest1:13812,106.60333333333332,41.213321092806915,65.3900122405264,61.33955683736569,115426.4,70969.3389218135,le_120,le_60,Ok,True,79.98371383,40.34648106,False,False,-2.07958714,29.780160749999986,OSRM v26.9.0,2026-09-20T20:22:06Z,CSV mean across outbound route options / 28.7 m/s; not selected GeoJSON path,facility_point; routes supplied separately,saved_gt_60,1,,True,False,
nest1:13894,nest1,Muhanga,13894,Gitega HP - Karongi,-2.08526196,29.481930892,health_post_or_dispensary_label,True,unverified,3db2071a-89f1-496d-8b70-aeb8cb101be8,osm-car:nest1:13894,41.97666666666667,21.737094111755148,20.23957255491152,48.216245267001156,54332.0,37431.27606044237,le_60,le_30,Ok,True,79.98371383,38.76912515,False,False,-2.07958714,29.780160749999986,OSRM v26.9.0,2026-09-20T20:22:06Z,CSV mean across outbound route options / 28.7 m/s; not selected GeoJSON path,facility_point; routes supplied separately,saved_le_30,1,,True,False,
nest1:13895,nest1,Muhanga,13895,Ngoma Sector,-2.744608,29.689159,sector_label_review,False,unverified,3d13832d-29b5-4efb-9e22-304179bf2f80,osm-car:nest1:13895,76.00666666666666,47.62593180618888,28.38073486047778,37.33979676407041,105062.9,82011.85457025724,le_120,le_60,Ok,True,79.98371383,29.85656035,False,False,-2.07958714,29.780160749999986,OSRM v26.9.0,2026-09-20T20:22:06Z,CSV mean across outbound route options / 28.7 m/s; not selected GeoJSON path,facility_point; routes supplied separately,saved_le_30,1,,True,False,outside_healthcare_name_screen
nest1:14034,nest1,Muhanga,14034,Masangano HP,-2.287608058,29.600522035,health_post_or_dispensary_label,True,unverified,074ec737-8445-4f2f-9eec-92fa7f8e1115,osm-car:nest1:14034,71.555,18.659709476995754,52.89529052300425,73.92256379429006,49243.4,32132.019719386688,le_120,le_30,Ok,True,79.98371383,13.30366075,False,False,-2.07958714,29.780160749999986,OSRM v26.9.0,2026-09-20T20:22:06Z,CSV mean across outbound route options / 28.7 m/s; not selected GeoJSON path,facility_point; routes supplied separately,saved_le_60,1,,True,True,
nest1:14035,nest1,Muhanga,14035,Butara HP,-2.319590365,29.80284049,health_post_or_dispensary_label,True,unverified,9b03fb38-991b-4553-96b0-5a0a5c025d6e,osm-car:nest1:14035,35.07,17.92986173421606,17.14013826578394,48.87407546559435,45809.8,30875.22190632006,le_60,le_30,Ok,True,79.98371383,31.1217924,False,False,-2.07958714,29.780160749999986,OSRM v26.9.0,2026-09-20T20:22:06Z,CSV mean across outbound route options / 28.7 m/s; not selected GeoJSON path,facility_point; routes supplied separately,saved_le_30,1,,True,False,
nest1:14037,nest1,Muhanga,14037,Rukore SGHP,-2.65070104,29.442500311,health_post_or_dispensary_label,True,unverified,a059534f-dde1-4e05-ad38-2883e0bccd05,osm-car:nest1:14037,128.16,45.54229275824609,82.6177072417539,64.46450315367814,134013.4,78423.82812969977,gt_120,le_60,Ok,True,79.98371383,102.9186501,False,False,-2.07958714,29.780160749999986,OSRM v26.9.0,2026-09-20T20:22:06Z,CSV mean across outbound route options / 28.7 m/s; not selected GeoJSON path,facility_point; routes supplied separately,saved_gt_60,1,,True,False,
nest1:14047,nest1,Muhanga,14047,Mbwe HP,-1.573699,29.746176,health_post_or_dispensary_label,True,unverified,062c9baa-2de6-418a-8a4e-94b7de7e8dc2,osm-car:nest1:14047,87.78666666666666,34.18557099202419,53.60109567464247,61.058356251491276,112289.4,58867.553248265656,le_120,le_60,Ok,True,79.98371383,50.51456324,False,False,-2.07958714,29.780160749999986,OSRM v26.9.0,2026-09-20T20:22:06Z,CSV mean across outbound route options / 28.7 m/s; not selected GeoJSON path,facility_point; routes supplied separately,saved_le_60,1,,True,False,
nest1:14048,nest1,Muhanga,14048,Murago HP,-1.53386466,29.53366554,health_post_or_dispensary_label,True,unverified,663eb8a1-ab03-4533-bbbd-b4a2a0d55d4c,osm-car:nest1:14048,113.34333333333333,40.10830358490612,73.23502974842722,64.61344270954964,118458.8,69066.49877320832,le_120,le_60,Ok,True,79.98371383,32.49083595,False,False,-2.07958714,29.780160749999986,OSRM v26.9.0,2026-09-20T20:22:06Z,CSV mean across outbound route options / 28.7 m/s; not selected GeoJSON path,facility_point; routes supplied separately,saved_gt_60,1,,True,False,
nest1:14049,nest1,Muhanga,14049,Rungu Gatovu HP,-1.551164427,29.528033314,health_post_or_dispensary_label,True,unverified,99e4a937-d05c-440a-96bb-73b1a4c2c640,osm-car:nest1:14049,110.635,39.21273258814166,71.42226741185834,64.55666598441572,113926.8,67524.32551677994,le_120,le_60,Ok,True,79.98371383,42.25289265,False,False,-2.07958714,29.780160749999986,OSRM v26.9.0,2026-09-20T20:22:06Z,CSV mean across outbound route options / 28.7 m/s; not selected GeoJSON path,facility_point; routes supplied separately,saved_gt_60,1,,True,False,
nest1:14054,nest1,Muhanga,14054,Bumba HP,-1.770062,29.892631,health_post_or_dispensary_label,True,unverified,0aeb6b17-2892-4504-a9e5-0089207e5c9a,osm-car:nest1:14054,66.09166666666667,24.078705175764103,42.01296149090257,63.5677137675994,72720.2,41463.53031266578,le_120,le_30,Ok,True,79.98371383,25.83457903,False,False,-2.07958714,29.780160749999986,OSRM v26.9.0,2026-09-20T20:22:06Z,CSV mean across outbound route options / 28.7 m/s; not selected GeoJSON path,facility_point; routes supplied separately,saved_le_60,1,,True,True,
nest1:14093,nest1,Muhanga,14093,Busasamana Sector Nyanza,-2.357513,29.74886,sector_label_review,False,unverified,098853bc-e0ca-4040-83af-05cd9e213745,osm-car:nest1:14093,35.655,19.33400268283491,16.32099731716509,45.7747786205724,46717.1,33293.15261984171,le_60,le_30,Ok,True,79.98371383,18.69499773,False,False,-2.07958714,29.780160749999986,OSRM v26.9.0,2026-09-20T20:22:06Z,CSV mean across outbound route options / 28.7 m/s; not selected GeoJSON path,facility_point; routes supplied separately,saved_le_30,1,,True,False,outside_healthcare_name_screen
nest1:14161,nest1,Muhanga,14161,Kabuga Rutsiro HP,-2.02907202,29.416378114,health_post_or_dispensary_label,True,unverified,de771095-0249-49f4-a0fa-6e308b677049,osm-car:nest1:14161,51.97833333333333,27.54139138403108,24.436941949302252,47.013708178347876,67609.1,47426.275963301516,le_60,le_30,Ok,True,79.98371383,28.63053002,False,False,-2.07958714,29.780160749999986,OSRM v26.9.0,2026-09-20T20:22:06Z,CSV mean across outbound route options / 28.7 m/s; not selected GeoJSON path,facility_point; routes supplied separately,saved_le_30,1,,True,False,
nest1:16033,nest1,Muhanga,16033,Virunga Lodge,-1.446123,29.741695,other_destination_label,False,unverified,2d0e0cf9-8923-4a11-881d-f4f6525e368f,osm-car:nest1:16033,118.85,43.75785665127498,75.09214334872502,63.182283002713525,147637.9,75351.0291534955,le_120,le_60,Ok,True,79.98371383,95.6597665,False,False,-2.07958714,29.780160749999986,OSRM v26.9.0,2026-09-20T20:22:06Z,CSV mean across outbound route options / 28.7 m/s; not selected GeoJSON path,facility_point; routes supplied separately,saved_gt_60,1,,True,False,outside_healthcare_name_screen
nest1:16035,nest1,Muhanga,16035,Mountain Gorilla View Lodge,-1.427638363,29.554929323,other_destination_label,False,unverified,401c7ea4-b5b3-4aac-bca6-e692a2ce597c,osm-car:nest1:16035,110.32666666666667,47.61601316799668,62.71065349866999,56.84088479545893,142829.6,81994.77467529027,le_120,le_60,Ok,True,79.98371383,81.80611734,False,False,-2.07958714,29.780160749999986,OSRM v26.9.0,2026-09-20T20:22:06Z,CSV mean across outbound route options / 28.7 m/s; not selected GeoJSON path,facility_point; routes supplied separately,saved_gt_60,1,,True,False,outside_healthcare_name_screen
nest1:16955,nest1,Muhanga,16955,Kayenzi HP,-1.695139,29.923389,health_post_or_dispensary_label,True,unverified,70808328-857b-4084-ac03-0e3aa4949e45,osm-car:nest1:16955,67.45166666666667,29.022513713100874,38.42915295356579,56.97287384087241,84040.8,49976.768613959706,le_120,le_30,Ok,True,79.98371383,25.81803523,False,False,-2.07958714,29.780160749999986,OSRM v26.9.0,2026-09-20T20:22:06Z,CSV mean across outbound route options / 28.7 m/s; not selected GeoJSON path,facility_point; routes supplied separately,saved_le_60,1,,True,True,
nest1:16956,nest1,Muhanga,16956,Nturo HP,-1.612306865,29.922449447,health_post_or_dispensary_label,True,unverified,5d326308-f947-4e71-be43-1f05cf593ba5,osm-car:nest1:16956,80.27,33.20250520259415,47.06749479740584,58.6364704091265,96676.4,57174.713958867134,le_120,le_60,Ok,True,79.98371383,12.27217577,False,False,-2.07958714,29.780160749999986,OSRM v26.9.0,2026-09-20T20:22:06Z,CSV mean across outbound route options / 28.7 m/s; not selected GeoJSON path,facility_point; routes supplied separately,saved_le_60,1,,True,False,
nest1:17194,nest1,Muhanga,17194,Jaba SGHP,-1.60977438,29.50839178,health_post_or_dispensary_label,True,unverified,4b4e24ec-fd38-430a-ab98-6644acb7c3a2,osm-car:nest1:17194,97.16333333333334,36.71313205298,60.45020128035334,62.21503442349995,105821.7,63220.01339523157,le_120,le_60,Ok,True,79.98371383,24.45859731,False,False,-2.07958714,29.780160749999986,OSRM v26.9.0,2026-09-20T20:22:06Z,CSV mean across outbound route options / 28.7 m/s; not selected GeoJSON path,facility_point; routes supplied separately,saved_gt_60,1,,True,False,
nest1:17195,nest1,Muhanga,17195,Gihorwe SGHP,-1.579334212,29.424184608,health_post_or_dispensary_label,True,unverified,4668a268-6b29-4901-9033-8dec7a12bdbb,osm-car:nest1:17195,109.11666666666666,41.13519023451286,67.9814764321538,62.3016432859207,118043.7,70834.79758383115,le_120,le_60,Ok,True,79.98371383,35.92368553,False,False,-2.07958714,29.780160749999986,OSRM v26.9.0,2026-09-20T20:22:06Z,CSV mean across outbound route options / 28.7 m/s; not selected GeoJSON path,facility_point; routes supplied separately,saved_gt_60,1,,True,False,
nest1:17218,nest1,Muhanga,17218,Ryinyo HP,-1.62626774,29.544377051,health_post_or_dispensary_label,True,unverified,b513d2bc-29a4-4a69-b3ac-2841d321c3af,osm-car:nest1:17218,100.32833333333333,34.68282044864409,65.64551288468925,65.4306821449799,99868.8,59723.816812565114,le_120,le_60,Ok,True,79.98371383,32.62296185,False,False,-2.07958714,29.780160749999986,OSRM v26.9.0,2026-09-20T20:22:06Z,CSV mean across outbound route options / 28.7 m/s; not selected GeoJSON path,facility_point; routes supplied separately,saved_gt_60,1,,True,False,
nest1:17231,nest1,Muhanga,17231,Gatumba HP,-1.92791124,29.65265317,health_post_or_dispensary_label,True,unverified,a9bf71fa-a253-403c-8017-fae3cdfc13e0,osm-car:nest1:17231,36.708333333333336,15.053923854858976,21.65440947847436,58.99044579834104,39800.2,25922.856878067156,le_60,le_30,Ok,True,79.98371383,86.70648479,False,False,-2.07958714,29.780160749999986,OSRM v26.9.0,2026-09-20T20:22:06Z,CSV mean across outbound route options / 28.7 m/s; not selected GeoJSON path,facility_point; routes supplied separately,saved_le_30,1,,True,False,
nest1:17232,nest1,Muhanga,17232,Cyankirankora SGHP,-2.643174713,29.450924502,health_post_or_dispensary_label,True,unverified,b9d76905-afc0-4ddd-81ab-0b33996c791b,osm-car:nest1:17232,129.41166666666666,43.05891629971977,86.35275036694689,66.72717583444066,131190.2,74147.45386811745,gt_120,le_60,Ok,True,79.98371383,10.50087094,False,False,-2.07958714,29.780160749999986,OSRM v26.9.0,2026-09-20T20:22:06Z,CSV mean across outbound route options / 28.7 m/s; not selected GeoJSON path,facility_point; routes supplied separately,saved_gt_60,1,,True,False,
nest1:17233,nest1,Muhanga,17233,Kamanyana SGHP,-1.347730509,29.743487345,health_post_or_dispensary_label,True,unverified,a5f07e07-4be4-4135-8e56-40154378dd2a,osm-car:nest1:17233,118.11,53.042697176515766,65.06730282348423,55.09042657140312,152881.7,91339.52453796015,le_120,le_60,Ok,True,79.98371383,33.60273936,False,False,-2.07958714,29.780160749999986,OSRM v26.9.0,2026-09-20T20:22:06Z,CSV mean across outbound route options / 28.7 m/s; not selected GeoJSON path,facility_point; routes supplied separately,saved_gt_60,1,,True,False,
nest1:17234,nest1,Muhanga,17234,Nyakibungo HP,-2.586134,29.901209,health_post_or_dispensary_label,True,unverified,da6aa715-6eca-4a6d-8215-da2ec1bc67f7,osm-car:nest1:17234,93.67666666666668,34.6827597215995,58.993906945067174,62.976095376010214,101740.1,59723.71224059434,le_120,le_60,Ok,True,79.98371383,40.8674468,False,False,-2.07958714,29.780160749999986,OSRM v26.9.0,2026-09-20T20:22:06Z,CSV mean across outbound route options / 28.7 m/s; not selected GeoJSON path,facility_point; routes supplied separately,saved_le_60,1,,True,False,
nest1:17235,nest1,Muhanga,17235,Gitantu/Nzega HP,-2.488307,29.578027,health_post_or_dispensary_label,True,unverified,1ee37974-7c84-4d05-9edb-d3e1da0fc35b,osm-car:nest1:17235,83.96000000000001,31.015066065863586,52.94493393413642,63.059711689061956,104089.6,53407.94376541709,le_120,le_60,Ok,True,79.98371383,17.26121532,False,False,-2.07958714,29.780160749999986,OSRM v26.9.0,2026-09-20T20:22:06Z,CSV mean across outbound route options / 28.7 m/s; not selected GeoJSON path,facility_point; routes supplied separately,saved_le_60,1,,True,False,
nest1:17236,nest1,Muhanga,17236,Kabumbwe HP,-2.477506572,29.947458276,health_post_or_dispensary_label,True,unverified,57782db4-293c-4a88-a1c7-288c2706b52e,osm-car:nest1:17236,79.94666666666667,29.524328478657782,50.422338188008894,63.06996938126528,81437.1,50840.8936402487,le_120,le_30,Ok,True,79.98371383,65.55175301,False,False,-2.07958714,29.780160749999986,OSRM v26.9.0,2026-09-20T20:22:06Z,CSV mean across outbound route options / 28.7 m/s; not selected GeoJSON path,facility_point; routes supplied separately,saved_le_60,1,,True,True,
nest1:17237,nest1,Muhanga,17237,Gitwa ( Rutsiro) SGHP,-1.987255716,29.434662222,health_post_or_dispensary_label,True,unverified,c6fb404d-2874-41ad-a0d0-68a3af6713e6,osm-car:nest1:17237,69.435,26.811593592994704,42.6234064070053,61.386053729394824,80836.4,46169.56416713688,le_120,le_30,Ok,True,79.98371383,22.95545191,False,False,-2.07958714,29.780160749999986,OSRM v26.9.0,2026-09-20T20:22:06Z,CSV mean across outbound route options / 28.7 m/s; not selected GeoJSON path,facility_point; routes supplied separately,saved_le_60,1,,True,True,
nest1:17239,nest1,Muhanga,17239,Bungwe SGHP,-1.933080728,29.582222904,health_post_or_dispensary_label,True,unverified,c3dbfe91-7227-4c65-826e-da5eda8a1417,osm-car:nest1:17239,59.815000000000005,18.596269581593507,41.218730418406494,68.91035763338041,50861.7,32022.77621950402,le_60,le_30,Ok,True,79.98371383,17.23670782,False,False,-2.07958714,29.780160749999986,OSRM v26.9.0,2026-09-20T20:22:06Z,CSV mean across outbound route options / 28.7 m/s; not selected GeoJSON path,facility_point; routes supplied separately,saved_le_60,1,,True,False,
nest1:17240,nest1,Muhanga,17240,Kiziguro SGHP,-1.793702216,29.65309065,health_post_or_dispensary_label,True,unverified,c8321b89-327c-4953-a73e-8af517549aec,osm-car:nest1:17240,66.375,22.296615970260934,44.07838402973907,66.40811153256358,61013.7,38394.772700789326,le_120,le_30,Ok,True,79.98371383,68.75345977,False,False,-2.07958714,29.780160749999986,OSRM v26.9.0,2026-09-20T20:22:06Z,CSV mean across outbound route options / 28.7 m/s; not selected GeoJSON path,facility_point; routes supplied separately,saved_le_60,1,,True,True,
nest1:17241,nest1,Muhanga,17241,Bunyogombe HP,-2.203136459,29.76473135,health_post_or_dispensary_label,True,unverified,f0c30105-57f6-496e-8146-d37d59ad0718,osm-car:nest1:17241,21.291666666666668,9.141289519253666,12.150377147413002,57.06635059450333,22045.0,15741.300552154815,le_30,le_15,Ok,True,79.98371383,44.50195605,False,False,-2.07958714,29.780160749999986,OSRM v26.9.0,2026-09-20T20:22:06Z,CSV mean across outbound route options / 28.7 m/s; not selected GeoJSON path,facility_point; routes supplied separately,saved_le_15,1,,True,False,
nest1:17242,nest1,Muhanga,17242,Kunturo HP,-1.760231465,29.588374048,health_post_or_dispensary_label,True,unverified,6e2af2f5-8fd0-4f60-a386-03f5626ed4e6,osm-car:nest1:17242,77.86833333333334,27.141087408218432,50.72724592511491,65.14489748735888,78330.2,46736.95251695214,le_120,le_30,Ok,True,79.98371383,227.5923473,False,False,-2.07958714,29.780160749999986,OSRM v26.9.0,2026-09-20T20:22:06Z,CSV mean across outbound route options / 28.7 m/s; not selected GeoJSON path,facility_point; routes supplied separately,saved_le_60,1,,True,True,
nest1:17244,nest1,Muhanga,17244,Mudakama HP,-1.542389924,29.531179489,health_post_or_dispensary_label,True,unverified,16bef2de-15bb-4b15-88f5-152cbc84fa38,osm-car:nest1:17244,111.02333333333333,39.54208623597189,71.48124709736143,64.38398573635702,116909.4,68091.47249834359,le_120,le_60,Ok,True,79.98371383,21.72142527,False,False,-2.07958714,29.780160749999986,OSRM v26.9.0,2026-09-20T20:22:06Z,CSV mean across outbound route options / 28.7 m/s; not selected GeoJSON path,facility_point; routes supplied separately,saved_gt_60,1,,True,False,
nest1:17245,nest1,Muhanga,17245,Gaseke HP,-1.562200139,29.892442151,health_post_or_dispensary_label,True,unverified,51879b81-84db-4714-96a5-c72faf811c97,osm-car:nest1:17245,91.37333333333332,36.88106401228437,54.49226932104895,59.63695022732631,98562.4,63509.19222915369,le_120,le_60,Ok,True,79.98371383,32.82711245,False,False,-2.07958714,29.780160749999986,OSRM v26.9.0,2026-09-20T20:22:06Z,CSV mean across outbound route options / 28.7 m/s; not selected GeoJSON path,facility_point; routes supplied separately,saved_le_60,1,,True,False,
nest1:17257,nest1,Muhanga,17257,Bugarura ( Rutsiro) HP,-1.91728938,29.266877446,health_post_or_dispensary_label,True,unverified,4d3e1d51-219b-4c36-9fe6-ac3397ea593b,osm-car:nest1:17257,,37.03098089505922,,,,63767.349101291984,no_data,le_60,NoSegment,False,,,,,-2.07958714,29.780160749999986,OSRM v26.9.0,2026-09-20T20:22:06Z,CSV mean across outbound route options / 28.7 m/s; not selected GeoJSON path,facility_point; routes supplied separately,no_data,1,,False,False,road_unavailable
nest1:17278,nest1,Muhanga,17278,Murambi Cyato HP,-2.391963079,29.191715818,health_post_or_dispensary_label,True,unverified,163b50ac-8050-47b7-b1f2-c33eced6730c,osm-car:nest1:17278,120.99499999999999,46.35171360263951,74.64328639736048,61.691215667887505,159188.9,79817.65082374522,gt_120,le_60,Ok,True,79.98371383,7.851681859,False,False,-2.07958714,29.780160749999986,OSRM v26.9.0,2026-09-20T20:22:06Z,CSV mean across outbound route options / 28.7 m/s; not selected GeoJSON path,facility_point; routes supplied separately,saved_gt_60,1,,True,False,
nest1:17330,nest1,Muhanga,17330,Kadaho HP,-2.259661765,29.616329305,health_post_or_dispensary_label,True,unverified,e0013649-8bf1-4db8-84b7-69bca09a8935,osm-car:nest1:17330,54.32833333333333,17.377984086096046,36.950349247237284,68.01303662405243,40693.3,29924.88859625739,le_60,le_30,Ok,True,79.98371383,42.728755,False,False,-2.07958714,29.780160749999986,OSRM v26.9.0,2026-09-20T20:22:06Z,CSV mean across outbound route options / 28.7 m/s; not selected GeoJSON path,facility_point; routes supplied separately,saved_le_60,1,,True,False,
nest1:17389,nest1,Muhanga,17389,Rusura HP,-1.557288,29.338625,health_post_or_dispensary_label,True,unverified,3440ac9f-73fd-4431-a9f5-c613d9188ef1,osm-car:nest1:17389,124.75833333333334,47.248299475609116,77.51003385772422,62.12814149306597,156795.5,81361.5716969989,gt_120,le_60,Ok,True,79.98371383,19.4321309,False,False,-2.07958714,29.780160749999986,OSRM v26.9.0,2026-09-20T20:22:06Z,CSV mean across outbound route options / 28.7 m/s; not selected GeoJSON path,facility_point; routes supplied separately,saved_gt_60,1,,True,False,
nest1:17391,nest1,Muhanga,17391,Ruhango HP,-1.812853101,29.714841975,health_post_or_dispensary_label,True,unverified,d8e4b6d0-dd93-4aee-8bec-576105154f29,osm-car:nest1:17391,58.04,20.16623967768088,37.873760322319114,65.25458360151467,47954.0,34726.26472496647,le_60,le_30,Ok,True,79.98371383,14.3490264,False,False,-2.07958714,29.780160749999986,OSRM v26.9.0,2026-09-20T20:22:06Z,CSV mean across outbound route options / 28.7 m/s; not selected GeoJSON path,facility_point; routes supplied separately,saved_le_60,1,,True,False,
nest1:17887,nest1,Muhanga,17887,La Promesse Ntango SGHP,-2.30767447,29.030009961,health_post_or_dispensary_label,True,unverified,4a2601e9-c11d-47d7-8653-57ba191289b2,osm-car:nest1:17887,157.4,58.326027000638724,99.07397299936127,62.94407433250398,194759.0,100437.41849509988,gt_120,le_60,Ok,True,79.98371383,14.96558695,False,False,-2.07958714,29.780160749999986,OSRM v26.9.0,2026-09-20T20:22:06Z,CSV mean across outbound route options / 28.7 m/s; not selected GeoJSON path,facility_point; routes supplied separately,saved_gt_60,1,,True,False,
nest1:17891,nest1,Muhanga,17891,Nkanga(Rulindo) HP,-1.817843693,29.962000483,health_post_or_dispensary_label,True,unverified,617edd6e-1153-46c5-85b2-3da8db7c720e,osm-car:nest1:17891,54.684999999999995,25.888194755618724,28.79680524438127,52.65942259190139,64174.8,44579.471369175444,le_60,le_30,Ok,True,79.98371383,33.24963058,False,False,-2.07958714,29.780160749999986,OSRM v26.9.0,2026-09-20T20:22:06Z,CSV mean across outbound route options / 28.7 m/s; not selected GeoJSON path,facility_point; routes supplied separately,saved_le_30,1,,True,False,
nest1:18266,nest1,Muhanga,18266,Rusiza SGHP,-1.55651146,29.362895424,health_post_or_dispensary_label,True,unverified,955a9db8-f03a-448c-91a3-dfa9adee4c80,osm-car:nest1:18266,118.92166666666667,45.59921638904061,73.32245027762605,61.65609037682456,158911.7,78521.85062192794,le_120,le_60,Ok,True,79.98371383,73.9038435,False,False,-2.07958714,29.780160749999986,OSRM v26.9.0,2026-09-20T20:22:06Z,CSV mean across outbound route options / 28.7 m/s; not selected GeoJSON path,facility_point; routes supplied separately,saved_gt_60,1,,True,False,
nest1:18267,nest1,Muhanga,18267,Nyabizi HP,-1.323680673,29.831841846,health_post_or_dispensary_label,True,unverified,ed0043fa-af6e-4e91-811b-1eec73f335f6,osm-car:nest1:18267,152.02166666666665,50.595199636237524,101.42646703042912,66.71842853349575,169204.7,87124.933773601,gt_120,le_60,Ok,True,79.98371383,173.3925835,False,False,-2.07958714,29.780160749999986,OSRM v26.9.0,2026-09-20T20:22:06Z,CSV mean across outbound route options / 28.7 m/s; not selected GeoJSON path,facility_point; routes supplied separately,saved_gt_60,1,,True,False,
nest1:18272,nest1,Muhanga,18272,Gashorera SGHP,-1.811016,29.675556,health_post_or_dispensary_label,True,unverified,cdca6e50-b7f5-406a-887d-991b8af5ebb4,osm-car:nest1:18272,59.611666666666665,20.506948409035772,39.10471825763089,65.59910239768092,52353.2,35312.9651603596,le_60,le_30,Ok,True,79.98371383,19.94567184,False,False,-2.07958714,29.780160749999986,OSRM v26.9.0,2026-09-20T20:22:06Z,CSV mean across outbound route options / 28.7 m/s; not selected GeoJSON path,facility_point; routes supplied separately,saved_le_60,1,,True,False,
nest1:18286,nest1,Muhanga,18286,Gora SGHP,-1.642392,29.355914,health_post_or_dispensary_label,True,unverified,d285eaaf-17f8-4b08-b65b-c5fa062123ca,osm-car:nest1:18286,106.05,43.85196358288881,62.19803641711119,58.649727880350014,147184.9,75513.08128973452,le_120,le_60,Ok,True,79.98371383,60.65497821,False,False,-2.07958714,29.780160749999986,OSRM v26.9.0,2026-09-20T20:22:06Z,CSV mean across outbound route options / 28.7 m/s; not selected GeoJSON path,facility_point; routes supplied separately,saved_gt_60,1,,True,False,
nest1:18296,nest1,Muhanga,18296,Murambi SGHP,-2.042622,29.518703,health_post_or_dispensary_label,True,unverified,f5fe79f7-6ae6-4bac-949b-1b4bf01463c5,osm-car:nest1:18296,39.830000000000005,19.204753557733866,20.62524644226614,51.78319468306838,48595.3,33070.58562641772,le_60,le_30,Ok,True,79.98371383,11.29372847,False,False,-2.07958714,29.780160749999986,OSRM v26.9.0,2026-09-20T20:22:06Z,CSV mean across outbound route options / 28.7 m/s; not selected GeoJSON path,facility_point; routes supplied separately,saved_le_30,1,,True,False,
nest1:18297,nest1,Muhanga,18297,Nyamisa SGHP,-1.892688383,29.656746748,health_post_or_dispensary_label,True,unverified,83b7a163-512e-41dd-8585-0a152439bae8,osm-car:nest1:18297,48.64,15.763016823444882,32.876983176555115,67.5924818596939,45496.6,27143.914969972087,le_60,le_30,Ok,True,79.98371383,44.41492592,False,False,-2.07958714,29.780160749999986,OSRM v26.9.0,2026-09-20T20:22:06Z,CSV mean across outbound route options / 28.7 m/s; not selected GeoJSON path,facility_point; routes supplied separately,saved_le_60,1,,True,False,
nest1:18355,nest1,Muhanga,18355,Rusagara HP,-1.648192455,29.790948366,health_post_or_dispensary_label,True,unverified,57d3f68c-35fa-4208-b082-9c1860be3592,osm-car:nest1:18355,73.48666666666666,30.038208779435248,43.44845788723141,59.12427363770945,96540.9,51725.79551818749,le_120,le_60,Ok,True,79.98371383,19.16060665,False,False,-2.07958714,29.780160749999986,OSRM v26.9.0,2026-09-20T20:22:06Z,CSV mean across outbound route options / 28.7 m/s; not selected GeoJSON path,facility_point; routes supplied separately,saved_le_60,1,,True,False,
nest1:18374,nest1,Muhanga,18374,Rwanda Charity Eyes HSP,-1.968369617,29.969373345,hospital_label,True,unverified,e4b5bcac-239e-4ebd-9984-2a3f69a181e5,osm-car:nest1:18374,27.355,16.895697439014373,10.459302560985627,38.23543250223223,34478.4,29094.390989982752,le_30,le_30,Ok,True,79.98371383,123.6828842,False,False,-2.07958714,29.780160749999986,OSRM v26.9.0,2026-09-20T20:22:06Z,CSV mean across outbound route options / 28.7 m/s; not selected GeoJSON path,facility_point; routes supplied separately,saved_le_15,1,,True,False,
nest1:19121,nest1,Muhanga,19121,Gasharu SGHP,-2.072164771,29.73773388,health_post_or_dispensary_label,True,unverified,28b45ead-2b92-439e-b9be-719d9478e68b,osm-car:nest1:19121,6.921666666666667,4.130574921962606,2.791091744704061,40.323983790571546,6999.7,7112.850015619607,le_15,le_15,Ok,True,79.98371383,35.71456198,False,False,-2.07958714,29.780160749999986,OSRM v26.9.0,2026-09-20T20:22:06Z,CSV mean across outbound route options / 28.7 m/s; not selected GeoJSON path,facility_point; routes supplied separately,saved_le_15,1,,True,False,
nest1:19149,nest1,Muhanga,19149,MATABA -KAYENZI HP,-1.900532208,29.847166875,health_post_or_dispensary_label,True,unverified,fbaf3f2c-34d9-4124-85e4-3258f1b29833,osm-car:nest1:19149,39.84166666666667,14.117347904375105,25.724318762291563,64.5663721287385,37264.8,24310.073091333932,le_60,le_15,Ok,True,79.98371383,14.17885094,False,False,-2.07958714,29.780160749999986,OSRM v26.9.0,2026-09-20T20:22:06Z,CSV mean across outbound route options / 28.7 m/s; not selected GeoJSON path,facility_point; routes supplied separately,saved_le_30,1,,True,False,
nest1:19150,nest1,Muhanga,19150,CUBI-KAYENZI HP,-1.867285233,29.820469322,health_post_or_dispensary_label,True,unverified,3772ecc7-b07d-4ed5-a57b-f3f1f834833c,osm-car:nest1:19150,49.873333333333335,16.620459905923582,33.25287342740975,66.67465598331056,43948.5,28620.43195800041,le_60,le_30,Ok,True,79.98371383,18.11941986,False,False,-2.07958714,29.780160749999986,OSRM v26.9.0,2026-09-20T20:22:06Z,CSV mean across outbound route options / 28.7 m/s; not selected GeoJSON path,facility_point; routes supplied separately,saved_le_60,1,,True,False,
nest1:19151,nest1,Muhanga,19151,KIRWA KAYENZI HP,-1.88339,29.863243,health_post_or_dispensary_label,True,unverified,78e6640f-7663-4e4c-bf53-8d1a8a1f8568,osm-car:nest1:19151,48.419999999999995,15.494184901774565,32.92581509822543,68.00044423425327,40812.1,26680.9864008558,le_60,le_30,Ok,True,79.98371383,31.68190849,False,False,-2.07958714,29.780160749999986,OSRM v26.9.0,2026-09-20T20:22:06Z,CSV mean across outbound route options / 28.7 m/s; not selected GeoJSON path,facility_point; routes supplied separately,saved_le_60,1,,True,False,
nest1:19154,nest1,Muhanga,19154,MPUSHI KAMONYI II HP,-2.008598,29.822584,health_post_or_dispensary_label,True,unverified,000ed402-e1e1-4ff2-95ce-46c8e9d87a22,osm-car:nest1:19154,18.616666666666667,8.050343121307403,10.566323545359264,56.757333278563635,13901.3,13862.690854891349,le_30,le_15,Ok,True,79.98371383,66.36455874,False,False,-2.07958714,29.780160749999986,OSRM v26.9.0,2026-09-20T20:22:06Z,CSV mean across outbound route options / 28.7 m/s; not selected GeoJSON path,facility_point; routes supplied separately,saved_le_15,1,,True,False,
nest1:19155,nest1,Muhanga,19155,KIDAHWE-RWEZAMENYO HP,-2.050629659,29.911251421,health_post_or_dispensary_label,True,unverified,c694f345-bc32-4e8e-9e71-a16fbe5d5995,osm-car:nest1:19155,23.651666666666664,11.211914997283518,12.439751669383146,52.59566627883791,23037.7,19306.917625322218,le_30,le_15,Ok,True,79.98371383,27.49602092,False,False,-2.07958714,29.780160749999986,OSRM v26.9.0,2026-09-20T20:22:06Z,CSV mean across outbound route options / 28.7 m/s; not selected GeoJSON path,facility_point; routes supplied separately,saved_le_15,1,,True,False,
nest1:19157,nest1,Muhanga,19157,RWABAYANGA-RUGALIKA HP,-2.026084985,29.930890908,health_post_or_dispensary_label,True,unverified,e417e37c-4159-476e-b70f-863b38574242,osm-car:nest1:19157,24.573333333333334,13.077568578715864,11.49576475461747,46.781462647656554,31413.1,22519.573092548715,le_30,le_15,Ok,True,79.98371383,48.7723666,False,False,-2.07958714,29.780160749999986,OSRM v26.9.0,2026-09-20T20:22:06Z,CSV mean across outbound route options / 28.7 m/s; not selected GeoJSON path,facility_point; routes supplied separately,saved_le_15,1,,True,False,
nest1:19158,nest1,Muhanga,19158,KIVUMU-MUSAMBIRA HP,-2.04037038,29.828736778,health_post_or_dispensary_label,True,unverified,63c17b69-fafb-43dd-be9e-ef9450ad52ba,osm-car:nest1:19158,8.181666666666667,8.621426033939766,-0.4397593672730995,-5.374936246972086,9398.2,14846.095630444275,le_15,le_15,Ok,True,79.98371383,114.4959094,False,False,-2.07958714,29.780160749999986,OSRM v26.9.0,2026-09-20T20:22:06Z,CSV mean across outbound route options / 28.7 m/s; not selected GeoJSON path,facility_point; routes supplied separately,drone_slower,1,,True,False,drone_slower_in_model
nest1:19194,nest1,Muhanga,19194,NEW KIGARAMA HP,-2.006418682,29.929576211,health_post_or_dispensary_label,True,unverified,6d4cefed-bcd2-4a96-8856-acf6bebc784e,osm-car:nest1:19194,22.006666666666668,13.894218433860411,8.112448232806257,36.863593908541,28894.7,23925.844143107628,le_30,le_15,Ok,True,79.98371383,36.6914439,False,False,-2.07958714,29.780160749999986,OSRM v26.9.0,2026-09-20T20:22:06Z,CSV mean across outbound route options / 28.7 m/s; not selected GeoJSON path,facility_point; routes supplied separately,saved_le_15,1,,True,False,
nest1:19202,nest1,Muhanga,19202,MWIRUTE SGHP,-1.920365473,29.917360479,health_post_or_dispensary_label,True,unverified,f62a3660-342b-452e-b668-acb5b1779743,osm-car:nest1:19202,34.526666666666664,15.702629247935606,18.82403741873106,54.52028601679203,32139.6,27039.927564945112,le_60,le_30,Ok,True,79.98371383,51.30818167,False,False,-2.07958714,29.780160749999986,OSRM v26.9.0,2026-09-20T20:22:06Z,CSV mean across outbound route options / 28.7 m/s; not selected GeoJSON path,facility_point; routes supplied separately,saved_le_30,1,,True,False,
nest1:19203,nest1,Muhanga,19203,MUGANZA -RUNDA HP,-1.966460714,29.96814164,health_post_or_dispensary_label,True,unverified,68869dff-e88d-4b02-ba56-f24b4f7aee68,osm-car:nest1:19203,27.89,17.238041529395126,10.651958470604875,38.19275177699848,34700.6,29683.90751361841,le_30,le_30,Ok,True,79.98371383,84.38122443,False,False,-2.07958714,29.780160749999986,OSRM v26.9.0,2026-09-20T20:22:06Z,CSV mean across outbound route options / 28.7 m/s; not selected GeoJSON path,facility_point; routes supplied separately,saved_le_15,1,,True,False,
nest1:19204,nest1,Muhanga,19204,GIHARA HP,-1.944608945,29.961876823,health_post_or_dispensary_label,True,unverified,a81326e9-4258-4f1e-92a7-b1767e5f1780,osm-car:nest1:19204,29.361666666666668,17.056689587397898,12.30497707926877,41.90830588386934,33015.9,29371.61946949918,le_30,le_30,Ok,True,79.98371383,29.11794295,False,False,-2.07958714,29.780160749999986,OSRM v26.9.0,2026-09-20T20:22:06Z,CSV mean across outbound route options / 28.7 m/s; not selected GeoJSON path,facility_point; routes supplied separately,saved_le_15,2,nest1:399;nest1:19204,False,False,identical_coordinate_group
nest1:19206,nest1,Muhanga,19206,Ireme HP,-2.0422957,29.9596494,health_post_or_dispensary_label,True,unverified,ff7b882b-36a3-401a-aed1-f3cde9d7d64b,osm-car:nest1:19206,29.52,14.48676060055144,15.03323939944856,50.92560772170921,35766.5,24946.20175414958,le_30,le_15,Ok,True,79.98371383,45.02567487,False,False,-2.07958714,29.780160749999986,OSRM v26.9.0,2026-09-20T20:22:06Z,CSV mean across outbound route options / 28.7 m/s; not selected GeoJSON path,facility_point; routes supplied separately,saved_le_30,1,,True,False,
nest1:19221,nest1,Muhanga,19221,Mulinja  HP,-2.292816298,29.88826787,health_post_or_dispensary_label,True,unverified,c508d9c0-0599-44ab-97fd-8c3bddc84d8b,osm-car:nest1:19221,41.108333333333334,16.860418753352604,24.24791457998073,58.98539934315198,47667.1,29033.641093273185,le_60,le_30,Ok,True,79.98371383,28.02561005,False,False,-2.07958714,29.780160749999986,OSRM v26.9.0,2026-09-20T20:22:06Z,CSV mean across outbound route options / 28.7 m/s; not selected GeoJSON path,facility_point; routes supplied separately,saved_le_30,1,,True,False,
nest1:20298,nest1,Muhanga,20298,Sekera HP,-2.40725983,29.480591326,health_post_or_dispensary_label,True,unverified,731a83dc-7061-479e-910e-758b307a6389,osm-car:nest1:20298,109.315,29.642275674428067,79.67272432557193,72.88361553818957,77430.8,51043.99871136513,le_120,le_30,Ok,True,79.98371383,53.32309499,False,False,-2.07958714,29.780160749999986,OSRM v26.9.0,2026-09-20T20:22:06Z,CSV mean across outbound route options / 28.7 m/s; not selected GeoJSON path,facility_point; routes supplied separately,saved_gt_60,1,,True,True,
nest1:20300,nest1,Muhanga,20300,Gasave HP,-2.240521876,29.551665431,health_post_or_dispensary_label,True,unverified,c4c9d454-c8f6-4a67-8c5b-8f7d3bdeedc8,osm-car:nest1:20300,70.80833333333334,18.989841571499447,51.81849176183389,73.18134649193912,53238.7,32700.50718612205,le_120,le_30,Ok,True,79.98371383,42.13278227,False,False,-2.07958714,29.780160749999986,OSRM v26.9.0,2026-09-20T20:22:06Z,CSV mean across outbound route options / 28.7 m/s; not selected GeoJSON path,facility_point; routes supplied separately,saved_le_60,1,,True,True,
nest1:20301,nest1,Muhanga,20301,Manwari  HP,-2.34644937,29.582364026,health_post_or_dispensary_label,True,unverified,cf5ca28b-a068-4c71-af83-652eb00c7950,osm-car:nest1:20301,77.195,22.35040553802658,54.844594461973415,71.04682228379224,55956.3,38487.39833648177,le_120,le_30,Ok,True,79.98371383,89.19854832,False,False,-2.07958714,29.780160749999986,OSRM v26.9.0,2026-09-20T20:22:06Z,CSV mean across outbound route options / 28.7 m/s; not selected GeoJSON path,facility_point; routes supplied separately,saved_le_60,1,,True,True,
nest1:20307,nest1,Muhanga,20307,MATABA HP,-2.0225386,29.5522038,health_post_or_dispensary_label,True,unverified,46279169-e86f-4b9e-8cee-a8da6f37f3ed,osm-car:nest1:20307,59.294999999999995,16.383206652212433,42.911793347787565,72.37000311626203,56711.0,28211.88185510981,le_60,le_30,Ok,True,79.98371383,51.29334324,False,False,-2.07958714,29.780160749999986,OSRM v26.9.0,2026-09-20T20:22:06Z,CSV mean across outbound route options / 28.7 m/s; not selected GeoJSON path,facility_point; routes supplied separately,saved_le_60,1,,True,False,
nest1:20308,nest1,Muhanga,20308,KABIHOGO HP,-1.878819213,29.291810029,health_post_or_dispensary_label,True,unverified,c16290a8-7df5-4b47-b73a-c2818e327c38,osm-car:nest1:20308,94.195,38.73394921259917,55.46105078740082,58.87897530378557,106890.9,66699.86054409576,le_120,le_60,Ok,True,79.98371383,228.2347006,False,False,-2.07958714,29.780160749999986,OSRM v26.9.0,2026-09-20T20:22:06Z,CSV mean across outbound route options / 28.7 m/s; not selected GeoJSON path,facility_point; routes supplied separately,saved_le_60,1,,True,False,
nest1:20523,nest1,Muhanga,20523,MAZIBA HP,-1.85565463,29.296523828,health_post_or_dispensary_label,True,unverified,2151dbda-8c53-418d-9fa0-39f4bbabd694,osm-car:nest1:20523,92.84833333333333,38.93652532573558,53.91180800759775,58.06437883386643,107792.8,67048.69661091667,le_120,le_60,Ok,True,79.98371383,6.33800894,False,False,-2.07958714,29.780160749999986,OSRM v26.9.0,2026-09-20T20:22:06Z,CSV mean across outbound route options / 28.7 m/s; not selected GeoJSON path,facility_point; routes supplied separately,saved_le_60,1,,True,False,
nest1:21077,nest1,Muhanga,21077,Gatare HP,-1.885313713,29.377048237,health_post_or_dispensary_label,True,unverified,1c6c6ad9-9c6c-491f-aba5-f7d0b37530e5,osm-car:nest1:21077,85.35666666666665,34.31917140039009,51.037495266276565,59.79321505792546,99106.2,59097.61315147173,le_120,le_60,Ok,True,79.98371383,15.36824712,False,False,-2.07958714,29.780160749999986,OSRM v26.9.0,2026-09-20T20:22:06Z,CSV mean across outbound route options / 28.7 m/s; not selected GeoJSON path,facility_point; routes supplied separately,saved_le_60,1,,True,False,
nest1:21094,nest1,Muhanga,21094,Songorero HP,-1.597146464,29.859598911,health_post_or_dispensary_label,True,unverified,8c73e087-f70a-4a51-a388-f9ca0c07afb8,osm-car:nest1:21094,76.94333333333334,33.497077791626296,43.446255541707046,56.46526301829101,92417.3,57681.96795718047,le_120,le_60,Ok,True,79.98371383,12.25813469,False,False,-2.07958714,29.780160749999986,OSRM v26.9.0,2026-09-20T20:22:06Z,CSV mean across outbound route options / 28.7 m/s; not selected GeoJSON path,facility_point; routes supplied separately,saved_le_60,1,,True,False,
nest1:21096,nest1,Muhanga,21096,Gatagara SGHP,-1.651572634,29.538205248,health_post_or_dispensary_label,True,unverified,b0a20292-729a-415d-87d1-ab69606376a0,osm-car:nest1:21096,95.08833333333334,33.3481204372233,61.74021289611004,64.92932490432759,94504.8,57425.46339289853,le_120,le_60,Ok,True,79.98371383,28.47225471,False,False,-2.07958714,29.780160749999986,OSRM v26.9.0,2026-09-20T20:22:06Z,CSV mean across outbound route options / 28.7 m/s; not selected GeoJSON path,facility_point; routes supplied separately,saved_gt_60,1,,True,False,
nest1:21097,nest1,Muhanga,21097,Kinyamavuta HC,-1.7623556,29.3493857,health_center_or_clinic_label,True,unverified,f3916e8e-4695-4616-8737-815f6d22d7b0,osm-car:nest1:21097,95.76,35.74050941436394,60.01949058563606,62.67699518132421,120654.8,61545.1572115347,le_120,le_60,Ok,True,79.98371383,7.235698591,False,False,-2.07958714,29.780160749999986,OSRM v26.9.0,2026-09-20T20:22:06Z,CSV mean across outbound route options / 28.7 m/s; not selected GeoJSON path,facility_point; routes supplied separately,saved_gt_60,2,nest1:173;nest1:21097,False,False,identical_coordinate_group
nest1:21098,nest1,Muhanga,21098,SURE HP,-2.0037934,29.3763363,health_post_or_dispensary_label,True,unverified,b093b725-3553-4000-9848-f3634bb68d5a,osm-car:nest1:21098,57.525,29.213439171843042,28.311560828156956,49.21609878862574,76658.8,50305.542253913714,le_60,le_30,Ok,True,79.98371383,18.59820025,False,False,-2.07958714,29.780160749999986,OSRM v26.9.0,2026-09-20T20:22:06Z,CSV mean across outbound route options / 28.7 m/s; not selected GeoJSON path,facility_point; routes supplied separately,saved_le_30,1,,True,False,
nest1:21100,nest1,Muhanga,21100,Muringa HP,-1.711066528,29.531075283,health_post_or_dispensary_label,True,unverified,dcdfd06e-165b-4bc0-a0ce-617ab226a739,osm-car:nest1:21100,86.68833333333333,30.179943829081534,56.508389504251795,65.18569146665463,88489.2,51969.8632736784,le_120,le_60,Ok,True,79.98371383,14.38780568,False,False,-2.07958714,29.780160749999986,OSRM v26.9.0,2026-09-20T20:22:06Z,CSV mean across outbound route options / 28.7 m/s; not selected GeoJSON path,facility_point; routes supplied separately,saved_le_60,1,,True,False,
nest1:21102,nest1,Muhanga,21102,Rurembo HP,-1.4192639,29.7460448,health_post_or_dispensary_label,True,unverified,55de315b-67c5-45ce-8df3-0b728a0d8d7b,osm-car:nest1:21102,116.775,44.25232921985257,72.52267078014744,62.10462066379571,147893.6,76202.51091658612,le_120,le_60,Ok,True,79.98371383,30.80756985,False,False,-2.07958714,29.780160749999986,OSRM v26.9.0,2026-09-20T20:22:06Z,CSV mean across outbound route options / 28.7 m/s; not selected GeoJSON path,facility_point; routes supplied separately,saved_gt_60,1,,True,False,
nest1:21103,nest1,Muhanga,21103,RURONDE HP,-1.954547238,29.499667832,health_post_or_dispensary_label,True,unverified,3c64313b-0b3b-4177-9b43-b21a2a2a59a0,osm-car:nest1:21103,74.74499999999999,22.104017383524866,52.64098261647513,70.42743008425332,78230.2,38063.117934429814,le_120,le_30,Ok,True,79.98371383,38.46039788,False,False,-2.07958714,29.780160749999986,OSRM v26.9.0,2026-09-20T20:22:06Z,CSV mean across outbound route options / 28.7 m/s; not selected GeoJSON path,facility_point; routes supplied separately,saved_le_60,1,,True,True,
nest1:21130,nest1,Muhanga,21130,Nyeranzi HP,-2.530267292,29.880485626,health_post_or_dispensary_label,True,unverified,233289ce-9dc2-46ad-a518-b26258d8aca2,osm-car:nest1:21130,81.49833333333332,30.926445670508837,50.57188766282448,62.05266487595799,89205.2,53255.33944461622,le_120,le_60,Ok,True,79.98371383,19.67508498,False,False,-2.07958714,29.780160749999986,OSRM v26.9.0,2026-09-20T20:22:06Z,CSV mean across outbound route options / 28.7 m/s; not selected GeoJSON path,facility_point; routes supplied separately,saved_le_60,1,,True,False,
nest1:22753,nest1,Muhanga,22753,Ramba HP,-2.496031807,29.906171481,health_post_or_dispensary_label,True,unverified,1b5cda92-65e3-4d0e-aa33-c4674f934fc5,osm-car:nest1:22753,73.81833333333334,29.375708226484353,44.44262510684899,60.205403048270284,82046.3,50584.96956600605,le_120,le_30,Ok,True,79.98371383,60.23685399,False,False,-2.07958714,29.780160749999986,OSRM v26.9.0,2026-09-20T20:22:06Z,CSV mean across outbound route options / 28.7 m/s; not selected GeoJSON path,facility_point; routes supplied separately,saved_le_60,1,,True,True,
nest1:22756,nest1,Muhanga,22756,IMPINGA HP,-2.715813128,29.768478964,health_post_or_dispensary_label,True,unverified,b891b4ce-8263-4835-8a50-aecc9c691bf2,osm-car:nest1:22756,79.62833333333333,43.43364656270814,36.19468677062519,45.45453264620029,96713.5,74792.73938098342,le_120,le_60,Ok,True,79.98371383,29.02293532,False,False,-2.07958714,29.780160749999986,OSRM v26.9.0,2026-09-20T20:22:06Z,CSV mean across outbound route options / 28.7 m/s; not selected GeoJSON path,facility_point; routes supplied separately,saved_le_60,1,,True,False,
nest1:22757,nest1,Muhanga,22757,Nyanza SGHP,-2.705939205,29.717514707,health_post_or_dispensary_label,True,unverified,e630e6ef-3865-4b06-8437-9f2a554ea62d,osm-car:nest1:22757,70.87666666666668,45.3067283653447,25.569938301321976,36.07666599443442,95829.6,78018.18624512358,le_120,le_60,Ok,True,79.98371383,1.898793579,False,False,-2.07958714,29.780160749999986,OSRM v26.9.0,2026-09-20T20:22:06Z,CSV mean across outbound route options / 28.7 m/s; not selected GeoJSON path,facility_point; routes supplied separately,saved_le_30,1,,True,False,
nest1:22758,nest1,Muhanga,22758,Gatovu (Musha) HP,-2.516372866,29.852022743,health_post_or_dispensary_label,True,unverified,9a13ffb1-a297-49ee-a26a-e63f49a7458c,osm-car:nest1:22758,70.57833333333333,29.62676333012307,40.951570003210264,58.02286348956516,79070.2,51017.28645447192,le_120,le_30,Ok,True,79.98371383,23.0967571,False,False,-2.07958714,29.780160749999986,OSRM v26.9.0,2026-09-20T20:22:06Z,CSV mean across outbound route options / 28.7 m/s; not selected GeoJSON path,facility_point; routes supplied separately,saved_le_60,1,,True,True,
nest1:22760,nest1,Muhanga,22760,Cyiri HP,-2.458060067,29.846623622,health_post_or_dispensary_label,True,unverified,089364d0-d205-47ca-8c60-c72bf8967f47,osm-car:nest1:22760,61.086666666666666,26.428180478892703,34.65848618777396,56.73658112153328,63469.6,45509.32678465323,le_120,le_30,Ok,True,79.98371383,18.1475999,False,False,-2.07958714,29.780160749999986,OSRM v26.9.0,2026-09-20T20:22:06Z,CSV mean across outbound route options / 28.7 m/s; not selected GeoJSON path,facility_point; routes supplied separately,saved_le_60,1,,True,True,
nest1:22761,nest1,Muhanga,22761,Kibayi HP,-2.732347977,29.859765262,health_post_or_dispensary_label,True,unverified,2f385671-144b-4f93-9d2b-cd3674e0b7be,osm-car:nest1:22761,96.57,45.24308142264581,51.326918577354185,53.149962283684566,107617.7,77908.58620979608,le_120,le_60,Ok,True,79.98371383,72.51777446,False,False,-2.07958714,29.780160749999986,OSRM v26.9.0,2026-09-20T20:22:06Z,CSV mean across outbound route options / 28.7 m/s; not selected GeoJSON path,facility_point; routes supplied separately,saved_le_60,1,,True,False,
nest1:22763,nest1,Muhanga,22763,Rushara HP,-1.56612785,29.85218085,health_post_or_dispensary_label,True,unverified,34850a07-2456-4819-a801-9eeca9186d56,osm-car:nest1:22763,88.36833333333334,36.820093302072195,51.548240031261145,58.33338492061011,98674.6,63404.20066616832,le_120,le_60,Ok,True,79.98371383,11.22347579,False,False,-2.07958714,29.780160749999986,OSRM v26.9.0,2026-09-20T20:22:06Z,CSV mean across outbound route options / 28.7 m/s; not selected GeoJSON path,facility_point; routes supplied separately,saved_le_60,1,,True,False,
nest1:22766,nest1,Muhanga,22766,Cyahi HP,-1.41216217,29.705959726,health_post_or_dispensary_label,True,unverified,c79e1905-945c-4c9d-8ed8-61b92a026fec,osm-car:nest1:22766,115.86333333333333,46.30902784771665,69.55430548561668,60.031334749805815,145096.0,79744.14595376808,le_120,le_60,Ok,True,79.98371383,32.15158797,False,False,-2.07958714,29.780160749999986,OSRM v26.9.0,2026-09-20T20:22:06Z,CSV mean across outbound route options / 28.7 m/s; not selected GeoJSON path,facility_point; routes supplied separately,saved_gt_60,1,,True,False,
nest1:22768,nest1,Muhanga,22768,Kigarama HP,-2.55477927,29.83545936,health_post_or_dispensary_label,True,unverified,39ec9e3f-ecfd-4f49-a870-ffb115116488,osm-car:nest1:22768,75.015,32.29921871437892,42.715781285621084,56.94298645020474,82553.2,55619.2546261605,le_120,le_60,Ok,True,79.98371383,24.77097818,False,False,-2.07958714,29.780160749999986,OSRM v26.9.0,2026-09-20T20:22:06Z,CSV mean across outbound route options / 28.7 m/s; not selected GeoJSON path,facility_point; routes supplied separately,saved_le_60,1,,True,False,
nest1:22808,nest1,Muhanga,22808,Ndago HP,-1.471855744,29.812004804,health_post_or_dispensary_label,True,unverified,caef2897-224b-4a73-861a-6133b5b00f0c,osm-car:nest1:22808,110.695,41.43120649358949,69.26379350641051,62.57174534207554,113450.1,71344.5375819611,le_120,le_60,Ok,True,79.98371383,10.25323204,False,False,-2.07958714,29.780160749999986,OSRM v26.9.0,2026-09-20T20:22:06Z,CSV mean across outbound route options / 28.7 m/s; not selected GeoJSON path,facility_point; routes supplied separately,saved_gt_60,1,,True,False,
nest1:22809,nest1,Muhanga,22809,Kabona HP,-1.438842451,29.829307352,health_post_or_dispensary_label,True,unverified,0141a0fc-38d4-434c-b36d-6c65f5deeeb0,osm-car:nest1:22809,117.25166666666668,43.38129171997334,73.87037494669335,63.00155643561002,117260.2,74702.58434179409,le_120,le_60,Ok,True,79.98371383,5.454689129,False,False,-2.07958714,29.780160749999986,OSRM v26.9.0,2026-09-20T20:22:06Z,CSV mean across outbound route options / 28.7 m/s; not selected GeoJSON path,facility_point; routes supplied separately,saved_gt_60,1,,True,False,
nest1:22810,nest1,Muhanga,22810,Mariba HP,-1.49148811,29.79748662,health_post_or_dispensary_label,True,unverified,f53b63d9-6226-47da-bc3a-a7abbfde2f7b,osm-car:nest1:22810,109.985,40.904371585753026,69.08062841424697,62.80913616788378,117230.0,70437.32787066672,le_120,le_60,Ok,True,79.98371383,13.77505268,False,False,-2.07958714,29.780160749999986,OSRM v26.9.0,2026-09-20T20:22:06Z,CSV mean across outbound route options / 28.7 m/s; not selected GeoJSON path,facility_point; routes supplied separately,saved_gt_60,1,,True,False,
nest1:22811,nest1,Muhanga,22811,Ruhanga HP,-1.471600999,29.844825022,health_post_or_dispensary_label,True,unverified,2e7021c4-1962-4abc-8231-2e3d7a22a955,osm-car:nest1:22811,108.49833333333332,42.449292247297244,66.04904108603608,60.87562735467773,112575.5,73097.68124984586,le_120,le_60,Ok,True,79.98371383,27.67873953,False,False,-2.07958714,29.780160749999986,OSRM v26.9.0,2026-09-20T20:22:06Z,CSV mean across outbound route options / 28.7 m/s; not selected GeoJSON path,facility_point; routes supplied separately,saved_gt_60,1,,True,False,
nest1:22813,nest1,Muhanga,22813,Nyanamo HP,-1.551802,29.815909,health_post_or_dispensary_label,True,unverified,d940ed8c-fec3-48cf-ab56-c001a080c866,osm-car:nest1:22813,97.96333333333334,36.09439183516409,61.86894149816925,63.155202454832676,109574.0,62154.54274015256,le_120,le_60,Ok,True,79.98371383,851.0218893,True,False,-2.07958714,29.780160749999986,OSRM v26.9.0,2026-09-20T20:22:06Z,CSV mean across outbound route options / 28.7 m/s; not selected GeoJSON path,facility_point; routes supplied separately,saved_gt_60,1,,False,False,endpoint_gap_over_250m
nest1:22857,nest1,Muhanga,22857,MUHANGA YOUTH FRIENDLY CENTER,-2.077502,29.759511,unclassified_review,False,unverified,c9478d61-5d22-4477-b2d0-7ea3a4103bda,osm-car:nest1:22857,2.5883333333333334,3.8672308679841265,-1.2788975346507931,-49.41007860853032,2932.8,6659.371554668665,le_15,le_15,Ok,True,79.98371383,31.53653202,False,False,-2.07958714,29.780160749999986,OSRM v26.9.0,2026-09-20T20:22:06Z,CSV mean across outbound route options / 28.7 m/s; not selected GeoJSON path,facility_point; routes supplied separately,drone_slower,1,,True,False,outside_healthcare_name_screen;drone_slower_in_model
nest1:22893,nest1,Muhanga,22893,GACYAMO-BUTARO HP,-1.415775435,29.852738814,health_post_or_dispensary_label,True,unverified,26cb45ab-ca0f-4538-b621-9303c8aad692,osm-car:nest1:22893,126.735,45.67027984231149,81.06472015768851,63.963956411163856,124321.8,78644.22188846038,gt_120,le_60,Ok,True,79.98371383,12.35316251,False,False,-2.07958714,29.780160749999986,OSRM v26.9.0,2026-09-20T20:22:06Z,CSV mean across outbound route options / 28.7 m/s; not selected GeoJSON path,facility_point; routes supplied separately,saved_gt_60,1,,True,False,
nest1:22895,nest1,Muhanga,22895,Kaganda HP,-1.41391522,29.79273008,health_post_or_dispensary_label,True,unverified,2caca3aa-3630-4855-9126-8a943b64d86a,osm-car:nest1:22895,136.01333333333335,46.14582678934087,89.86750654399248,66.07257122634482,129858.1,79463.11373124499,gt_120,le_60,Ok,True,79.98371383,18.06317824,False,False,-2.07958714,29.780160749999986,OSRM v26.9.0,2026-09-20T20:22:06Z,CSV mean across outbound route options / 28.7 m/s; not selected GeoJSON path,facility_point; routes supplied separately,saved_gt_60,1,,True,False,
nest1:22899,nest1,Muhanga,22899,Nkumba HP,-1.465714608,29.719176328,health_post_or_dispensary_label,True,unverified,7f46c132-2ed6-441e-bbe2-7de233d4e1e7,osm-car:nest1:22899,110.21499999999999,42.5886861534021,67.6263138465979,61.358539079615205,141804.5,73337.71755615842,le_120,le_60,Ok,True,79.98371383,61.76356661,False,False,-2.07958714,29.780160749999986,OSRM v26.9.0,2026-09-20T20:22:06Z,CSV mean across outbound route options / 28.7 m/s; not selected GeoJSON path,facility_point; routes supplied separately,saved_gt_60,1,,True,False,
nest1:23177,nest1,Muhanga,23177,CENTRE AMICAL RUTSIRO,-1.884988108,29.350762674,unclassified_review,False,unverified,df6b5164-400e-4028-9738-539640fc8faf,osm-car:nest1:23177,72.93,33.79668825118675,39.133311748813256,53.65872994489683,100856.2,58197.89716854358,le_120,le_60,Ok,True,79.98371383,4.082403233,False,False,-2.07958714,29.780160749999986,OSRM v26.9.0,2026-09-20T20:22:06Z,CSV mean across outbound route options / 28.7 m/s; not selected GeoJSON path,facility_point; routes supplied separately,saved_le_60,1,,True,False,outside_healthcare_name_screen
nest1:23278,nest1,Muhanga,23278,Guriro HC,-1.730669618,29.568544389,health_center_or_clinic_label,True,unverified,3d57303f-bc9d-4f83-8c92-fa6afa5b8bb2,osm-car:nest1:23278,88.20666666666666,28.194726139121695,60.011940527544965,68.03560637239623,86459.5,48551.318411567554,le_120,le_30,Ok,True,79.98371383,82.49813428,False,False,-2.07958714,29.780160749999986,OSRM v26.9.0,2026-09-20T20:22:06Z,CSV mean across outbound route options / 28.7 m/s; not selected GeoJSON path,facility_point; routes supplied separately,saved_gt_60,1,,True,True,
nest1:23281,nest1,Muhanga,23281,Liba HP,-2.695726814,29.730320994,health_post_or_dispensary_label,True,unverified,9c1e544f-a80d-4ae8-a394-5acaa993e989,osm-car:nest1:23281,79.96833333333333,44.62534046959801,35.342992863735326,44.19623542285737,98040.1,76844.83628864777,le_120,le_60,Ok,True,79.98371383,32.30255965,False,False,-2.07958714,29.780160749999986,OSRM v26.9.0,2026-09-20T20:22:06Z,CSV mean across outbound route options / 28.7 m/s; not selected GeoJSON path,facility_point; routes supplied separately,saved_le_60,1,,True,False,
nest1:23282,nest1,Muhanga,23282,GIHEMVU HP,-2.70049803,29.475097638,health_post_or_dispensary_label,True,unverified,c9a51f66-182e-4c21-b192-0f0183ef9e67,osm-car:nest1:23282,120.32333333333332,45.5550950696554,74.76823826367792,62.13943396709803,130951.5,78445.8737099466,gt_120,le_60,Ok,True,79.98371383,29.42411755,False,False,-2.07958714,29.780160749999986,OSRM v26.9.0,2026-09-20T20:22:06Z,CSV mean across outbound route options / 28.7 m/s; not selected GeoJSON path,facility_point; routes supplied separately,saved_gt_60,1,,True,False,
nest1:23283,nest1,Muhanga,23283,Bitare HP,-2.67111719,29.66445577,health_post_or_dispensary_label,True,unverified,73258883-0cc5-4e65-903a-24ddd7493d71,osm-car:nest1:23283,81.03166666666667,43.03392724650355,37.997739420163114,46.892456965585204,96196.2,74104.42271847911,le_120,le_60,Ok,True,79.98371383,47.89024337,False,False,-2.07958714,29.780160749999986,OSRM v26.9.0,2026-09-20T20:22:06Z,CSV mean across outbound route options / 28.7 m/s; not selected GeoJSON path,facility_point; routes supplied separately,saved_le_60,1,,True,False,
nest1:23284,nest1,Muhanga,23284,Nkanda HP,-2.795520656,29.509046906,health_post_or_dispensary_label,True,unverified,7eed5c9c-e1b0-476b-b219-e17a62b2d30f,osm-car:nest1:23284,124.04833333333333,51.0679026361279,72.98043069720543,58.83225411912462,134202.7,87938.92833941223,gt_120,le_60,Ok,True,79.98371383,33.80228637,False,False,-2.07958714,29.780160749999986,OSRM v26.9.0,2026-09-20T20:22:06Z,CSV mean across outbound route options / 28.7 m/s; not selected GeoJSON path,facility_point; routes supplied separately,saved_gt_60,1,,True,False,
nest1:23286,nest1,Muhanga,23286,Byogo HP,-2.20783114,29.4317246,health_post_or_dispensary_label,True,unverified,8ebe8261-115f-465b-9e8c-25f47b01cc38,osm-car:nest1:23286,75.89333333333335,26.085416383895634,49.80791694943771,65.62884348573134,91213.9,44919.08701306828,le_120,le_30,Ok,True,79.98371383,37.2710068,False,False,-2.07958714,29.780160749999986,OSRM v26.9.0,2026-09-20T20:22:06Z,CSV mean across outbound route options / 28.7 m/s; not selected GeoJSON path,facility_point; routes supplied separately,saved_le_60,1,,True,True,
nest1:23287,nest1,Muhanga,23287,Nyange HP,-2.691704707,29.549884069,health_post_or_dispensary_label,True,unverified,a16958c7-11c6-41f3-886d-9cb64efc9b3f,osm-car:nest1:23287,100.07666666666667,44.05149897590464,56.025167690762025,55.98224796732041,117186.4,75856.6812365078,le_120,le_60,Ok,True,79.98371383,106.3632235,False,False,-2.07958714,29.780160749999986,OSRM v26.9.0,2026-09-20T20:22:06Z,CSV mean across outbound route options / 28.7 m/s; not selected GeoJSON path,facility_point; routes supplied separately,saved_le_60,1,,True,False,
nest1:23288,nest1,Muhanga,23288,UWACYIZA HP,-2.669632,29.46796,health_post_or_dispensary_label,True,unverified,7ca1c1ef-8a60-4e9b-897a-a74ec8c6b62d,osm-car:nest1:23288,118.62833333333333,45.468923097048176,73.15941023628515,61.67111024877572,130048.3,78297.48557311695,le_120,le_60,Ok,True,79.98371383,38.89421295,False,False,-2.07958714,29.780160749999986,OSRM v26.9.0,2026-09-20T20:22:06Z,CSV mean across outbound route options / 28.7 m/s; not selected GeoJSON path,facility_point; routes supplied separately,saved_gt_60,1,,True,False,
nest1:23308,nest1,Muhanga,23308,Kabujenje HP,-1.766617901,29.310933207,health_post_or_dispensary_label,True,unverified,3847a79f-562f-4374-ab0a-64e14bd54552,osm-car:nest1:23308,90.11333333333333,41.100814751107755,49.012518582225574,54.38986304160566,122490.4,70775.60300140755,le_120,le_60,Ok,True,79.98371383,24.58536446,False,False,-2.07958714,29.780160749999986,OSRM v26.9.0,2026-09-20T20:22:06Z,CSV mean across outbound route options / 28.7 m/s; not selected GeoJSON path,facility_point; routes supplied separately,saved_le_60,1,,True,False,
nest1:23535,nest1,Muhanga,23535,MPANDA HP,-2.123587695,29.727481733,health_post_or_dispensary_label,True,unverified,85a69d75-48ed-4f59-ad7f-1e1eaaaa0807,osm-car:nest1:23535,11.911666666666667,5.211838713391808,6.699827953274859,56.245932166852036,11042.0,8974.786264460692,le_15,le_15,Ok,True,79.98371383,69.58804859,False,False,-2.07958714,29.780160749999986,OSRM v26.9.0,2026-09-20T20:22:06Z,CSV mean across outbound route options / 28.7 m/s; not selected GeoJSON path,facility_point; routes supplied separately,saved_le_15,1,,True,False,
nest1:23539,nest1,Muhanga,23539,Byiza HP,-2.650429853,29.868466018,health_post_or_dispensary_label,True,unverified,c26d7861-c619-4236-a3dc-33f46f31dc78,osm-car:nest1:23539,82.305,38.790946802081095,43.51405319791891,52.86927063716531,99251.6,66798.01039318365,le_120,le_60,Ok,True,79.98371383,44.80358814,False,False,-2.07958714,29.780160749999986,OSRM v26.9.0,2026-09-20T20:22:06Z,CSV mean across outbound route options / 28.7 m/s; not selected GeoJSON path,facility_point; routes supplied separately,saved_le_60,1,,True,False,
nest1:23619,nest1,Muhanga,23619,Bugarama HP,-2.453708827,29.488320591,health_post_or_dispensary_label,True,unverified,4b2654de-7075-4be8-9c38-3be03510961a,osm-car:nest1:23619,97.63833333333334,31.59681458153569,66.04151875179764,67.63892468989056,93130.4,54409.714709404456,le_120,le_60,Ok,True,79.98371383,34.54557837,False,False,-2.07958714,29.780160749999986,OSRM v26.9.0,2026-09-20T20:22:06Z,CSV mean across outbound route options / 28.7 m/s; not selected GeoJSON path,facility_point; routes supplied separately,saved_gt_60,1,,True,False,
nest1:23784,nest1,Muhanga,23784,Gako HP,-2.365859466,29.130266297,health_post_or_dispensary_label,True,unverified,6018131d-b743-4cb7-bc10-e8ebd3a54288,osm-car:nest1:23784,113.85166666666667,48.465518925650954,65.38614774101572,57.43099741565697,151743.1,83457.62358997094,le_120,le_60,Ok,True,79.98371383,3.425336401,False,False,-2.07958714,29.780160749999986,OSRM v26.9.0,2026-09-20T20:22:06Z,CSV mean across outbound route options / 28.7 m/s; not selected GeoJSON path,facility_point; routes supplied separately,saved_gt_60,1,,True,False,
nest1:23845,nest1,Muhanga,23845,Cyeza Notre Dame de Lourdes,-2.016587421,29.796945558,unclassified_review,False,unverified,10b5f5b1-c3e0-4ad9-b4b9-9411c5071ed7,osm-car:nest1:23845,15.606666666666666,5.9023292484618235,9.704337418204842,62.18071818584906,9268.7,10163.81096585126,le_30,le_15,Ok,True,79.98371383,6.208541141,False,False,-2.07958714,29.780160749999986,OSRM v26.9.0,2026-09-20T20:22:06Z,CSV mean across outbound route options / 28.7 m/s; not selected GeoJSON path,facility_point; routes supplied separately,saved_le_15,1,,True,False,outside_healthcare_name_screen
nest1:23850,nest1,Muhanga,23850,GISOKE HP,-2.22404368,29.29697262,health_post_or_dispensary_label,True,unverified,a9435259-3a82-4601-8014-6f9a5b26c07d,osm-car:nest1:23850,89.10666666666665,37.273590632756466,51.83307603391019,58.16969478592346,115733.0,64185.12306960663,le_120,le_60,Ok,True,79.98371383,39.71740832,False,False,-2.07958714,29.780160749999986,OSRM v26.9.0,2026-09-20T20:22:06Z,CSV mean across outbound route options / 28.7 m/s; not selected GeoJSON path,facility_point; routes supplied separately,saved_le_60,1,,True,False,
nest1:23860,nest1,Muhanga,23860,Gabiro HP,-2.195992,29.27353,health_post_or_dispensary_label,True,unverified,7efb5ccc-1514-4733-ab68-ee152579a380,osm-car:nest1:23860,80.18666666666667,38.566783286158135,41.61988338050853,51.90374548616794,110303.1,66412.0008187643,le_120,le_60,Ok,True,79.98371383,15.43271844,False,False,-2.07958714,29.780160749999986,OSRM v26.9.0,2026-09-20T20:22:06Z,CSV mean across outbound route options / 28.7 m/s; not selected GeoJSON path,facility_point; routes supplied separately,saved_le_60,1,,True,False,
nest1:23864,nest1,Muhanga,23864,Urumuri Dispansaire,-2.505807214,29.480503814,health_post_or_dispensary_label,True,unverified,576e8d90-5dbb-4859-99b5-780e1f4a873a,osm-car:nest1:23864,94.66666666666667,34.42663850300733,60.24002816365934,63.633832567245776,93461.3,59282.67150217863,le_120,le_60,Ok,True,79.98371383,73.31439745,False,False,-2.07958714,29.780160749999986,OSRM v26.9.0,2026-09-20T20:22:06Z,CSV mean across outbound route options / 28.7 m/s; not selected GeoJSON path,facility_point; routes supplied separately,saved_gt_60,1,,True,False,
nest1:23865,nest1,Muhanga,23865,Kabuga Rulindo HP,-1.811239529,29.972954773,health_post_or_dispensary_label,True,unverified,6d989d9e-aeee-4642-9a9f-7bd30ad6cae9,osm-car:nest1:23865,57.365,25.118851614938183,32.246148385061815,56.21223461180478,63015.4,43254.66248092355,le_60,le_30,Ok,True,79.98371383,54.30247209,False,False,-2.07958714,29.780160749999986,OSRM v26.9.0,2026-09-20T20:22:06Z,CSV mean across outbound route options / 28.7 m/s; not selected GeoJSON path,facility_point; routes supplied separately,saved_le_60,1,,True,False,
nest1:23883,nest1,Muhanga,23883,Igihozo clinic,-2.348020305,29.762634342,health_center_or_clinic_label,True,unverified,ac8d63f9-39ea-4bb4-9698-09e8a993aa6c,osm-car:nest1:23883,33.44166666666667,18.45809836275696,14.98356830390971,44.80508837451196,44557.2,31784.845380667484,le_60,le_30,Ok,True,79.98371383,20.81720832,False,False,-2.07958714,29.780160749999986,OSRM v26.9.0,2026-09-20T20:22:06Z,CSV mean across outbound route options / 28.7 m/s; not selected GeoJSON path,facility_point; routes supplied separately,saved_le_15,1,,True,False,
nest1:23884,nest1,Muhanga,23884,Mbasa-Kibeho HP,-2.620321241,29.592334009,health_post_or_dispensary_label,True,unverified,1afd7fe3-9ddf-474a-8a56-40181df82aa0,osm-car:nest1:23884,84.11166666666666,39.71005464184926,44.4016120248174,52.788886232370544,107130.3,68380.71409326443,le_120,le_60,Ok,True,79.98371383,82.34672992,False,False,-2.07958714,29.780160749999986,OSRM v26.9.0,2026-09-20T20:22:06Z,CSV mean across outbound route options / 28.7 m/s; not selected GeoJSON path,facility_point; routes supplied separately,saved_le_60,1,,True,False,
nest1:23885,nest1,Muhanga,23885,Murehe HP,-1.927435997,29.938222988,health_post_or_dispensary_label,True,unverified,1bda3deb-3029-4716-b818-177a18303d48,osm-car:nest1:23885,37.255,16.761762511690566,20.493237488309436,55.00801902646473,33271.2,28863.755045131154,le_60,le_30,Ok,True,79.98371383,50.41745715,False,False,-2.07958714,29.780160749999986,OSRM v26.9.0,2026-09-20T20:22:06Z,CSV mean across outbound route options / 28.7 m/s; not selected GeoJSON path,facility_point; routes supplied separately,saved_le_30,1,,True,False,
nest1:23918,nest1,Muhanga,23918,Mahaza HP,-1.777080073,30.086616413,health_post_or_dispensary_label,True,unverified,375b5783-98bb-45ab-9d66-a4437ee2c6e2,osm-car:nest1:23918,54.03,31.48557858484022,22.544421415159782,41.72574757571679,67214.1,54218.16632309486,le_60,le_60,Ok,True,79.98371383,26.84329889,False,False,-2.07958714,29.780160749999986,OSRM v26.9.0,2026-09-20T20:22:06Z,CSV mean across outbound route options / 28.7 m/s; not selected GeoJSON path,facility_point; routes supplied separately,saved_le_30,1,,True,False,
nest1:23919,nest1,Muhanga,23919,Ruragwe HP,-2.077183542,29.416871774,health_post_or_dispensary_label,True,unverified,b77b6f1a-9941-44ab-970d-441447c2ec95,osm-car:nest1:23919,48.623333333333335,26.75115250185772,21.872180831475614,44.982890583688786,67670.0,46065.48460819899,le_60,le_30,Ok,True,79.98371383,25.52764742,False,False,-2.07958714,29.780160749999986,OSRM v26.9.0,2026-09-20T20:22:06Z,CSV mean across outbound route options / 28.7 m/s; not selected GeoJSON path,facility_point; routes supplied separately,saved_le_30,1,,True,False,
nest1:23921,nest1,Muhanga,23921,Gitita Nyaruguru SGHP,-2.748252728,29.494445003,health_post_or_dispensary_label,True,unverified,676b9427-f0bc-4d3d-97d1-8b85aaafc8f9,osm-car:nest1:23921,126.79833333333333,48.205324127071655,78.59300920626168,61.982683163234285,132594.4,83009.56814681739,gt_120,le_60,Ok,True,79.98371383,36.96379795,False,False,-2.07958714,29.780160749999986,OSRM v26.9.0,2026-09-20T20:22:06Z,CSV mean across outbound route options / 28.7 m/s; not selected GeoJSON path,facility_point; routes supplied separately,saved_gt_60,1,,True,False,
nest1:23939,nest1,Muhanga,23939,GAHANDA HP,-2.383646998,29.729883066,health_post_or_dispensary_label,True,unverified,337a7ae6-6b40-4bfa-bb0b-30e72425ccf6,osm-car:nest1:23939,44.975,21.542310070411215,23.432689929588786,52.10158961553927,52608.5,37095.85794124811,le_60,le_30,Ok,True,79.98371383,34.28601934,False,False,-2.07958714,29.780160749999986,OSRM v26.9.0,2026-09-20T20:22:06Z,CSV mean across outbound route options / 28.7 m/s; not selected GeoJSON path,facility_point; routes supplied separately,saved_le_30,1,,True,False,
nest1:23941,nest1,Muhanga,23941,SHYIRA HP,-2.267856676,29.913271251,health_post_or_dispensary_label,True,unverified,ee4caddb-6d4a-4b60-a38c-1231d05268b5,osm-car:nest1:23941,51.775,16.517528969805973,35.257471030194026,68.09748146826466,57123.8,28443.184886005885,le_60,le_30,Ok,True,79.98371383,19.49785744,False,False,-2.07958714,29.780160749999986,OSRM v26.9.0,2026-09-20T20:22:06Z,CSV mean across outbound route options / 28.7 m/s; not selected GeoJSON path,facility_point; routes supplied separately,saved_le_60,1,,True,False,
nest1:23942,nest1,Muhanga,23942,NYARURAMA HP,-2.308604591,29.655449564,health_post_or_dispensary_label,True,unverified,bab0d821-1761-45a6-b9d0-c15902891991,osm-car:nest1:23942,54.13,18.986120798229514,35.14387920177049,64.92495695874835,53123.3,32694.10001455122,le_60,le_30,Ok,True,79.98371383,58.06136356,False,False,-2.07958714,29.780160749999986,OSRM v26.9.0,2026-09-20T20:22:06Z,CSV mean across outbound route options / 28.7 m/s; not selected GeoJSON path,facility_point; routes supplied separately,saved_le_60,1,,True,False,
nest1:23943,nest1,Muhanga,23943,RUBONA ( Nyanza)HP,-2.28039226,29.671913074,health_post_or_dispensary_label,True,unverified,1efc046a-acea-415d-be2d-62cc79ff5a86,osm-car:nest1:23943,47.9,15.890485905536911,32.009514094463086,66.82570792163483,36813.5,27363.41672933456,le_60,le_30,Ok,True,79.98371383,106.2866129,False,False,-2.07958714,29.780160749999986,OSRM v26.9.0,2026-09-20T20:22:06Z,CSV mean across outbound route options / 28.7 m/s; not selected GeoJSON path,facility_point; routes supplied separately,saved_le_60,1,,True,False,
nest1:23947,nest1,Muhanga,23947,GATI HP,-2.32167571,29.833923439,health_post_or_dispensary_label,True,unverified,9d065218-5eeb-47e0-852a-5a19691249a4,osm-car:nest1:23947,39.00666666666667,17.367143691113988,21.63952297555268,55.47647318976076,49862.5,29906.221436098287,le_60,le_30,Ok,True,79.98371383,23.28723052,False,False,-2.07958714,29.780160749999986,OSRM v26.9.0,2026-09-20T20:22:06Z,CSV mean across outbound route options / 28.7 m/s; not selected GeoJSON path,facility_point; routes supplied separately,saved_le_30,1,,True,False,
nest1:23948,nest1,Muhanga,23948,CYEGERA IGISUBIZO HP,-2.36203031,29.79705434,health_post_or_dispensary_label,True,unverified,621af34e-c9db-4d92-a480-329af131bf28,osm-car:nest1:23948,41.36666666666667,19.45309795270378,21.91356871396289,52.973977551884495,48736.5,33498.234674555904,le_60,le_30,Ok,True,79.98371383,53.72064313,False,False,-2.07958714,29.780160749999986,OSRM v26.9.0,2026-09-20T20:22:06Z,CSV mean across outbound route options / 28.7 m/s; not selected GeoJSON path,facility_point; routes supplied separately,saved_le_30,1,,True,False,
nest1:23949,nest1,Muhanga,23949,Nyarusange HP,-2.342482831,29.669132103,health_post_or_dispensary_label,True,unverified,4175c35c-518b-4a76-a3a0-e5942e6edd0d,osm-car:nest1:23949,56.333333333333336,19.984507742815115,36.34882559051822,64.52454246837553,58412.3,34413.322333127624,le_60,le_30,Ok,True,79.98371383,10.22967759,False,False,-2.07958714,29.780160749999986,OSRM v26.9.0,2026-09-20T20:22:06Z,CSV mean across outbound route options / 28.7 m/s; not selected GeoJSON path,facility_point; routes supplied separately,saved_le_60,1,,True,False,
nest1:23950,nest1,Muhanga,23950,Gacu HP,-2.329634667,29.711485951,health_post_or_dispensary_label,True,unverified,d86bdf43-516f-413c-9b82-0bf364dcb550,osm-car:nest1:23950,47.593333333333334,18.918002904802954,28.67533042853038,60.25072929373241,52481.3,32576.801002070686,le_60,le_30,Ok,True,79.98371383,47.19893408,False,False,-2.07958714,29.780160749999986,OSRM v26.9.0,2026-09-20T20:22:06Z,CSV mean across outbound route options / 28.7 m/s; not selected GeoJSON path,facility_point; routes supplied separately,saved_le_30,1,,True,False,
nest1:23952,nest1,Muhanga,23952,GITWE-BUHANDA HP Ltd,-2.235082304,29.661790262,health_post_or_dispensary_label,True,unverified,006010e8-917f-4004-81f0-1a7ed775d298,osm-car:nest1:23952,41.190000000000005,13.514268550242768,27.675731449757237,67.19041381344314,32686.9,23271.570443518045,le_60,le_15,Ok,True,79.98371383,46.29840506,False,False,-2.07958714,29.780160749999986,OSRM v26.9.0,2026-09-20T20:22:06Z,CSV mean across outbound route options / 28.7 m/s; not selected GeoJSON path,facility_point; routes supplied separately,saved_le_30,1,,True,False,
nest1:23953,nest1,Muhanga,23953,GAFUNZO HP,-2.191056112,29.682455025,health_post_or_dispensary_label,True,unverified,5c154271-2fc5-49ed-bd17-d2362b06fafa,osm-car:nest1:23953,29.793333333333333,12.277010871582522,17.51632246175081,58.792758318698176,25793.9,21141.012720865103,le_30,le_15,Ok,True,79.98371383,26.80957228,False,False,-2.07958714,29.780160749999986,OSRM v26.9.0,2026-09-20T20:22:06Z,CSV mean across outbound route options / 28.7 m/s; not selected GeoJSON path,facility_point; routes supplied separately,saved_le_30,1,,True,False,
nest1:24303,nest1,Muhanga,24303,GROUND DELIVERY - DO NOT FLY,-2.079965621,29.780016339,operational_or_test_label,False,unverified,9dc7c1a3-35b5-4548-ab5c-1a685316dbc1,osm-car:nest1:24303,1.7716666666666667,2.8334695753209305,-1.0618029086542637,-59.93243134454922,871.2,4879.234608702642,le_15,le_15,Ok,True,79.98371383,107.9582545,False,False,-2.07958714,29.780160749999986,OSRM v26.9.0,2026-09-20T20:22:06Z,CSV mean across outbound route options / 28.7 m/s; not selected GeoJSON path,facility_point; routes supplied separately,drone_slower,2,nest1:99;nest1:24303,False,False,identical_coordinate_group;outside_healthcare_name_screen;drone_slower_in_model
nest1:24938,nest1,Muhanga,24938,Rukore (Gakenke) HP,-1.581883,29.82555,health_post_or_dispensary_label,True,unverified,08a83b92-b4da-46e8-9a6e-71b76b3d5f9b,osm-car:nest1:24938,85.74499999999999,37.708554643465995,48.036445356533996,56.0224448732101,99870.5,64934.13109604844,le_120,le_60,Ok,True,79.98371383,37.59965584,False,False,-2.07958714,29.780160749999986,OSRM v26.9.0,2026-09-20T20:22:06Z,CSV mean across outbound route options / 28.7 m/s; not selected GeoJSON path,facility_point; routes supplied separately,saved_le_60,1,,True,False,
nest1:24939,nest1,Muhanga,24939,Birambo Busengo HP,-1.624236532,29.681863165,health_post_or_dispensary_label,True,unverified,0361abef-c796-44d5-9880-859646498514,osm-car:nest1:24939,106.315,32.5915482914137,73.7234517085863,69.34435564933105,130263.0,56122.646157814386,le_120,le_60,Ok,True,79.98371383,43.09996669,False,False,-2.07958714,29.780160749999986,OSRM v26.9.0,2026-09-20T20:22:06Z,CSV mean across outbound route options / 28.7 m/s; not selected GeoJSON path,facility_point; routes supplied separately,saved_gt_60,1,,True,False,
nest1:24943,nest1,Muhanga,24943,Kizimyamuriro Gikungu HP,-2.452110498,29.408179002,health_post_or_dispensary_label,True,unverified,0404c8bb-6b2c-429b-a362-4b25ff4963c9,osm-car:nest1:24943,131.96,34.90425345237954,97.05574654762046,73.54936840528983,110725.9,60105.12444499757,gt_120,le_60,Ok,True,79.98371383,20.47368206,False,False,-2.07958714,29.780160749999986,OSRM v26.9.0,2026-09-20T20:22:06Z,CSV mean across outbound route options / 28.7 m/s; not selected GeoJSON path,facility_point; routes supplied separately,saved_gt_60,1,,True,False,
nest1:24944,nest1,Muhanga,24944,Mutongo HP,-2.297762796,29.201399478,health_post_or_dispensary_label,True,unverified,48d72bd3-50c3-4b2f-aa2f-6eb105395dd7,osm-car:nest1:24944,103.27333333333333,43.2029806661235,60.070352667209825,58.166373378616456,139382.2,74395.53270706467,le_120,le_60,Ok,True,79.98371383,42.02721847,False,False,-2.07958714,29.780160749999986,OSRM v26.9.0,2026-09-20T20:22:06Z,CSV mean across outbound route options / 28.7 m/s; not selected GeoJSON path,facility_point; routes supplied separately,saved_gt_60,1,,True,False,
nest1:24946,nest1,Muhanga,24946,Rutobwe Ngobyi HP,-2.790014044,29.596737755,health_post_or_dispensary_label,True,unverified,69e8073d-8ca5-4772-95c3-37b4fdd59a72,osm-car:nest1:24946,112.75500000000001,50.30664043816465,62.44835956183536,55.38411561512603,127054.6,86628.03483451952,le_120,le_60,Ok,True,79.98371383,37.43626651,False,False,-2.07958714,29.780160749999986,OSRM v26.9.0,2026-09-20T20:22:06Z,CSV mean across outbound route options / 28.7 m/s; not selected GeoJSON path,facility_point; routes supplied separately,saved_gt_60,1,,True,False,
nest1:24953,nest1,Muhanga,24953,Gitabage HP,-1.797898827,29.986360071,health_post_or_dispensary_label,True,unverified,9d4dec8e-b5fd-481a-81f4-00f1a7252093,osm-car:nest1:24953,52.38333333333333,27.15819975386198,25.225133579471354,48.15488433879355,64216.7,46766.419976150326,le_60,le_30,Ok,True,79.98371383,33.77011056,False,False,-2.07958714,29.780160749999986,OSRM v26.9.0,2026-09-20T20:22:06Z,CSV mean across outbound route options / 28.7 m/s; not selected GeoJSON path,facility_point; routes supplied separately,saved_le_30,1,,True,False,
nest1:25007,nest1,Muhanga,25007,Sereri HP,-1.585204016,29.754466267,health_post_or_dispensary_label,True,unverified,2469c4cc-1543-477e-a6af-759889154383,osm-car:nest1:25007,84.48166666666665,33.96689544872172,50.51477121794493,59.79376734748558,110000.8,58490.993962698805,le_120,le_60,Ok,True,79.98371383,12.99506606,False,False,-2.07958714,29.780160749999986,OSRM v26.9.0,2026-09-20T20:22:06Z,CSV mean across outbound route options / 28.7 m/s; not selected GeoJSON path,facility_point; routes supplied separately,saved_le_60,1,,True,False,
nest1:25011,nest1,Muhanga,25011,GIHINGA HP,-1.817845949,29.890358577,health_post_or_dispensary_label,True,unverified,36b7a8b2-778b-416a-968e-d52b1c2a9eab,osm-car:nest1:25011,66.595,20.752833999975948,45.84216600002405,68.83724904275705,73691.6,35736.38014795858,le_120,le_30,Ok,True,79.98371383,23.06351641,False,False,-2.07958714,29.780160749999986,OSRM v26.9.0,2026-09-20T20:22:06Z,CSV mean across outbound route options / 28.7 m/s; not selected GeoJSON path,facility_point; routes supplied separately,saved_le_60,1,,True,True,
nest1:25017,nest1,Muhanga,25017,Gipfundo HP,-1.718940334,30.077110239,health_post_or_dispensary_label,True,unverified,947eda9d-21c4-472c-88be-8bef6906335a,osm-car:nest1:25017,71.78500000000001,38.410450238958944,33.37454976104107,46.492372725556955,83101.5,66142.79531148731,le_120,le_60,Ok,True,79.98371383,22.33121871,False,False,-2.07958714,29.780160749999986,OSRM v26.9.0,2026-09-20T20:22:06Z,CSV mean across outbound route options / 28.7 m/s; not selected GeoJSON path,facility_point; routes supplied separately,saved_le_60,1,,True,False,
nest1:25030,nest1,Muhanga,25030,Remera (Kiyumba) HP,-1.900279903,29.759942942,health_post_or_dispensary_label,True,unverified,7aaf10a4-65de-4ec2-af2e-24cfac05269c,osm-car:nest1:25030,42.32333333333334,15.375436317647093,26.947897015686245,63.671490152838246,42685.6,26476.501338988295,le_60,le_30,Ok,True,79.98371383,27.68881328,False,False,-2.07958714,29.780160749999986,OSRM v26.9.0,2026-09-20T20:22:06Z,CSV mean across outbound route options / 28.7 m/s; not selected GeoJSON path,facility_point; routes supplied separately,saved_le_30,1,,True,False,
nest1:25032,nest1,Muhanga,25032,KABUGA-GITEGA HP,-2.402435994,29.623025919,health_post_or_dispensary_label,True,unverified,c379146d-7d7c-4633-a647-9d4774a9131e,osm-car:nest1:25032,73.815,24.14345409733112,49.67154590266888,67.2919405306088,69092.2,41575.027955604186,le_120,le_30,Ok,True,79.98371383,29.60856862,False,False,-2.07958714,29.780160749999986,OSRM v26.9.0,2026-09-20T20:22:06Z,CSV mean across outbound route options / 28.7 m/s; not selected GeoJSON path,facility_point; routes supplied separately,saved_le_60,1,,True,True,
nest1:25037,nest1,Muhanga,25037,MWITO SGHP,-2.401056525,28.981969055,health_post_or_dispensary_label,True,unverified,e3246b7c-917e-4a8a-b492-3a51ae8531f2,osm-car:nest1:25037,147.315,57.300891102103456,90.01410889789653,61.103152359159985,185274.3,98672.13447782214,gt_120,le_60,Ok,True,79.98371383,24.71706176,False,False,-2.07958714,29.780160749999986,OSRM v26.9.0,2026-09-20T20:22:06Z,CSV mean across outbound route options / 28.7 m/s; not selected GeoJSON path,facility_point; routes supplied separately,saved_gt_60,1,,True,False,
nest1:25054,nest1,Muhanga,25054,Gasayo SGHP IT,-2.515911,29.054032,health_post_or_dispensary_label,True,unverified,083f0df6-6f26-43ca-a695-794d925fdc1a,osm-car:nest1:25054,149.45666666666665,58.61248121289319,90.84418545377346,60.78295968983661,184137.7,100930.69264860207,gt_120,le_60,Ok,True,79.98371383,3.878199626,False,False,-2.07958714,29.780160749999986,OSRM v26.9.0,2026-09-20T20:22:06Z,CSV mean across outbound route options / 28.7 m/s; not selected GeoJSON path,facility_point; routes supplied separately,saved_gt_60,1,,True,False,
nest1:25066,nest1,Muhanga,25066,Kigarama (Kanjongo) HP,-2.326826696,29.154270366,health_post_or_dispensary_label,True,unverified,26870d8a-050b-405e-b9aa-b8a3303424dc,osm-car:nest1:25066,106.77333333333333,45.155785225345035,61.61754810798829,57.7087426086304,146518.8,77758.26215804415,le_120,le_60,Ok,True,79.98371383,10.87643904,False,False,-2.07958714,29.780160749999986,OSRM v26.9.0,2026-09-20T20:22:06Z,CSV mean across outbound route options / 28.7 m/s; not selected GeoJSON path,facility_point; routes supplied separately,saved_gt_60,1,,True,False,
nest1:25069,nest1,Muhanga,25069,Byibuhiro HP,-1.630731376,29.694729141,health_post_or_dispensary_label,True,unverified,1ac103ce-0701-4846-80da-b73840ec5948,osm-car:nest1:25069,109.82333333333332,32.28347524353831,77.53985808979502,70.60417466518501,130945.5,55592.144369372974,le_120,le_60,Ok,True,79.98371383,38.52180457,False,False,-2.07958714,29.780160749999986,OSRM v26.9.0,2026-09-20T20:22:06Z,CSV mean across outbound route options / 28.7 m/s; not selected GeoJSON path,facility_point; routes supplied separately,saved_gt_60,1,,True,False,
nest1:25095,nest1,Muhanga,25095,Murambi (Minazi) HP,-1.760388836,29.770796416,health_post_or_dispensary_label,True,unverified,6445c57c-6aa2-426a-aac3-9c1341c88fb4,osm-car:nest1:25095,113.26833333333335,23.103780774366328,90.16455255896702,79.60261257983286,107361.2,39784.71049345881,le_120,le_30,Ok,True,79.98371383,125.8923523,False,False,-2.07958714,29.780160749999986,OSRM v26.9.0,2026-09-20T20:22:06Z,CSV mean across outbound route options / 28.7 m/s; not selected GeoJSON path,facility_point; routes supplied separately,saved_gt_60,1,,True,True,
nest1:25097,nest1,Muhanga,25097,Gisovu HP,-1.39154469,29.738710196,health_post_or_dispensary_label,True,unverified,4e86cb0a-c4ee-41e3-bbcb-db0c82ccfc24,osm-car:nest1:25097,113.40333333333334,46.210019338551234,67.1933139947821,59.25162164085309,147653.3,79573.65330098523,le_120,le_60,Ok,True,79.98371383,89.30626762,False,False,-2.07958714,29.780160749999986,OSRM v26.9.0,2026-09-20T20:22:06Z,CSV mean across outbound route options / 28.7 m/s; not selected GeoJSON path,facility_point; routes supplied separately,saved_gt_60,1,,True,False,
nest1:25110,nest1,Muhanga,25110,Raba Hp,-1.712620846,29.816659025,health_post_or_dispensary_label,True,unverified,ce27c351-fc63-4e22-9e6c-c8ddbf88ef9e,osm-car:nest1:25110,94.04333333333334,26.040089697448146,68.00324363588518,72.31054156156932,101379.0,44841.03445900571,le_120,le_30,Ok,True,79.98371383,25.30715085,False,False,-2.07958714,29.780160749999986,OSRM v26.9.0,2026-09-20T20:22:06Z,CSV mean across outbound route options / 28.7 m/s; not selected GeoJSON path,facility_point; routes supplied separately,saved_gt_60,1,,True,True,
nest1:25132,nest1,Muhanga,25132,Gitumba Hp,-1.695386671,30.056460551,health_post_or_dispensary_label,True,unverified,a0e6b84f-8bfc-4345-92d4-398e31b6cca2,osm-car:nest1:25132,82.39166666666667,34.43410821997522,47.95755844669144,58.206807055759825,87499.9,59295.53435479734,le_120,le_60,Ok,True,79.98371383,3.655762392,False,False,-2.07958714,29.780160749999986,OSRM v26.9.0,2026-09-20T20:22:06Z,CSV mean across outbound route options / 28.7 m/s; not selected GeoJSON path,facility_point; routes supplied separately,saved_le_60,1,,True,False,
nest1:25135,nest1,Muhanga,25135,Taba HP,-1.73482224,29.96402678,health_post_or_dispensary_label,True,unverified,aeb2c936-50c0-405a-a533-cbb0ddf82afa,osm-car:nest1:25135,65.40833333333333,29.35546287566224,36.05287045767109,55.11968983208729,74468.3,50550.10707189038,le_120,le_30,Ok,True,79.98371383,85.98868428,False,False,-2.07958714,29.780160749999986,OSRM v26.9.0,2026-09-20T20:22:06Z,CSV mean across outbound route options / 28.7 m/s; not selected GeoJSON path,facility_point; routes supplied separately,saved_le_60,1,,True,True,
nest1:25176,nest1,Muhanga,25176,Burunga Sghp,-2.062296447,29.371840808,health_post_or_dispensary_label,True,unverified,4246104b-1123-4600-8e6e-21a1567cbede,osm-car:nest1:25176,60.22666666666667,29.62062579297181,30.606040873694855,50.81808867671273,76702.5,51006.71761549746,le_120,le_30,Ok,True,79.98371383,6.613266002,False,False,-2.07958714,29.780160749999986,OSRM v26.9.0,2026-09-20T20:22:06Z,CSV mean across outbound route options / 28.7 m/s; not selected GeoJSON path,facility_point; routes supplied separately,saved_le_60,1,,True,True,
nest1:25179,nest1,Muhanga,25179,Rurembo - Bushoka Hp,-1.604492,29.667373,health_post_or_dispensary_label,True,unverified,d4debf29-b313-4b31-9846-63d4382afdf0,osm-car:nest1:25179,104.60333333333332,32.92699000207773,71.6763433312556,68.52204518459156,127154.7,56700.27678357785,le_120,le_60,Ok,True,79.98371383,9.78244363,False,False,-2.07958714,29.780160749999986,OSRM v26.9.0,2026-09-20T20:22:06Z,CSV mean across outbound route options / 28.7 m/s; not selected GeoJSON path,facility_point; routes supplied separately,saved_gt_60,1,,True,False,
nest1:25191,nest1,Muhanga,25191,Gataba (Rusasa) Hp,-1.618392862,29.636018343,health_post_or_dispensary_label,True,unverified,ce2af8db-e794-45e6-b1f3-3c5037cbbf16,osm-car:nest1:25191,110.63833333333334,32.528034655339106,78.11029867799422,70.5996704077799,110731.1,56013.27567649393,le_120,le_60,Ok,True,79.98371383,18.02791001,False,False,-2.07958714,29.780160749999986,OSRM v26.9.0,2026-09-20T20:22:06Z,CSV mean across outbound route options / 28.7 m/s; not selected GeoJSON path,facility_point; routes supplied separately,saved_gt_60,1,,True,False,
nest1:25207,nest1,Muhanga,25207,La Vie Saine Nyamagana HP,-2.242707,29.780804,health_post_or_dispensary_label,True,unverified,bd7a801a-573f-488a-8b6d-172f106d5dfb,osm-car:nest1:25207,24.245,12.87133836942895,11.373661630571052,46.911369893054456,28245.5,22164.444672156653,le_30,le_15,Ok,True,79.98371383,76.61422169,False,False,-2.07958714,29.780160749999986,OSRM v26.9.0,2026-09-20T20:22:06Z,CSV mean across outbound route options / 28.7 m/s; not selected GeoJSON path,facility_point; routes supplied separately,saved_le_15,1,,True,False,
nest1:25245,nest1,Muhanga,25245,Rusasa HP,-1.61050067,29.984476019,health_post_or_dispensary_label,True,unverified,c91d0fb1-4173-4f05-84e7-652d843d8b1e,osm-car:nest1:25245,88.93833333333333,35.603844702992895,53.33448863034044,59.96794254109451,105797.3,61309.82057855376,le_120,le_60,Ok,True,79.98371383,56.40422563,False,False,-2.07958714,29.780160749999986,OSRM v26.9.0,2026-09-20T20:22:06Z,CSV mean across outbound route options / 28.7 m/s; not selected GeoJSON path,facility_point; routes supplied separately,saved_le_60,1,,True,False,
nest1:25284,nest1,Muhanga,25284,Murama (Rugera) HP,-1.608483963,29.610275289,health_post_or_dispensary_label,True,unverified,f58f2792-bf26-427e-9da6-88cf857e03dd,osm-car:nest1:25284,118.86999999999999,35.49629713952149,83.3737028604785,70.13855713003996,135091.1,61124.623674256,le_120,le_60,Ok,True,79.98371383,13.29998645,False,False,-2.07958714,29.780160749999986,OSRM v26.9.0,2026-09-20T20:22:06Z,CSV mean across outbound route options / 28.7 m/s; not selected GeoJSON path,facility_point; routes supplied separately,saved_gt_60,1,,True,False,
nest1:25287,nest1,Muhanga,25287,Huro HP,-1.794985998,29.869508615,health_post_or_dispensary_label,True,unverified,2052d4c6-99f9-476d-a751-853d4f5863b9,osm-car:nest1:25287,74.96666666666667,21.39021103609705,53.57645563056962,71.4670373017825,78324.6,36833.943404159116,le_120,le_30,Ok,True,79.98371383,25.17965224,False,False,-2.07958714,29.780160749999986,OSRM v26.9.0,2026-09-20T20:22:06Z,CSV mean across outbound route options / 28.7 m/s; not selected GeoJSON path,facility_point; routes supplied separately,saved_le_60,1,,True,True,
nest1:25288,nest1,Muhanga,25288,Musagara HP,-1.827602341,29.873617828,health_post_or_dispensary_label,True,unverified,81401020-6d42-4090-9d5d-0e91f2a1b8e6,osm-car:nest1:25288,82.38333333333334,19.150783123316284,63.23255021001705,76.75405649607572,81060.8,32977.648538350644,le_120,le_30,Ok,True,79.98371383,33.86727622,False,False,-2.07958714,29.780160749999986,OSRM v26.9.0,2026-09-20T20:22:06Z,CSV mean across outbound route options / 28.7 m/s; not selected GeoJSON path,facility_point; routes supplied separately,saved_gt_60,1,,True,True,
nest1:25300,nest1,Muhanga,25300,Bwenda HP,-2.39565,29.55642,health_post_or_dispensary_label,True,unverified,dc9f37b8-9011-4981-b49a-11cf739d5dce,osm-car:nest1:25300,97.63333333333334,27.319944525040402,70.31338880829294,72.0178103191802,85128.3,47044.94447211957,le_120,le_30,Ok,True,79.98371383,69.88288866,False,False,-2.07958714,29.780160749999986,OSRM v26.9.0,2026-09-20T20:22:06Z,CSV mean across outbound route options / 28.7 m/s; not selected GeoJSON path,facility_point; routes supplied separately,saved_gt_60,1,,True,True,
nest1:25301,nest1,Muhanga,25301,Mukongoro HP,-2.388234115,29.406332445,health_post_or_dispensary_label,True,unverified,3a17c906-e6a2-4391-acb1-29dbed74a78d,osm-car:nest1:25301,133.27,33.24748953037905,100.02251046962095,75.05253280529823,113352.2,57252.17697131272,gt_120,le_60,Ok,True,79.98371383,70.74891725,False,False,-2.07958714,29.780160749999986,OSRM v26.9.0,2026-09-20T20:22:06Z,CSV mean across outbound route options / 28.7 m/s; not selected GeoJSON path,facility_point; routes supplied separately,saved_gt_60,1,,True,False,
nest1:25307,nest1,Muhanga,25307,Subukiniro HP,-2.498519828,29.412300867,health_post_or_dispensary_label,True,unverified,1bf9bcbb-92d6-42ca-a69c-b10d91124b9d,osm-car:nest1:25307,112.93166666666666,36.8529802503499,76.07868641631676,67.36700932686442,107041.1,63460.83199110253,le_120,le_60,Ok,True,79.98371383,49.79773489,False,False,-2.07958714,29.780160749999986,OSRM v26.9.0,2026-09-20T20:22:06Z,CSV mean across outbound route options / 28.7 m/s; not selected GeoJSON path,facility_point; routes supplied separately,saved_gt_60,1,,True,False,
nest1:25318,nest1,Muhanga,25318,Sayo HP,-1.66685237,30.015821386,health_post_or_dispensary_label,True,unverified,0a74c1fc-d9f0-432e-92a8-b389888ab3e0,osm-car:nest1:25318,90.81333333333333,34.78957269242652,56.023760640906815,61.69111801597432,97959.7,59907.64417635846,le_120,le_60,Ok,True,79.98371383,49.87393659,False,False,-2.07958714,29.780160749999986,OSRM v26.9.0,2026-09-20T20:22:06Z,CSV mean across outbound route options / 28.7 m/s; not selected GeoJSON path,facility_point; routes supplied separately,saved_le_60,1,,True,False,
nest1:25319,nest1,Muhanga,25319,Mubuga (Rulindo) HP,-1.655782927,30.031035313,health_post_or_dispensary_label,True,unverified,f15f658c-86f9-4f6e-b13a-8c7999a2ed06,osm-car:nest1:25319,86.14333333333335,35.82627566281133,50.31705767052202,58.41085516834966,99845.4,61692.846691361105,le_120,le_60,Ok,True,79.98371383,192.9395183,False,False,-2.07958714,29.780160749999986,OSRM v26.9.0,2026-09-20T20:22:06Z,CSV mean across outbound route options / 28.7 m/s; not selected GeoJSON path,facility_point; routes supplied separately,saved_le_60,1,,True,False,
nest1:25331,nest1,Muhanga,25331,Muzo Hp,-1.708599214,29.719561998,health_post_or_dispensary_label,True,unverified,f16111e7-5a52-4c16-938f-e3f1a2fa2b26,osm-car:nest1:25331,96.26833333333335,26.910793109631683,69.35754022370166,72.04605899174355,111605.0,46340.385734785756,le_120,le_30,Ok,True,79.98371383,21.81335707,False,False,-2.07958714,29.780160749999986,OSRM v26.9.0,2026-09-20T20:22:06Z,CSV mean across outbound route options / 28.7 m/s; not selected GeoJSON path,facility_point; routes supplied separately,saved_gt_60,1,,True,True,
nest1:25353,nest1,Muhanga,25353,Ruhanga Hp,-1.636530202,29.709562822,health_post_or_dispensary_label,True,unverified,d58cb8a2-e6d8-49ba-9b57-39eb92c49e1e,osm-car:nest1:25353,106.41000000000001,32.564957836701375,73.84504216329864,69.39671286843213,114818.7,56076.857394799765,le_120,le_60,Ok,True,79.98371383,47.82796216,False,False,-2.07958714,29.780160749999986,OSRM v26.9.0,2026-09-20T20:22:06Z,CSV mean across outbound route options / 28.7 m/s; not selected GeoJSON path,facility_point; routes supplied separately,saved_gt_60,1,,True,False,
nest1:25537,nest1,Muhanga,25537,Mpinga (Rugendabari) HP,-1.93145193,29.68387826,health_post_or_dispensary_label,True,unverified,313b0698-1759-4032-aa71-61d5e40fd9cf,osm-car:nest1:25537,40.57,13.35387899077321,27.21612100922679,67.08435052804236,40080.2,22995.379622111464,le_60,le_15,Ok,True,79.98371383,26.20044822,False,False,-2.07958714,29.780160749999986,OSRM v26.9.0,2026-09-20T20:22:06Z,CSV mean across outbound route options / 28.7 m/s; not selected GeoJSON path,facility_point; routes supplied separately,saved_le_30,1,,True,False,
nest1:25828,nest1,Muhanga,25828,Nyarubingo (Ngororero) HP,-1.844562401,29.609386715,health_post_or_dispensary_label,True,unverified,e3af03ac-8d8e-402f-85a9-4062c288c6a9,osm-car:nest1:25828,53.586666666666666,19.914085891801157,33.67258077486551,62.83761030392917,53911.1,34292.05590568159,le_60,le_30,Ok,True,79.98371383,97.24144468,False,False,-2.07958714,29.780160749999986,OSRM v26.9.0,2026-09-20T20:22:06Z,CSV mean across outbound route options / 28.7 m/s; not selected GeoJSON path,facility_point; routes supplied separately,saved_le_60,1,,True,False,
nest2:1,nest2,Kayonza,1,Nyagatare DH,-1.298182475,30.326799957,hospital_label,True,unverified,e85c8ec5-52f5-407a-b32b-60a5d9ba7284,osm-car:nest2:1,145.38166666666666,47.91225761901631,97.46940904765034,67.04381046279359,108632.5,82504.90761994608,gt_120,le_60,Ok,True,115.7817682,8.438207657,False,False,-1.94001024183,30.508297291830008,OSRM v26.9.0,2026-09-20T20:22:06Z,CSV mean across outbound route options / 28.7 m/s; not selected GeoJSON path,facility_point; routes supplied separately,saved_gt_60,1,,True,False,
nest2:2,nest2,Kayonza,2,Ngarama HSP,-1.546551,30.241905,hospital_label,True,unverified,67c06102-39f3-471a-a1e4-7a08a15067a8,osm-car:nest2:2,112.315,35.44618040014787,76.86881959985213,68.44038605693997,74302.5,61038.32264905462,le_120,le_60,Ok,True,115.7817682,113.833393,False,False,-1.94001024183,30.508297291830008,OSRM v26.9.0,2026-09-20T20:22:06Z,CSV mean across outbound route options / 28.7 m/s; not selected GeoJSON path,facility_point; routes supplied separately,saved_gt_60,1,,True,False,
nest2:3,nest2,Kayonza,3,Kirehe HSP,-2.267887065,30.654342511,hospital_label,True,unverified,07007e4e-26f3-4378-a02d-519bcf2ff403,osm-car:nest2:3,106.265,28.18905549354055,78.07594450645945,73.472869248068,51008.6,48541.553559876826,le_120,le_30,Ok,True,115.7817682,89.46007985,False,False,-1.94001024183,30.508297291830008,OSRM v26.9.0,2026-09-20T20:22:06Z,CSV mean across outbound route options / 28.7 m/s; not selected GeoJSON path,facility_point; routes supplied separately,saved_gt_60,1,,True,True,
nest2:4,nest2,Kayonza,4,Kibungo RH,-2.16603261,30.539510704,hospital_label,True,unverified,f9766a17-9eef-43a1-8694-e75869b1dd5c,osm-car:nest2:4,55.11333333333334,16.821587169339768,38.291746163993565,69.4781894834769,30004.0,28966.773105603083,le_60,le_30,Ok,True,115.7817682,28.79174817,False,False,-1.94001024183,30.508297291830008,OSRM v26.9.0,2026-09-20T20:22:06Z,CSV mean across outbound route options / 28.7 m/s; not selected GeoJSON path,facility_point; routes supplied separately,saved_le_60,1,,True,False,
nest2:5,nest2,Kayonza,5,Rwinkwavu HSP,-1.964559,30.61558,hospital_label,True,unverified,2d83a6ce-14db-46c2-8e76-92b4a521a5bc,osm-car:nest2:5,42.725,9.082367586299005,33.642632413700994,78.74226428016617,22667.4,15639.836983606889,le_60,le_15,Ok,True,115.7817682,38.5671794,False,False,-1.94001024183,30.508297291830008,OSRM v26.9.0,2026-09-20T20:22:06Z,CSV mean across outbound route options / 28.7 m/s; not selected GeoJSON path,facility_point; routes supplied separately,saved_le_60,1,,True,False,
nest2:6,nest2,Kayonza,6,Gahini HSP,-1.841120667,30.483364524,hospital_label,True,unverified,f243bc74-c85f-4689-a0e3-d9fd35d6db5e,osm-car:nest2:6,29.726666666666667,8.578029935806178,21.14863673086049,71.14365350143694,14815.7,14771.367549458238,le_30,le_15,Ok,True,115.7817682,109.9429705,False,False,-1.94001024183,30.508297291830008,OSRM v26.9.0,2026-09-20T20:22:06Z,CSV mean across outbound route options / 28.7 m/s; not selected GeoJSON path,facility_point; routes supplied separately,saved_le_30,1,,True,False,
nest2:8,nest2,Kayonza,8,Rwantonde HC,-2.346476396,30.575812045,health_center_or_clinic_label,True,unverified,6bb818da-1e86-42e8-b529-b8942ca87a3a,osm-car:nest2:8,107.33166666666666,32.82268319268909,74.50898347397757,69.41938552522018,57513.4,56520.66045781061,le_120,le_60,Ok,True,115.7817682,65.94298893,False,False,-1.94001024183,30.508297291830008,OSRM v26.9.0,2026-09-20T20:22:06Z,CSV mean across outbound route options / 28.7 m/s; not selected GeoJSON path,facility_point; routes supplied separately,saved_gt_60,1,,True,False,
nest2:9,nest2,Kayonza,9,Kigarama HC,-2.3573533,30.6832618,health_center_or_clinic_label,True,unverified,1cf1e6dd-1813-4f9a-b59e-8ea0d95e5343,osm-car:nest2:9,128.39166666666668,38.248024510746035,90.14364215592065,70.20988549821818,71683.3,65863.09820750466,gt_120,le_60,Ok,True,115.7817682,80.52926868,False,False,-1.94001024183,30.508297291830008,OSRM v26.9.0,2026-09-20T20:22:06Z,CSV mean across outbound route options / 28.7 m/s; not selected GeoJSON path,facility_point; routes supplied separately,saved_gt_60,1,,True,False,
nest2:10,nest2,Kayonza,10,Rusumo HC,-2.2837081,30.7562531,health_center_or_clinic_label,True,unverified,f8dd7c84-5bbf-4a36-a976-bc3c85aa774f,osm-car:nest2:10,134.73166666666665,30.013634224111623,104.71803244255503,77.72340017260608,66349.3,51683.478133920216,gt_120,le_60,Ok,True,115.7817682,75.08627272,False,False,-1.94001024183,30.508297291830008,OSRM v26.9.0,2026-09-20T20:22:06Z,CSV mean across outbound route options / 28.7 m/s; not selected GeoJSON path,facility_point; routes supplied separately,saved_gt_60,1,,True,False,
nest2:11,nest2,Kayonza,11,Musaza HC,-2.3308781,30.6283352,health_center_or_clinic_label,True,unverified,d791d185-e525-4157-9131-76b89976a272,osm-car:nest2:11,110.37833333333333,27.466007669684053,82.91232566364928,75.11648632459506,61100.2,47296.465207195935,le_120,le_30,Ok,True,115.7817682,36.31681885,False,False,-1.94001024183,30.508297291830008,OSRM v26.9.0,2026-09-20T20:22:06Z,CSV mean across outbound route options / 28.7 m/s; not selected GeoJSON path,facility_point; routes supplied separately,saved_gt_60,1,,True,True,
nest2:12,nest2,Kayonza,12,Bukora HC,-2.309072364,30.786607824,health_center_or_clinic_label,True,unverified,26eebd2a-eaed-4880-9c64-5b3dfe6c525b,osm-car:nest2:12,142.40333333333334,31.666228703649846,110.73710462968349,77.76300037196003,71548.3,54529.24582768504,gt_120,le_60,Ok,True,115.7817682,11.59987929,False,False,-1.94001024183,30.508297291830008,OSRM v26.9.0,2026-09-20T20:22:06Z,CSV mean across outbound route options / 28.7 m/s; not selected GeoJSON path,facility_point; routes supplied separately,saved_gt_60,1,,True,False,
nest2:13,nest2,Kayonza,13,Gashongora HC,-2.317457749,30.550747592,health_center_or_clinic_label,True,unverified,b73d5ec2-7741-4d33-b1a3-d5278db5aa6d,osm-car:nest2:13,100.53999999999999,26.715628959781082,73.8243710402189,73.42786059301662,57606.1,46004.31306874302,le_120,le_30,Ok,True,115.7817682,65.70499645,False,False,-1.94001024183,30.508297291830008,OSRM v26.9.0,2026-09-20T20:22:06Z,CSV mean across outbound route options / 28.7 m/s; not selected GeoJSON path,facility_point; routes supplied separately,saved_gt_60,1,,True,True,
nest2:14,nest2,Kayonza,14,Gahara HC,-2.333801028,30.504079769,health_center_or_clinic_label,True,unverified,56ed8a08-75a2-4ecf-ad08-59857abac909,osm-car:nest2:14,90.15,27.127824750202045,63.02217524979796,69.90812562373596,53438.5,46714.11421984792,le_120,le_30,Ok,True,115.7817682,47.77805232,False,False,-1.94001024183,30.508297291830008,OSRM v26.9.0,2026-09-20T20:22:06Z,CSV mean across outbound route options / 28.7 m/s; not selected GeoJSON path,facility_point; routes supplied separately,saved_gt_60,1,,True,True,
nest2:15,nest2,Kayonza,15,Mushikiri HC,-2.190272,30.67433,health_center_or_clinic_label,True,unverified,5b47751b-f13a-4c37-88a4-bf5eef05ad67,osm-car:nest2:15,97.895,21.40317739911925,76.49182260088074,78.1365979885395,49080.5,36856.271481283344,le_120,le_30,Ok,True,115.7817682,18.36570152,False,False,-1.94001024183,30.508297291830008,OSRM v26.9.0,2026-09-20T20:22:06Z,CSV mean across outbound route options / 28.7 m/s; not selected GeoJSON path,facility_point; routes supplied separately,saved_gt_60,1,,True,True,
nest2:16,nest2,Kayonza,16,Byumba HSP,-1.5896553849,30.0549606698,hospital_label,True,unverified,8d3bd44c-a1ce-424e-9f29-eecc02612702,osm-car:nest2:16,123.56166666666667,39.801905647381865,83.75976101928481,67.78782067195986,92233.5,68538.88152479156,gt_120,le_60,Ok,True,115.7817682,52.51422576,False,False,-1.94001024183,30.508297291830008,OSRM v26.9.0,2026-09-20T20:22:06Z,CSV mean across outbound route options / 28.7 m/s; not selected GeoJSON path,facility_point; routes supplied separately,saved_gt_60,1,,True,False,
nest2:17,nest2,Kayonza,17,Ntaruka HC,-2.1442051,30.6900951,health_center_or_clinic_label,True,unverified,e3a39b50-3840-4634-ba81-350519c5c507,osm-car:nest2:17,87.625,19.34674799652335,68.27825200347665,77.92097232921729,46400.3,33315.100050013214,le_120,le_30,Ok,True,115.7817682,48.62368838,False,False,-1.94001024183,30.508297291830008,OSRM v26.9.0,2026-09-20T20:22:06Z,CSV mean across outbound route options / 28.7 m/s; not selected GeoJSON path,facility_point; routes supplied separately,saved_gt_60,1,,True,True,
nest2:18,nest2,Kayonza,18,Nyarubuye HC,-2.174222951,30.758405408,health_center_or_clinic_label,True,unverified,b52bd0c5-b8bd-4944-8a50-ab6574726d2f,osm-car:nest2:18,102.97833333333332,23.614189396651923,79.3641439366814,77.06877880785416,56624.1,40663.634141034614,le_120,le_30,Ok,True,115.7817682,24.06845425,False,False,-1.94001024183,30.508297291830008,OSRM v26.9.0,2026-09-20T20:22:06Z,CSV mean across outbound route options / 28.7 m/s; not selected GeoJSON path,facility_point; routes supplied separately,saved_gt_60,1,,True,True,
nest2:19,nest2,Kayonza,19,Nasho HC,-2.130575439,30.851854376,health_center_or_clinic_label,True,unverified,672d1b2e-9949-4217-8a7c-e762d91e443b,osm-car:nest2:19,139.49333333333334,30.361791307374705,109.13154202595864,78.23423486854232,79615.9,52283.00463129924,gt_120,le_60,Ok,True,115.7817682,24.36484529,False,False,-1.94001024183,30.508297291830008,OSRM v26.9.0,2026-09-20T20:22:06Z,CSV mean across outbound route options / 28.7 m/s; not selected GeoJSON path,facility_point; routes supplied separately,saved_gt_60,1,,True,False,
nest2:20,nest2,Kayonza,20,Nyabitare HC,-2.213623,30.7949275,health_center_or_clinic_label,True,unverified,2d0266b9-25db-4421-a8fb-f74d1634a0a6,osm-car:nest2:20,120.36,33.815107815096596,86.5448921849034,71.90502840221286,68212.2,58229.61565759634,gt_120,le_60,Ok,True,115.7817682,21.24646868,False,False,-1.94001024183,30.508297291830008,OSRM v26.9.0,2026-09-20T20:22:06Z,CSV mean across outbound route options / 28.7 m/s; not selected GeoJSON path,facility_point; routes supplied separately,saved_gt_60,1,,True,False,
nest2:21,nest2,Kayonza,21,Kabuye HC,-2.087373077,30.778359107,health_center_or_clinic_label,True,unverified,9fdeb36a-9709-4744-8ab4-cfb8e7e61c8b,osm-car:nest2:21,103.71000000000001,22.484370486769482,81.22562951323053,78.31995903310242,51932.3,38718.085978217045,le_120,le_30,Ok,True,115.7817682,32.09839249,False,False,-1.94001024183,30.508297291830008,OSRM v26.9.0,2026-09-20T20:22:06Z,CSV mean across outbound route options / 28.7 m/s; not selected GeoJSON path,facility_point; routes supplied separately,saved_gt_60,1,,True,True,
nest2:23,nest2,Kayonza,23,Mahama HC,-2.2504,30.8054,health_center_or_clinic_label,True,unverified,0d809897-1676-47e5-b27f-0dfc114a99a8,osm-car:nest2:23,134.13833333333335,37.753549400126936,96.38478393320642,71.85476480738025,74879.8,65011.61206701858,gt_120,le_60,Ok,True,115.7817682,48.56301643,False,False,-1.94001024183,30.508297291830008,OSRM v26.9.0,2026-09-20T20:22:06Z,CSV mean across outbound route options / 28.7 m/s; not selected GeoJSON path,facility_point; routes supplied separately,saved_gt_60,1,,True,False,
nest2:25,nest2,Kayonza,25,Mahama Camp2 MHC,-2.31545,30.84335,health_center_or_clinic_label,True,unverified,59f18ade-77dd-494d-b914-b9a35b278b2d,osm-car:nest2:25,151.29500000000002,40.92212404223037,110.37287595776965,72.95209752983881,85407.2,70467.8976007207,gt_120,le_60,Ok,True,115.7817682,45.33838537,False,False,-1.94001024183,30.508297291830008,OSRM v26.9.0,2026-09-20T20:22:06Z,CSV mean across outbound route options / 28.7 m/s; not selected GeoJSON path,facility_point; routes supplied separately,saved_gt_60,1,,True,False,
nest2:26,nest2,Kayonza,26,Jarama HC,-2.279687768,30.381374207,health_center_or_clinic_label,True,unverified,b66ae4bb-48e3-427d-890e-a641f59be80c,osm-car:nest2:26,94.07,25.557850851705812,68.51214914829418,72.83102917858423,57899.6,44010.61916663741,le_120,le_30,Ok,True,115.7817682,37.37732909,False,False,-1.94001024183,30.508297291830008,OSRM v26.9.0,2026-09-20T20:22:06Z,CSV mean across outbound route options / 28.7 m/s; not selected GeoJSON path,facility_point; routes supplied separately,saved_gt_60,1,,True,True,
nest2:27,nest2,Kayonza,27,Zaza HC,-2.155924742,30.433970408,health_center_or_clinic_label,True,unverified,efc0b2f3-c7b6-4808-abd2-53f3d5093412,osm-car:nest2:27,61.61833333333333,19.122539818465636,42.4957935148677,68.96615214335728,36989.4,32929.01356739783,le_120,le_30,Ok,True,115.7817682,67.08014254,False,False,-1.94001024183,30.508297291830008,OSRM v26.9.0,2026-09-20T20:22:06Z,CSV mean across outbound route options / 28.7 m/s; not selected GeoJSON path,facility_point; routes supplied separately,saved_le_60,1,,True,True,
nest2:28,nest2,Kayonza,28,Sangaza HC,-2.185783,30.399767,health_center_or_clinic_label,True,unverified,166fc789-f078-49ef-be79-a1bda29e0bc7,osm-car:nest2:28,77.50833333333334,20.822976000039965,56.685357333293375,73.13453263084834,45653.0,35857.16467206882,le_120,le_30,Ok,True,115.7817682,23.52077601,False,False,-1.94001024183,30.508297291830008,OSRM v26.9.0,2026-09-20T20:22:06Z,CSV mean across outbound route options / 28.7 m/s; not selected GeoJSON path,facility_point; routes supplied separately,saved_le_60,1,,True,True,
nest2:29,nest2,Kayonza,29,Rukira HC,-2.200274391,30.587918775,health_center_or_clinic_label,True,unverified,2e7b0a54-ba5d-46d8-ab9d-88f1c25639fd,osm-car:nest2:29,74.53999999999999,23.122708767503823,51.41729123249617,68.97946234571529,37753.1,39817.304497641584,le_120,le_30,Ok,True,115.7817682,39.76572174,False,False,-1.94001024183,30.508297291830008,OSRM v26.9.0,2026-09-20T20:22:06Z,CSV mean across outbound route options / 28.7 m/s; not selected GeoJSON path,facility_point; routes supplied separately,saved_le_60,1,,True,True,
nest2:30,nest2,Kayonza,30,Remera HC,-2.081648017,30.555333897,health_center_or_clinic_label,True,unverified,c1648708-a395-4c37-aab3-67e86615242e,osm-car:nest2:30,37.015,11.030587836248616,25.984412163751387,70.1996816527121,19578.5,18994.672254020115,le_60,le_15,Ok,True,115.7817682,26.43033253,False,False,-1.94001024183,30.508297291830008,OSRM v26.9.0,2026-09-20T20:22:06Z,CSV mean across outbound route options / 28.7 m/s; not selected GeoJSON path,facility_point; routes supplied separately,saved_le_30,1,,True,False,
nest2:31,nest2,Kayonza,31,Nyakabungo HC,-1.838673271,30.581122685,health_center_or_clinic_label,True,unverified,de698e30-2673-4c16-9dd4-5d3903c5a204,osm-car:nest2:31,30.186666666666667,11.048593438582742,19.138073228083925,63.39909417430629,18337.3,19025.67790123948,le_60,le_15,Ok,True,115.7817682,46.35418348,False,False,-1.94001024183,30.508297291830008,OSRM v26.9.0,2026-09-20T20:22:06Z,CSV mean across outbound route options / 28.7 m/s; not selected GeoJSON path,facility_point; routes supplied separately,saved_le_30,1,,True,False,
nest2:32,nest2,Kayonza,32,Kageyo Kayonza HC,-1.8392,30.6542,health_center_or_clinic_label,True,unverified,1af07d55-dfc6-4935-96cd-8b57602899ce,osm-car:nest2:32,68.13666666666667,13.82846175054828,54.30820491611839,79.7048161774645,32516.1,23812.611134444138,le_120,le_15,Ok,True,115.7817682,16.86996785,False,False,-1.94001024183,30.508297291830008,OSRM v26.9.0,2026-09-20T20:22:06Z,CSV mean across outbound route options / 28.7 m/s; not selected GeoJSON path,facility_point; routes supplied separately,saved_le_60,1,,True,True,
nest2:37,nest2,Kayonza,37,Karama HC,-2.051514038,30.601524863,health_center_or_clinic_label,True,unverified,2c62c9eb-2e07-411f-8eff-e85068c297cb,osm-car:nest2:37,54.336666666666666,15.648048430044005,38.68861823662266,71.20167763319304,25536.9,26945.939396535774,le_60,le_30,Ok,True,115.7817682,72.82527733,False,False,-1.94001024183,30.508297291830008,OSRM v26.9.0,2026-09-20T20:22:06Z,CSV mean across outbound route options / 28.7 m/s; not selected GeoJSON path,facility_point; routes supplied separately,saved_le_60,1,,True,False,
nest2:38,nest2,Kayonza,38,Cyarubare HC,-2.020408753,30.637196564,health_center_or_clinic_label,True,unverified,88f79bd9-1eff-4252-9d49-5764b2b70906,osm-car:nest2:38,55.068333333333335,13.773791292579089,41.294542040754244,74.987818844625,26150.0,23718.468605821192,le_60,le_15,Ok,True,115.7817682,18.25344668,False,False,-1.94001024183,30.508297291830008,OSRM v26.9.0,2026-09-20T20:22:06Z,CSV mean across outbound route options / 28.7 m/s; not selected GeoJSON path,facility_point; routes supplied separately,saved_le_60,1,,True,False,
nest2:39,nest2,Kayonza,39,Ndego HC,-2.013519,30.701783,health_center_or_clinic_label,True,unverified,aabe01ff-a4ad-40f2-a1a3-de354e4b88f6,osm-car:nest2:39,75.16666666666667,17.306924079126752,57.85974258753992,76.97526730049657,42519.1,29802.523264256262,le_120,le_30,Ok,True,115.7817682,20.76524502,False,False,-1.94001024183,30.508297291830008,OSRM v26.9.0,2026-09-20T20:22:06Z,CSV mean across outbound route options / 28.7 m/s; not selected GeoJSON path,facility_point; routes supplied separately,saved_le_60,1,,True,True,
nest2:40,nest2,Kayonza,40,Rutare HC,-1.925480203,30.555849169,health_center_or_clinic_label,True,unverified,36e062d3-62cd-4333-99fd-9b30a7ca99ed,osm-car:nest2:40,21.46333333333333,9.196257741370035,12.267075591963296,57.153636862695905,8161.8,15835.955830639201,le_30,le_15,Ok,True,115.7817682,50.37228598,False,False,-1.94001024183,30.508297291830008,OSRM v26.9.0,2026-09-20T20:22:06Z,CSV mean across outbound route options / 28.7 m/s; not selected GeoJSON path,facility_point; routes supplied separately,saved_le_15,1,,True,False,
nest2:41,nest2,Kayonza,41,Ruramira HC,-1.981269366,30.504684231,health_center_or_clinic_label,True,unverified,a1068353-4028-4730-84c4-b1ca4819dcfb,osm-car:nest2:41,11.383333333333333,4.120972147548166,7.262361185785167,63.798194897087846,6856.3,7096.314038077941,le_15,le_15,Ok,True,115.7817682,62.85843259,False,False,-1.94001024183,30.508297291830008,OSRM v26.9.0,2026-09-20T20:22:06Z,CSV mean across outbound route options / 28.7 m/s; not selected GeoJSON path,facility_point; routes supplied separately,saved_le_15,1,,True,False,
nest2:42,nest2,Kayonza,42,Nyamirama HC,-1.952140064,30.519366664,health_center_or_clinic_label,True,unverified,e586bca3-c052-43e6-a3e5-f7b647169a41,osm-car:nest2:42,4.391666666666667,6.179365878312438,-1.787699211645771,-40.706623415083975,2191.5,10640.868042454018,le_15,le_15,Ok,True,115.7817682,26.05059545,False,False,-1.94001024183,30.508297291830008,OSRM v26.9.0,2026-09-20T20:22:06Z,CSV mean across outbound route options / 28.7 m/s; not selected GeoJSON path,facility_point; routes supplied separately,drone_slower,1,,True,False,drone_slower_in_model
nest2:235,nest2,Kayonza,235,Buhabwa HC,-1.705711321,30.545553006,health_center_or_clinic_label,True,unverified,15006941-51ef-4889-b287-4a9efd1d1b80,osm-car:nest2:235,54.30166666666666,17.148959076946287,37.15270758972038,68.41909258105102,32956.1,29530.507530501505,le_60,le_30,Ok,True,115.7817682,18.02052214,False,False,-1.94001024183,30.508297291830008,OSRM v26.9.0,2026-09-20T20:22:06Z,CSV mean across outbound route options / 28.7 m/s; not selected GeoJSON path,facility_point; routes supplied separately,saved_le_60,1,,True,False,
nest2:239,nest2,Kayonza,239,Mutenderi HC,-2.272696261,30.489612372,health_center_or_clinic_label,True,unverified,d1617d5c-bf78-4dcc-acc4-c1739ea3bb70,osm-car:nest2:239,77.24666666666667,23.208423368711564,54.038243297955106,69.95543708201662,44836.3,39964.90504092131,le_120,le_30,Ok,True,115.7817682,22.24668382,False,False,-1.94001024183,30.508297291830008,OSRM v26.9.0,2026-09-20T20:22:06Z,CSV mean across outbound route options / 28.7 m/s; not selected GeoJSON path,facility_point; routes supplied separately,saved_le_60,1,,True,True,
nest2:257,nest2,Kayonza,257,Gituku HC,-2.135387403,30.63992975,health_center_or_clinic_label,True,unverified,e9996eb3-9f71-4b63-9958-cb3077677e0b,osm-car:nest2:257,79.04333333333334,20.58951788178852,58.45381545154481,73.95160728487936,40502.6,35455.14979243983,le_120,le_30,Ok,True,115.7817682,20.15947433,False,False,-1.94001024183,30.508297291830008,OSRM v26.9.0,2026-09-20T20:22:06Z,CSV mean across outbound route options / 28.7 m/s; not selected GeoJSON path,facility_point; routes supplied separately,saved_le_60,1,,True,True,
nest2:265,nest2,Kayonza,265,Rukomasake HC,-2.216623118,30.385572738,health_center_or_clinic_label,True,unverified,93e1a5c6-9236-4c49-8977-7b759de95480,osm-car:nest2:265,81.68333333333334,24.533381866157413,57.149951467175924,69.9652537855653,50257.0,42246.483573523066,le_120,le_30,Ok,True,115.7817682,72.99262,False,False,-1.94001024183,30.508297291830008,OSRM v26.9.0,2026-09-20T20:22:06Z,CSV mean across outbound route options / 28.7 m/s; not selected GeoJSON path,facility_point; routes supplied separately,saved_le_60,1,,True,True,
nest2:266,nest2,Kayonza,266,Kirwa HC,-2.077743498,30.466908786,health_center_or_clinic_label,True,unverified,15e8a2ea-1da6-4046-ac7e-63dc2083be69,osm-car:nest2:266,43.169999999999995,10.59472768489894,32.57527231510105,75.45812442691928,19900.2,18244.121073395974,le_60,le_15,Ok,True,115.7817682,136.4214769,False,False,-1.94001024183,30.508297291830008,OSRM v26.9.0,2026-09-20T20:22:06Z,CSV mean across outbound route options / 28.7 m/s; not selected GeoJSON path,facility_point; routes supplied separately,saved_le_60,1,,True,False,
nest2:272,nest2,Kayonza,272,Kiziguro HSP,-1.764967553,30.385169829,hospital_label,True,unverified,a486a116-d742-44fc-9e11-3ceda0e64f10,osm-car:nest2:272,59.17166666666667,16.82958624551888,42.342080421147784,71.55803242736859,30013.4,28980.54751478351,le_60,le_30,Ok,True,115.7817682,78.16913851,False,False,-1.94001024183,30.508297291830008,OSRM v26.9.0,2026-09-20T20:22:06Z,CSV mean across outbound route options / 28.7 m/s; not selected GeoJSON path,facility_point; routes supplied separately,saved_le_60,1,,True,False,
nest2:287,nest2,Kayonza,287,Bungwe HC,-1.50228,29.973344,health_center_or_clinic_label,True,unverified,a5fe19a8-a73c-4daf-9c01-a9fb45029598,osm-car:nest2:287,150.31833333333333,45.73460421096151,104.58372912237182,69.57483282525207,112846.0,78754.98845127571,gt_120,le_60,Ok,True,115.7817682,38.75222355,False,False,-1.94001024183,30.508297291830008,OSRM v26.9.0,2026-09-20T20:22:06Z,CSV mean across outbound route options / 28.7 m/s; not selected GeoJSON path,facility_point; routes supplied separately,saved_gt_60,1,,True,False,
nest2:291,nest2,Kayonza,291,Gatebe HC,-1.525239293,29.951544504,health_center_or_clinic_label,True,unverified,2460f780-09e9-4b87-9a11-20ce847a5565,osm-car:nest2:291,149.55333333333334,45.96316045768224,103.59017287565109,69.26637512302261,111991.3,79148.56230812882,gt_120,le_60,Ok,True,115.7817682,8.325197006,False,False,-1.94001024183,30.508297291830008,OSRM v26.9.0,2026-09-20T20:22:06Z,CSV mean across outbound route options / 28.7 m/s; not selected GeoJSON path,facility_point; routes supplied separately,saved_gt_60,1,,True,False,
nest2:297,nest2,Kayonza,297,Kivuye HC,-1.492289553,29.9309347,health_center_or_clinic_label,True,unverified,e3de6e77-76e5-4924-b5b9-7bc09cd187aa,osm-car:nest2:297,157.66,48.22351071199348,109.43648928800653,69.4129704985453,117637.5,83040.88544605277,gt_120,le_60,Ok,True,115.7817682,17.30183806,False,False,-1.94001024183,30.508297291830008,OSRM v26.9.0,2026-09-20T20:22:06Z,CSV mean across outbound route options / 28.7 m/s; not selected GeoJSON path,facility_point; routes supplied separately,saved_gt_60,1,,True,False,
nest2:302,nest2,Kayonza,302,Ruhunde HC,-1.572646177,29.941862252,health_center_or_clinic_label,True,unverified,5066bced-5b05-457d-89ee-0c7ab0446576,osm-car:nest2:302,148.165,44.79984158472036,103.36515841527964,69.76354632691907,110427.9,77145.32720888846,gt_120,le_60,Ok,True,115.7817682,304.8990153,True,False,-1.94001024183,30.508297291830008,OSRM v26.9.0,2026-09-20T20:22:06Z,CSV mean across outbound route options / 28.7 m/s; not selected GeoJSON path,facility_point; routes supplied separately,saved_gt_60,1,,False,False,endpoint_gap_over_250m
nest2:304,nest2,Kayonza,304,Rwerere HC,-1.500702826,29.868931776,health_center_or_clinic_label,True,unverified,ac9f1731-e10d-4646-b745-28d2061147b1,osm-car:nest2:304,176.43166666666667,52.129894232821506,124.30177243384517,70.45320989269416,139448.9,89767.67786891863,gt_120,le_60,Ok,True,115.7817682,28.35319155,False,False,-1.94001024183,30.508297291830008,OSRM v26.9.0,2026-09-20T20:22:06Z,CSV mean across outbound route options / 28.7 m/s; not selected GeoJSON path,facility_point; routes supplied separately,saved_gt_60,1,,True,False,
nest2:329,nest2,Kayonza,329,Bwisige HC,-1.579388226,30.153981319,health_center_or_clinic_label,True,unverified,1f349e61-84f4-403c-9137-57e35ff6b99b,osm-car:nest2:329,120.28500000000001,33.70396707526941,86.58103292473061,71.97990848794996,80131.2,58038.231303613924,gt_120,le_60,Ok,True,115.7817682,29.0003449,False,False,-1.94001024183,30.508297291830008,OSRM v26.9.0,2026-09-20T20:22:06Z,CSV mean across outbound route options / 28.7 m/s; not selected GeoJSON path,facility_point; routes supplied separately,saved_gt_60,1,,True,False,
nest2:330,nest2,Kayonza,330,Mukono HC,-1.563866708,30.108575532,health_center_or_clinic_label,True,unverified,8213f8d1-62ee-4b0a-93dc-59a5f64cd54e,osm-car:nest2:330,130.38166666666666,36.64841246848104,93.73325419818562,71.8914373428158,94398.2,63108.56627072435,gt_120,le_60,Ok,True,115.7817682,7.741057874,False,False,-1.94001024183,30.508297291830008,OSRM v26.9.0,2026-09-20T20:22:06Z,CSV mean across outbound route options / 28.7 m/s; not selected GeoJSON path,facility_point; routes supplied separately,saved_gt_60,1,,True,False,
nest2:332,nest2,Kayonza,332,Ruhenda HC,-1.553028,30.045972,health_center_or_clinic_label,True,unverified,d32e5832-0200-4000-bb49-02cd549b185a,osm-car:nest2:332,131.32333333333332,40.22613196178842,91.09720137154491,69.36863317375301,94666.9,69269.39923819966,gt_120,le_60,Ok,True,115.7817682,19.51251605,False,False,-1.94001024183,30.508297291830008,OSRM v26.9.0,2026-09-20T20:22:06Z,CSV mean across outbound route options / 28.7 m/s; not selected GeoJSON path,facility_point; routes supplied separately,saved_gt_60,1,,True,False,
nest2:333,nest2,Kayonza,333,Cyumba HC,-1.481958439,30.004824948,health_center_or_clinic_label,True,unverified,c526e673-c8fa-44d6-8602-63d2959ee2d6,osm-car:nest2:333,143.675,45.057561975126276,98.61743802487374,68.63924692874454,109269.1,77589.12172116744,gt_120,le_60,Ok,True,115.7817682,405.9787129,True,False,-1.94001024183,30.508297291830008,OSRM v26.9.0,2026-09-20T20:22:06Z,CSV mean across outbound route options / 28.7 m/s; not selected GeoJSON path,facility_point; routes supplied separately,saved_gt_60,1,,False,False,endpoint_gap_over_250m
nest2:334,nest2,Kayonza,334,Camp Gihembe HC,-1.600445,30.073891,health_center_or_clinic_label,True,unverified,1e238691-f4eb-4b62-903c-a572d63cf975,osm-car:nest2:334,121.67666666666668,36.876247256972185,84.80041940969448,69.69324664523009,87964.4,63500.8977765061,gt_120,le_60,Ok,True,115.7817682,36.4499111,False,False,-1.94001024183,30.508297291830008,OSRM v26.9.0,2026-09-20T20:22:06Z,CSV mean across outbound route options / 28.7 m/s; not selected GeoJSON path,facility_point; routes supplied separately,saved_gt_60,1,,True,False,
nest2:335,nest2,Kayonza,335,Muhondo Gicumbi HC,-1.628417,30.0855,health_center_or_clinic_label,True,unverified,b8535cf7-71b8-4f90-9c3f-f398869c83c0,osm-car:nest2:335,119.69166666666666,34.923777946089466,84.76788872057719,70.82188015365358,85623.9,60138.74562316606,le_120,le_60,Ok,True,115.7817682,21.94660888,False,False,-1.94001024183,30.508297291830008,OSRM v26.9.0,2026-09-20T20:22:06Z,CSV mean across outbound route options / 28.7 m/s; not selected GeoJSON path,facility_point; routes supplied separately,saved_gt_60,1,,True,False,
nest2:336,nest2,Kayonza,336,Mulindi HC,-1.468988118,30.042652807,health_center_or_clinic_label,True,unverified,b40728f3-4ab7-4839-9be9-30158d479573,osm-car:nest2:336,135.95333333333332,44.25832340883418,91.69500992449915,67.445944631368,108082.3,76212.83291001245,gt_120,le_60,Ok,True,115.7817682,6.412077167,False,False,-1.94001024183,30.508297291830008,OSRM v26.9.0,2026-09-20T20:22:06Z,CSV mean across outbound route options / 28.7 m/s; not selected GeoJSON path,facility_point; routes supplied separately,saved_gt_60,1,,True,False,
nest2:337,nest2,Kayonza,337,Manyagiro HC,-1.518013716,30.001710944,health_center_or_clinic_label,True,unverified,5d5f55ef-8cf1-4dad-adee-c6d1d2ad4f4e,osm-car:nest2:337,141.33166666666665,44.6469697227923,96.68469694387434,68.40979040593004,106004.3,76882.08186264834,gt_120,le_60,Ok,True,115.7817682,42.8884715,False,False,-1.94001024183,30.508297291830008,OSRM v26.9.0,2026-09-20T20:22:06Z,CSV mean across outbound route options / 28.7 m/s; not selected GeoJSON path,facility_point; routes supplied separately,saved_gt_60,1,,True,False,
nest2:340,nest2,Kayonza,340,Mukarange (Gicumbi) HC,-1.488618,30.07175,health_center_or_clinic_label,True,unverified,a1b2fb10-2b81-49d4-852f-bd3c52f6eab2,osm-car:nest2:340,140.74666666666664,43.31434865215168,97.43231801451496,69.22531120773611,110187.2,74587.30837900519,gt_120,le_60,Ok,True,115.7817682,29.47267731,False,False,-1.94001024183,30.508297291830008,OSRM v26.9.0,2026-09-20T20:22:06Z,CSV mean across outbound route options / 28.7 m/s; not selected GeoJSON path,facility_point; routes supplied separately,saved_gt_60,1,,True,False,
nest2:343,nest2,Kayonza,343,Gisiza HC,-1.608581,30.124658,health_center_or_clinic_label,True,unverified,7a4ca25b-aca3-48f5-8dcc-5e397248555b,osm-car:nest2:343,125.405,41.605000671796006,83.799999328204,66.82349135058729,79578.0,71643.81115683271,gt_120,le_60,Ok,True,115.7817682,79.01449454,False,False,-1.94001024183,30.508297291830008,OSRM v26.9.0,2026-09-20T20:22:06Z,CSV mean across outbound route options / 28.7 m/s; not selected GeoJSON path,facility_point; routes supplied separately,saved_gt_60,1,,True,False,
nest2:345,nest2,Kayonza,345,Ruvune HC,-1.63088679,30.170893657,health_center_or_clinic_label,True,unverified,2cefc2d7-55ea-449a-9c37-8978889db74b,osm-car:nest2:345,108.49333333333334,30.712622067856554,77.78071126547678,71.69169650867345,71563.6,52887.135200848985,le_120,le_60,Ok,True,115.7817682,137.022148,False,False,-1.94001024183,30.508297291830008,OSRM v26.9.0,2026-09-20T20:22:06Z,CSV mean across outbound route options / 28.7 m/s; not selected GeoJSON path,facility_point; routes supplied separately,saved_gt_60,1,,True,False,
nest2:346,nest2,Kayonza,346,Bushara HC,-1.5274655,30.0760415,health_center_or_clinic_label,True,unverified,9c03b429-3166-403c-8326-5a4555d84908,osm-car:nest2:346,130.63666666666666,39.66443630959684,90.97223035706982,69.63759308800732,98433.9,68302.15932512576,gt_120,le_60,Ok,True,115.7817682,14.13524298,False,False,-1.94001024183,30.508297291830008,OSRM v26.9.0,2026-09-20T20:22:06Z,CSV mean across outbound route options / 28.7 m/s; not selected GeoJSON path,facility_point; routes supplied separately,saved_gt_60,1,,True,False,
nest2:347,nest2,Kayonza,347,Giti HC,-1.789012361,30.221923378,health_center_or_clinic_label,True,unverified,2992111e-06b9-456f-8aab-48ac8a0dead7,osm-car:nest2:347,111.62166666666667,24.834715937941112,86.78695072872556,77.75098985745798,54911.7,42765.3808451346,le_120,le_30,Ok,True,115.7817682,59.33446238,False,False,-1.94001024183,30.508297291830008,OSRM v26.9.0,2026-09-20T20:22:06Z,CSV mean across outbound route options / 28.7 m/s; not selected GeoJSON path,facility_point; routes supplied separately,saved_gt_60,1,,True,True,
nest2:348,nest2,Kayonza,348,Tanda HC,-1.7996,30.2619,health_center_or_clinic_label,True,unverified,a0c5d076-391b-4aae-9629-55c3742aa86d,osm-car:nest2:348,99.08999999999999,19.86271306278649,79.2272869372135,79.95487631164953,46534.0,34203.59189411833,le_120,le_30,Ok,True,115.7817682,51.58651112,False,False,-1.94001024183,30.508297291830008,OSRM v26.9.0,2026-09-20T20:22:06Z,CSV mean across outbound route options / 28.7 m/s; not selected GeoJSON path,facility_point; routes supplied separately,saved_gt_60,1,,True,True,
nest2:349,nest2,Kayonza,349,Muko HC,-1.697794581,30.228577899,health_center_or_clinic_label,True,unverified,8beff62f-07bf-4051-a114-3501a5700a59,osm-car:nest2:349,90.70666666666666,25.674878196239835,65.03178847042683,71.69460730974589,57709.8,44212.140253925,le_120,le_30,Ok,True,115.7817682,14.0083294,False,False,-1.94001024183,30.508297291830008,OSRM v26.9.0,2026-09-20T20:22:06Z,CSV mean across outbound route options / 28.7 m/s; not selected GeoJSON path,facility_point; routes supplied separately,saved_gt_60,1,,True,True,
nest2:351,nest2,Kayonza,351,Munyinya HC,-1.644932,30.135592,health_center_or_clinic_label,True,unverified,f6420bec-d3bb-4ca5-bad6-af46eafc89ca,osm-car:nest2:351,113.21333333333334,31.732264675679634,81.48106865765371,71.97126544958223,78686.4,54642.95977152033,le_120,le_60,Ok,True,115.7817682,44.26329599,False,False,-1.94001024183,30.508297291830008,OSRM v26.9.0,2026-09-20T20:22:06Z,CSV mean across outbound route options / 28.7 m/s; not selected GeoJSON path,facility_point; routes supplied separately,saved_gt_60,1,,True,False,
nest2:352,nest2,Kayonza,352,Rutare Gicumbi HC,-1.730954772,30.176787233,health_center_or_clinic_label,True,unverified,65a03f82-5d24-4b2e-9b5c-da68dc90cc86,osm-car:nest2:352,119.51,27.77586594451466,91.73413405548534,76.75854242781803,65241.2,47830.041156454245,le_120,le_30,Ok,True,115.7817682,22.56174799,False,False,-1.94001024183,30.508297291830008,OSRM v26.9.0,2026-09-20T20:22:06Z,CSV mean across outbound route options / 28.7 m/s; not selected GeoJSON path,facility_point; routes supplied separately,saved_gt_60,1,,True,True,
nest2:353,nest2,Kayonza,353,Rwesero HC,-1.799514342,30.177106021,health_center_or_clinic_label,True,unverified,202183c9-b2f7-49db-933c-ff5d845c6e00,osm-car:nest2:353,113.20166666666667,28.521857219850315,84.67980944681635,74.80438401685754,74571.6,49114.638132582244,le_120,le_30,Ok,True,115.7817682,69.34099933,False,False,-1.94001024183,30.508297291830008,OSRM v26.9.0,2026-09-20T20:22:06Z,CSV mean across outbound route options / 28.7 m/s; not selected GeoJSON path,facility_point; routes supplied separately,saved_gt_60,1,,True,True,
nest2:529,nest2,Kayonza,529,Kisaro HC,-1.619764,30.026993,health_center_or_clinic_label,True,unverified,4632a877-2f7c-49de-a21b-9fdaac889ef6,osm-car:nest2:529,130.12,40.07955501494905,90.04044498505095,69.19800567556945,94158.2,69016.99373574226,gt_120,le_60,Ok,True,115.7817682,6.917825706,False,False,-1.94001024183,30.508297291830008,OSRM v26.9.0,2026-09-20T20:22:06Z,CSV mean across outbound route options / 28.7 m/s; not selected GeoJSON path,facility_point; routes supplied separately,saved_gt_60,1,,True,False,
nest2:548,nest2,Kayonza,548,Kamabuye HC,-2.372103247,30.12976775,health_center_or_clinic_label,True,unverified,a7854fb0-5cd5-4eea-a4de-b0a64c8171a0,osm-car:nest2:548,134.99333333333334,41.96441028194773,93.02892305138562,68.91371651789146,102913.8,72262.71450551398,gt_120,le_60,Ok,True,115.7817682,57.72285087,False,False,-1.94001024183,30.508297291830008,OSRM v26.9.0,2026-09-20T20:22:06Z,CSV mean across outbound route options / 28.7 m/s; not selected GeoJSON path,facility_point; routes supplied separately,saved_gt_60,1,,True,False,
nest2:551,nest2,Kayonza,551,Nzangwa HC,-2.339862842,30.264680846,health_center_or_clinic_label,True,unverified,bae81bab-c266-44f4-bf30-6b2b37bdc972,osm-car:nest2:551,135.74833333333333,31.703918627983516,104.04441470534982,76.64507707057165,97892.3,54594.147877387615,gt_120,le_60,Ok,True,115.7817682,38.48520743,False,False,-1.94001024183,30.508297291830008,OSRM v26.9.0,2026-09-20T20:22:06Z,CSV mean across outbound route options / 28.7 m/s; not selected GeoJSON path,facility_point; routes supplied separately,saved_gt_60,1,,True,False,
nest2:563,nest2,Kayonza,563,Camp Nyabiheke HC,-1.59536018,30.259438639,health_center_or_clinic_label,True,unverified,1879ad2a-51c2-4464-94d8-8f7ff441cabe,osm-car:nest2:563,111.01666666666667,28.560888525915463,82.4557781407512,74.2733326594366,66766.4,49181.85004162643,le_120,le_30,Ok,True,115.7817682,3.814881278,False,False,-1.94001024183,30.508297291830008,OSRM v26.9.0,2026-09-20T20:22:06Z,CSV mean across outbound route options / 28.7 m/s; not selected GeoJSON path,facility_point; routes supplied separately,saved_gt_60,1,,True,True,
nest2:564,nest2,Kayonza,564,Gatsibo HC,-1.582635247,30.239707995,health_center_or_clinic_label,True,unverified,9b6efea8-ae32-452a-83dc-d6adbdc4b475,osm-car:nest2:564,107.17666666666668,30.094427991322537,77.08223867534414,71.92072777844444,68101.0,51822.6050010574,le_120,le_60,Ok,True,115.7817682,71.71454952,False,False,-1.94001024183,30.508297291830008,OSRM v26.9.0,2026-09-20T20:22:06Z,CSV mean across outbound route options / 28.7 m/s; not selected GeoJSON path,facility_point; routes supplied separately,saved_gt_60,1,,True,False,
nest2:565,nest2,Kayonza,565,Nyagahanga HC,-1.609481984,30.220416039,health_center_or_clinic_label,True,unverified,fd458169-40c0-4b55-b136-52cf84eac87a,osm-car:nest2:565,103.03500000000001,29.85959556597777,73.17540443402224,71.0199489824062,63201.4,51418.22356461372,le_120,le_30,Ok,True,115.7817682,56.87463954,False,False,-1.94001024183,30.508297291830008,OSRM v26.9.0,2026-09-20T20:22:06Z,CSV mean across outbound route options / 28.7 m/s; not selected GeoJSON path,facility_point; routes supplied separately,saved_gt_60,1,,True,True,
nest2:566,nest2,Kayonza,566,Gitoki HC,-1.642840481,30.322955649,health_center_or_clinic_label,True,unverified,146a98f4-625c-4608-bdbb-a892869c5db8,osm-car:nest2:566,95.97333333333333,27.984970847055028,67.9883624862783,70.84088894791432,57086.9,48190.11979862876,le_120,le_30,Ok,True,115.7817682,115.7515711,False,False,-1.94001024183,30.508297291830008,OSRM v26.9.0,2026-09-20T20:22:06Z,CSV mean across outbound route options / 28.7 m/s; not selected GeoJSON path,facility_point; routes supplied separately,saved_gt_60,1,,True,True,
nest2:567,nest2,Kayonza,567,Kabarore HC,-1.6247,30.3886,health_center_or_clinic_label,True,unverified,460e0fcc-70de-4202-94f5-4610e5a1301c,osm-car:nest2:567,92.15833333333333,25.69920694651078,66.45912638682255,72.11407149307085,51776.9,44254.034361891565,le_120,le_30,Ok,True,115.7817682,47.30359463,False,False,-1.94001024183,30.508297291830008,OSRM v26.9.0,2026-09-20T20:22:06Z,CSV mean across outbound route options / 28.7 m/s; not selected GeoJSON path,facility_point; routes supplied separately,saved_gt_60,1,,True,True,
nest2:568,nest2,Kayonza,568,Kibondo HC,-1.563637987,30.319477485,health_center_or_clinic_label,True,unverified,9787ec61-60db-4d61-9505-4f922ca9ca79,osm-car:nest2:568,118.555,29.85724221174397,88.69775778825604,74.81570392497662,65247.1,51414.17108862311,le_120,le_30,Ok,True,115.7817682,82.27276505,False,False,-1.94001024183,30.508297291830008,OSRM v26.9.0,2026-09-20T20:22:06Z,CSV mean across outbound route options / 28.7 m/s; not selected GeoJSON path,facility_point; routes supplied separately,saved_gt_60,1,,True,True,
nest2:569,nest2,Kayonza,569,Gituza HC,-1.619611,30.291421,health_center_or_clinic_label,True,unverified,36036efd-1af0-4651-a978-06817b3c7bb0,osm-car:nest2:569,101.53833333333334,30.50480062753513,71.03353270579821,69.95735538873483,61575.6,52529.26668061549,le_120,le_60,Ok,True,115.7817682,30.25409852,False,False,-1.94001024183,30.508297291830008,OSRM v26.9.0,2026-09-20T20:22:06Z,CSV mean across outbound route options / 28.7 m/s; not selected GeoJSON path,facility_point; routes supplied separately,saved_gt_60,1,,True,False,
nest2:570,nest2,Kayonza,570,Ngarama HC,-1.544875076,30.243736902,health_center_or_clinic_label,True,unverified,7453a87e-3db7-4021-8534-a35f29cd32ee,osm-car:nest2:570,112.45166666666667,35.216530330003636,77.23513633666303,68.68296275732955,74548.2,60642.86522826626,le_120,le_60,Ok,True,115.7817682,24.47525128,False,False,-1.94001024183,30.508297291830008,OSRM v26.9.0,2026-09-20T20:22:06Z,CSV mean across outbound route options / 28.7 m/s; not selected GeoJSON path,facility_point; routes supplied separately,saved_gt_60,1,,True,False,
nest2:571,nest2,Kayonza,571,Nyagihanga HC,-1.535484957,30.178706509,health_center_or_clinic_label,True,unverified,ae391c27-6d51-45c7-a9a8-7eff3779a196,osm-car:nest2:571,138.26000000000002,41.08186609109949,97.17813390890052,70.28651374866232,77765.1,70742.97340887332,gt_120,le_60,Ok,True,115.7817682,61.26168652,False,False,-1.94001024183,30.508297291830008,OSRM v26.9.0,2026-09-20T20:22:06Z,CSV mean across outbound route options / 28.7 m/s; not selected GeoJSON path,facility_point; routes supplied separately,saved_gt_60,1,,True,False,
nest2:572,nest2,Kayonza,572,Rugarama Gatsibo HC,-1.700227144,30.410398108,health_center_or_clinic_label,True,unverified,1fed7ea0-86df-4de9-bb0c-93517d93e3db,osm-car:nest2:572,75.48,20.91234987115854,54.567650128841464,72.29418406046828,38970.8,36011.066478135006,le_120,le_30,Ok,True,115.7817682,7.964529912,False,False,-1.94001024183,30.508297291830008,OSRM v26.9.0,2026-09-20T20:22:06Z,CSV mean across outbound route options / 28.7 m/s; not selected GeoJSON path,facility_point; routes supplied separately,saved_le_60,1,,True,True,
nest2:573,nest2,Kayonza,573,Rwimbogo HC,-1.606686508,30.501990197,health_center_or_clinic_label,True,unverified,98d679d9-952d-4f7c-891d-375446bf611f,osm-car:nest2:573,91.4,23.282625414438336,68.11737458556166,74.52666803671954,59544.1,40092.68096366282,le_120,le_30,Ok,True,115.7817682,69.62029299,False,False,-1.94001024183,30.508297291830008,OSRM v26.9.0,2026-09-20T20:22:06Z,CSV mean across outbound route options / 28.7 m/s; not selected GeoJSON path,facility_point; routes supplied separately,saved_gt_60,1,,True,True,
nest2:574,nest2,Kayonza,574,Gasange HC,-1.809586606,30.297312751,health_center_or_clinic_label,True,unverified,4f67c26d-05bb-4b31-b744-1e2fa615bcb2,osm-car:nest2:574,82.78999999999999,17.32899125641412,65.46100874358586,79.06873866842115,39935.9,29840.52294354512,le_120,le_30,Ok,True,115.7817682,20.39814257,False,False,-1.94001024183,30.508297291830008,OSRM v26.9.0,2026-09-20T20:22:06Z,CSV mean across outbound route options / 28.7 m/s; not selected GeoJSON path,facility_point; routes supplied separately,saved_gt_60,1,,True,True,
nest2:575,nest2,Kayonza,575,Kageyo Gatsibo HC,-1.67939471,30.270714723,health_center_or_clinic_label,True,unverified,ad31e793-50ff-4670-bdf3-ebe138a7b827,osm-car:nest2:575,86.095,28.446431068687673,57.648568931312326,66.95925307080822,52454.9,48984.75430028017,le_120,le_30,Ok,True,115.7817682,18.14393691,False,False,-1.94001024183,30.508297291830008,OSRM v26.9.0,2026-09-20T20:22:06Z,CSV mean across outbound route options / 28.7 m/s; not selected GeoJSON path,facility_point; routes supplied separately,saved_le_60,1,,True,True,
nest2:576,nest2,Kayonza,576,Gakenke HC,-1.8016603,30.4168031,health_center_or_clinic_label,True,unverified,df2adebd-95ee-48d6-8639-d00a5148161b,osm-car:nest2:576,48.55,14.914013141806112,33.63598685819389,69.28112638144982,24310.9,25681.930630190123,le_60,le_15,Ok,True,115.7817682,42.63911929,False,False,-1.94001024183,30.508297291830008,OSRM v26.9.0,2026-09-20T20:22:06Z,CSV mean across outbound route options / 28.7 m/s; not selected GeoJSON path,facility_point; routes supplied separately,saved_le_60,1,,True,False,
nest2:578,nest2,Kayonza,578,Muhura HC,-1.758504847,30.284562476,health_center_or_clinic_label,True,unverified,c1290c8a-9006-40f7-9875-3979b1e4a675,osm-car:nest2:578,80.17166666666667,19.449142981822604,60.72252368484406,75.74062784214381,47886.6,33491.42421469852,le_120,le_30,Ok,True,115.7817682,8.771907682,False,False,-1.94001024183,30.508297291830008,OSRM v26.9.0,2026-09-20T20:22:06Z,CSV mean across outbound route options / 28.7 m/s; not selected GeoJSON path,facility_point; routes supplied separately,saved_gt_60,1,,True,True,
nest2:579,nest2,Kayonza,579,Rwimitereri HC,-1.816791129,30.346114168,health_center_or_clinic_label,True,unverified,d054efd6-1c5a-4bd4-8a3a-19717e33cb59,osm-car:nest2:579,68.12666666666667,14.15120729187866,53.975459374788,79.22809380779138,36583.9,24368.37895661505,le_120,le_15,Ok,True,115.7817682,93.04880395,False,False,-1.94001024183,30.508297291830008,OSRM v26.9.0,2026-09-20T20:22:06Z,CSV mean across outbound route options / 28.7 m/s; not selected GeoJSON path,facility_point; routes supplied separately,saved_le_60,1,,True,True,
nest2:580,nest2,Kayonza,580,Bugarura HC,-1.733626575,30.337914673,health_center_or_clinic_label,True,unverified,f28548bf-8612-4905-adc3-f164dc41da36,osm-car:nest2:580,75.185,18.972517231045064,56.21248276895494,74.76555532214529,41240.6,32670.674671859597,le_120,le_30,Ok,True,115.7817682,15.38305799,False,False,-1.94001024183,30.508297291830008,OSRM v26.9.0,2026-09-20T20:22:06Z,CSV mean across outbound route options / 28.7 m/s; not selected GeoJSON path,facility_point; routes supplied separately,saved_le_60,1,,True,True,
nest2:581,nest2,Kayonza,581,Humure HC,-1.683267324,30.3065445,health_center_or_clinic_label,True,unverified,0c6ade46-89fc-4bd9-bc8f-8c58926ad7c2,osm-car:nest2:581,81.84666666666666,22.10270072173408,59.74396594493258,72.99498975107834,47588.5,38060.85064282609,le_120,le_30,Ok,True,115.7817682,78.01937816,False,False,-1.94001024183,30.508297291830008,OSRM v26.9.0,2026-09-20T20:22:06Z,CSV mean across outbound route options / 28.7 m/s; not selected GeoJSON path,facility_point; routes supplied separately,saved_le_60,1,,True,True,
nest2:584,nest2,Kayonza,584,Nyarurema HC,-1.404661085,30.165087392,health_center_or_clinic_label,True,unverified,0ee29e21-e350-49ae-b070-fa24d8c6ddc5,osm-car:nest2:584,154.64833333333334,44.70662641881495,109.94170691451839,71.09142694577055,97850.9,76984.81069319934,gt_120,le_60,Ok,True,115.7817682,56.89074884,False,False,-1.94001024183,30.508297291830008,OSRM v26.9.0,2026-09-20T20:22:06Z,CSV mean across outbound route options / 28.7 m/s; not selected GeoJSON path,facility_point; routes supplied separately,saved_gt_60,1,,True,False,
nest2:585,nest2,Kayonza,585,Kabuga Nyagatare HC,-1.354930648,30.198469156,health_center_or_clinic_label,True,unverified,034b6af5-e6c5-440e-9c22-42d183fb8ec8,osm-car:nest2:585,169.96166666666667,45.73903087783238,124.2226357888343,73.08861946644889,110368.1,78762.61117162734,gt_120,le_60,Ok,True,115.7817682,10.38563665,False,False,-1.94001024183,30.508297291830008,OSRM v26.9.0,2026-09-20T20:22:06Z,CSV mean across outbound route options / 28.7 m/s; not selected GeoJSON path,facility_point; routes supplied separately,saved_gt_60,1,,True,False,
nest2:586,nest2,Kayonza,586,Ndama HC,-1.412455977,30.47020663,health_center_or_clinic_label,True,unverified,aacf4225-85b2-4151-9e9d-e6b4ddffc0de,osm-car:nest2:586,148.05666666666667,50.49918719870564,97.55747946796103,65.89198694281089,81436.8,86959.60035617111,gt_120,le_60,Ok,True,115.7817682,50.70011609,False,False,-1.94001024183,30.508297291830008,OSRM v26.9.0,2026-09-20T20:22:06Z,CSV mean across outbound route options / 28.7 m/s; not selected GeoJSON path,facility_point; routes supplied separately,saved_gt_60,1,,True,False,
nest2:587,nest2,Kayonza,587,Katabagemu HC,-1.474711369,30.276727198,health_center_or_clinic_label,True,unverified,64cc6f68-7ea9-4876-8ff8-cc5d87b2208f,osm-car:nest2:587,132.48,36.26917842143731,96.21082157856267,72.62290276159624,92811.4,62455.52524171504,gt_120,le_60,Ok,True,115.7817682,49.13599316,False,False,-1.94001024183,30.508297291830008,OSRM v26.9.0,2026-09-20T20:22:06Z,CSV mean across outbound route options / 28.7 m/s; not selected GeoJSON path,facility_point; routes supplied separately,saved_gt_60,1,,True,False,
nest2:588,nest2,Kayonza,588,Cyondo HC,-1.44115357,30.11960539,health_center_or_clinic_label,True,unverified,eda22350-f4a1-4c96-a219-1b5c19c77072,osm-car:nest2:588,156.82000000000002,46.625754193672414,110.19424580632761,70.26797972600919,99423.0,80289.5487215039,gt_120,le_60,Ok,True,115.7817682,76.94449313,False,False,-1.94001024183,30.508297291830008,OSRM v26.9.0,2026-09-20T20:22:06Z,CSV mean across outbound route options / 28.7 m/s; not selected GeoJSON path,facility_point; routes supplied separately,saved_gt_60,1,,True,False,
nest2:589,nest2,Kayonza,589,Mimuri HC,-1.4476213,30.258399702,health_center_or_clinic_label,True,unverified,92dff5db-6060-4ea2-87b7-88a88c112b32,osm-car:nest2:589,125.32333333333332,38.44042069416975,86.88291263916358,69.32700426031087,87953.0,66194.40443536031,gt_120,le_60,Ok,True,115.7817682,27.30806824,False,False,-1.94001024183,30.508297291830008,OSRM v26.9.0,2026-09-20T20:22:06Z,CSV mean across outbound route options / 28.7 m/s; not selected GeoJSON path,facility_point; routes supplied separately,saved_gt_60,1,,True,False,
nest2:590,nest2,Kayonza,590,Nyagahita HC,-1.485590759,30.203107401,health_center_or_clinic_label,True,unverified,dd93c71f-0bd7-4334-b007-fadf2dd60a38,osm-car:nest2:590,127.705,39.703729692549025,88.00127030745097,68.90980800082296,85453.5,68369.82253056942,gt_120,le_60,Ok,True,115.7817682,12.18817013,False,False,-1.94001024183,30.508297291830008,OSRM v26.9.0,2026-09-20T20:22:06Z,CSV mean across outbound route options / 28.7 m/s; not selected GeoJSON path,facility_point; routes supplied separately,saved_gt_60,1,,True,False,
nest2:591,nest2,Kayonza,591,Muhambo HC,-1.425357,30.20862,health_center_or_clinic_label,True,unverified,796ac4a2-2556-478b-b78e-acb4e794feda,osm-car:nest2:591,137.52833333333334,41.66042348890678,95.86790984442655,69.70775222882064,92126.5,71739.24924789747,gt_120,le_60,Ok,True,115.7817682,49.49907725,False,False,-1.94001024183,30.508297291830008,OSRM v26.9.0,2026-09-20T20:22:06Z,CSV mean across outbound route options / 28.7 m/s; not selected GeoJSON path,facility_point; routes supplied separately,saved_gt_60,1,,True,False,
nest2:592,nest2,Kayonza,592,Cyabayaga HC,-1.395460309,30.296013944,health_center_or_clinic_label,True,unverified,548f735f-73a2-41c7-9658-8cf7e9afcb44,osm-car:nest2:592,135.21333333333334,42.06729448351819,93.14603884981514,68.8882054406482,96606.6,72439.88110061832,gt_120,le_60,Ok,True,115.7817682,39.36644622,False,False,-1.94001024183,30.508297291830008,OSRM v26.9.0,2026-09-20T20:22:06Z,CSV mean across outbound route options / 28.7 m/s; not selected GeoJSON path,facility_point; routes supplied separately,saved_gt_60,1,,True,False,
nest2:593,nest2,Kayonza,593,Karangazi HC,-1.388493026,30.389388397,health_center_or_clinic_label,True,unverified,1d22ede8-9302-4eeb-8586-f8dedca4a7a8,osm-car:nest2:593,144.24166666666667,42.588173702579475,101.6534929640872,70.47443038702677,79570.0,73336.83511584185,gt_120,le_60,Ok,True,115.7817682,28.0035449,False,False,-1.94001024183,30.508297291830008,OSRM v26.9.0,2026-09-20T20:22:06Z,CSV mean across outbound route options / 28.7 m/s; not selected GeoJSON path,facility_point; routes supplied separately,saved_gt_60,1,,True,False,
nest2:594,nest2,Kayonza,594,Nyagatare HC,-1.296212662,30.325023053,health_center_or_clinic_label,True,unverified,b93a6dcb-e66f-4859-887b-78cdb99d5bab,osm-car:nest2:594,144.65333333333334,48.08200379772037,96.57132953561296,66.76052829911487,109078.2,82797.21053967447,gt_120,le_60,Ok,True,115.7817682,43.14003694,False,False,-1.94001024183,30.508297291830008,OSRM v26.9.0,2026-09-20T20:22:06Z,CSV mean across outbound route options / 28.7 m/s; not selected GeoJSON path,facility_point; routes supplied separately,saved_gt_60,1,,True,False,
nest2:596,nest2,Kayonza,596,Rukomo HC,-1.378875158,30.250939873,health_center_or_clinic_label,True,unverified,e31971a8-3ab8-49c2-a81a-5e92edaa8d3f,osm-car:nest2:596,144.62666666666667,44.884251293949596,99.74241537271706,68.96543885824448,99509.0,77290.6807281812,gt_120,le_60,Ok,True,115.7817682,33.8462616,False,False,-1.94001024183,30.508297291830008,OSRM v26.9.0,2026-09-20T20:22:06Z,CSV mean across outbound route options / 28.7 m/s; not selected GeoJSON path,facility_point; routes supplied separately,saved_gt_60,1,,True,False,
nest2:597,nest2,Kayonza,597,Rurenge HC,-1.332372228,30.277427737,health_center_or_clinic_label,True,unverified,29be8e6d-0128-457c-8c89-911c7829edc4,osm-car:nest2:597,146.55499999999998,45.74013497414648,100.81486502585349,68.7897820107492,109077.6,78764.51242548024,gt_120,le_60,Ok,True,115.7817682,87.7029334,False,False,-1.94001024183,30.508297291830008,OSRM v26.9.0,2026-09-20T20:22:06Z,CSV mean across outbound route options / 28.7 m/s; not selected GeoJSON path,facility_point; routes supplied separately,saved_gt_60,1,,True,False,
nest2:598,nest2,Kayonza,598,Bugaragara HC,-1.290831873,30.411893141,health_center_or_clinic_label,True,unverified,5ad1ea0b-7294-4618-a912-fd60f690cae3,osm-car:nest2:598,159.34,49.46698906427654,109.87301093572347,68.9550715047844,93994.4,85182.1551686842,gt_120,le_60,Ok,True,115.7817682,35.95005812,False,False,-1.94001024183,30.508297291830008,OSRM v26.9.0,2026-09-20T20:22:06Z,CSV mean across outbound route options / 28.7 m/s; not selected GeoJSON path,facility_point; routes supplied separately,saved_gt_60,1,,True,False,
nest2:599,nest2,Kayonza,599,Tabagwe HC,-1.285492736,30.207240142,health_center_or_clinic_label,True,unverified,5766354e-839b-48dc-9ad5-441a52653b0a,osm-car:nest2:599,164.28,49.38248315120233,114.89751684879766,69.94005164889072,122339.0,85036.63598637041,gt_120,le_60,Ok,True,115.7817682,132.5555621,False,False,-1.94001024183,30.508297291830008,OSRM v26.9.0,2026-09-20T20:22:06Z,CSV mean across outbound route options / 28.7 m/s; not selected GeoJSON path,facility_point; routes supplied separately,saved_gt_60,1,,True,False,
nest2:601,nest2,Kayonza,601,Munyaga HC,-2.027079256,30.466211537,health_center_or_clinic_label,True,unverified,c97a1c5a-699c-4195-b779-0af9cd424776,osm-car:nest2:601,32.288333333333334,8.054221224762212,24.23411210857112,75.05532062738178,19824.9,13869.368949040529,le_60,le_15,Ok,True,115.7817682,50.30902092,False,False,-1.94001024183,30.508297291830008,OSRM v26.9.0,2026-09-20T20:22:06Z,CSV mean across outbound route options / 28.7 m/s; not selected GeoJSON path,facility_point; routes supplied separately,saved_le_30,1,,True,False,
nest2:603,nest2,Kayonza,603,Gahengeri HC,-1.970367428,30.322127049,health_center_or_clinic_label,True,unverified,cd0656a2-6e18-4b33-9cfa-f63057c10f0f,osm-car:nest2:603,52.68833333333334,14.072577058987573,38.61575627434577,73.29090489547801,30072.7,24232.9776955766,le_60,le_15,Ok,True,115.7817682,23.22434809,False,False,-1.94001024183,30.508297291830008,OSRM v26.9.0,2026-09-20T20:22:06Z,CSV mean across outbound route options / 28.7 m/s; not selected GeoJSON path,facility_point; routes supplied separately,saved_le_60,1,,True,False,
nest2:604,nest2,Kayonza,604,Gishali Police HC,-1.914719396,30.424958021,health_center_or_clinic_label,True,unverified,11552cfa-b03c-41a3-8838-3cfe8e9a35da,osm-car:nest2:604,28.95,7.597823198614348,21.352176801385653,73.75536028112488,12688.3,13083.451548013907,le_30,le_15,Ok,True,115.7817682,52.42580863,False,False,-1.94001024183,30.508297291830008,OSRM v26.9.0,2026-09-20T20:22:06Z,CSV mean across outbound route options / 28.7 m/s; not selected GeoJSON path,facility_point; routes supplied separately,saved_le_30,1,,True,False,
nest2:605,nest2,Kayonza,605,Ruhunda HC,-1.900977769,30.412036364,health_center_or_clinic_label,True,unverified,dcc499f4-641a-4e1e-9fba-ab2efa18d5f7,osm-car:nest2:605,35.89833333333333,9.311253046757319,26.587080286576015,74.06215781580208,15576.5,16033.977746516102,le_60,le_15,Ok,True,115.7817682,46.80994852,False,False,-1.94001024183,30.508297291830008,OSRM v26.9.0,2026-09-20T20:22:06Z,CSV mean across outbound route options / 28.7 m/s; not selected GeoJSON path,facility_point; routes supplied separately,saved_le_30,1,,True,False,
nest2:608,nest2,Kayonza,608,Rwamagana PH,-1.94927556953799,30.4333583681401,hospital_label,True,unverified,eab545c5-7270-4af8-a0e7-7a5ee11cfa2f,osm-car:nest2:608,21.71333333333333,6.084052744647021,15.62928058868631,71.98010710171773,9450.2,10476.73882628217,le_30,le_15,Ok,True,115.7817682,50.95177247,False,False,-1.94001024183,30.508297291830008,OSRM v26.9.0,2026-09-20T20:22:06Z,CSV mean across outbound route options / 28.7 m/s; not selected GeoJSON path,facility_point; routes supplied separately,saved_le_30,1,,True,False,
nest2:609,nest2,Kayonza,609,Avega Rwamagana HC,-1.947608943,30.441222186,health_center_or_clinic_label,True,unverified,ce22a1b7-51c0-4bbc-b70b-2556b2753728,osm-car:nest2:609,19.78166666666667,6.39951047048256,13.38215619618411,67.64928568295952,8451.4,11019.957030170968,le_30,le_15,Ok,True,115.7817682,90.40910184,False,False,-1.94001024183,30.508297291830008,OSRM v26.9.0,2026-09-20T20:22:06Z,CSV mean across outbound route options / 28.7 m/s; not selected GeoJSON path,facility_point; routes supplied separately,saved_le_15,1,,True,False,
nest2:610,nest2,Kayonza,610,Murambi Rwamagana HC,-1.87629004,30.455805497,health_center_or_clinic_label,True,unverified,0851bca8-df88-4107-95e2-c3f1baa29500,osm-car:nest2:610,22.959999999999997,8.090518304523647,14.86948169547635,64.76255093848584,10825.4,13931.87252038972,le_30,le_15,Ok,True,115.7817682,25.79000001,False,False,-1.94001024183,30.508297291830008,OSRM v26.9.0,2026-09-20T20:22:06Z,CSV mean across outbound route options / 28.7 m/s; not selected GeoJSON path,facility_point; routes supplied separately,saved_le_15,1,,True,False,
nest2:612,nest2,Kayonza,612,Musha Rwamagana HC,-1.930521378,30.33215886,health_center_or_clinic_label,True,unverified,c775793b-9162-47c0-af69-d54dff98ba60,osm-car:nest2:612,43.013333333333335,12.417932420865421,30.595400912467916,71.13003931912876,24127.0,21383.679628730257,le_60,le_15,Ok,True,115.7817682,28.44382244,False,False,-1.94001024183,30.508297291830008,OSRM v26.9.0,2026-09-20T20:22:06Z,CSV mean across outbound route options / 28.7 m/s; not selected GeoJSON path,facility_point; routes supplied separately,saved_le_60,1,,True,False,
nest2:613,nest2,Kayonza,613,Nzige HC,-2.026572321,30.336766829,health_center_or_clinic_label,True,unverified,d2f3ed32-9099-4e2e-b302-7831830786bd,osm-car:nest2:613,53.97166666666667,13.957294674725405,40.01437199194127,74.13958927574579,31099.2,24034.46142987715,le_60,le_15,Ok,True,115.7817682,33.87727813,False,False,-1.94001024183,30.508297291830008,OSRM v26.9.0,2026-09-20T20:22:06Z,CSV mean across outbound route options / 28.7 m/s; not selected GeoJSON path,facility_point; routes supplied separately,saved_le_60,1,,True,False,
nest2:614,nest2,Kayonza,614,Rubona Rwamagana HC,-2.038662197,30.396425759,health_center_or_clinic_label,True,unverified,2fa22aa0-175e-4343-bb96-1eafea90e242,osm-car:nest2:614,40.309999999999995,10.75491270628993,29.555087293710066,73.319492169958,22165.9,18519.95968023126,le_60,le_15,Ok,True,115.7817682,57.34786422,False,False,-1.94001024183,30.508297291830008,OSRM v26.9.0,2026-09-20T20:22:06Z,CSV mean across outbound route options / 28.7 m/s; not selected GeoJSON path,facility_point; routes supplied separately,saved_le_30,1,,True,False,
nest2:3484,nest2,Kayonza,3484,Mulindi (Kirehe) HC,-2.102694862,30.692086868,health_center_or_clinic_label,True,unverified,daed7831-5d41-46aa-b57e-e46b14b7fac5,osm-car:nest2:3484,80.82666666666667,18.134701229375572,62.691965437291095,77.56346763109258,39806.1,31227.95551698473,le_120,le_30,Ok,True,115.7817682,93.85498054,False,False,-1.94001024183,30.508297291830008,OSRM v26.9.0,2026-09-20T20:22:06Z,CSV mean across outbound route options / 28.7 m/s; not selected GeoJSON path,facility_point; routes supplied separately,saved_gt_60,1,,True,True,
nest2:3527,nest2,Kayonza,3527,Kabarondo HC,-2.010270785,30.557249654,health_center_or_clinic_label,True,unverified,4e053c0d-45c0-492e-80c8-5f89b3b35cee,osm-car:nest2:3527,20.583333333333332,8.30461206213806,12.278721271195272,59.65370658070578,10880.7,14300.54197100174,le_30,le_15,Ok,True,115.7817682,77.54632967,False,False,-1.94001024183,30.508297291830008,OSRM v26.9.0,2026-09-20T20:22:06Z,CSV mean across outbound route options / 28.7 m/s; not selected GeoJSON path,facility_point; routes supplied separately,saved_le_15,1,,True,False,
nest2:3538,nest2,Kayonza,3538,Mukarange HC,-1.901305499,30.497101516,health_center_or_clinic_label,True,unverified,d555ce05-9595-4956-af79-74438cb1856d,osm-car:nest2:3538,11.54,7.241889454495838,4.298110545504161,37.24532535098927,5427.9,12470.533640641834,le_15,le_15,Ok,True,115.7817682,89.84520358,False,False,-1.94001024183,30.508297291830008,OSRM v26.9.0,2026-09-20T20:22:06Z,CSV mean across outbound route options / 28.7 m/s; not selected GeoJSON path,facility_point; routes supplied separately,saved_le_15,1,,True,False,
nest2:3543,nest2,Kayonza,3543,Ryamanyoni HC,-1.718670089,30.484319881,health_center_or_clinic_label,True,unverified,102ec5c1-23dd-4dbf-b472-72ca62b0dd7a,osm-car:nest2:3543,56.586666666666666,15.895954111531333,40.690712555135335,71.90865790846253,32653.8,27372.832980056955,le_60,le_30,Ok,True,115.7817682,43.14325204,False,False,-1.94001024183,30.508297291830008,OSRM v26.9.0,2026-09-20T20:22:06Z,CSV mean across outbound route options / 28.7 m/s; not selected GeoJSON path,facility_point; routes supplied separately,saved_le_60,1,,True,False,
nest2:3548,nest2,Kayonza,3548,Rukara HC,-1.798135293,30.50248624,health_center_or_clinic_label,True,unverified,0c2f8da3-f40e-4db1-95f1-6a71beaaaaac,osm-car:nest2:3548,37.665,10.825144008757979,26.83985599124202,71.25940791515205,21690.3,18640.89798308124,le_60,le_15,Ok,True,115.7817682,22.25768186,False,False,-1.94001024183,30.508297291830008,OSRM v26.9.0,2026-09-20T20:22:06Z,CSV mean across outbound route options / 28.7 m/s; not selected GeoJSON path,facility_point; routes supplied separately,saved_le_30,1,,True,False,
nest2:3963,nest2,Kayonza,3963,RW2_WFH,-1.94026,30.50797,operational_or_test_label,False,unverified,64868ba0-bdf9-45cb-88fc-271015b369a3,osm-car:nest2:3963,0.065,3.0106260146020603,-2.9456260146020603,-4531.732330157016,27.2,5184.297997144748,le_15,le_15,Ok,True,115.7817682,82.54603273,False,False,-1.94001024183,30.508297291830008,OSRM v26.9.0,2026-09-20T20:22:06Z,CSV mean across outbound route options / 28.7 m/s; not selected GeoJSON path,facility_point; routes supplied separately,drone_slower,1,,True,False,outside_healthcare_name_screen;drone_slower_in_model
nest2:4499,nest2,Kayonza,4499,Gatunda HSP,-1.395324818,30.207703288,hospital_label,True,unverified,f7a0464f-f3ee-49a2-9b89-470d5f7a1a9f,osm-car:nest2:4499,147.50833333333333,44.13502674133475,103.37330659199858,70.07963838788673,96158.4,76000.51604857843,gt_120,le_60,Ok,True,115.7817682,11.26939618,False,False,-1.94001024183,30.508297291830008,OSRM v26.9.0,2026-09-20T20:22:06Z,CSV mean across outbound route options / 28.7 m/s; not selected GeoJSON path,facility_point; routes supplied separately,saved_gt_60,1,,True,False,
nest2:4617,nest2,Kayonza,4617,Nyarutunga HM 001,-2.175995075,30.757867235,community_health_label_review,False,unverified,90b78858-3748-4d23-a1d1-55911510879c,osm-car:nest2:4617,103.23833333333333,32.40690594659688,70.83142738673645,68.60961921773546,56798.7,55804.69204003982,le_120,le_60,Ok,True,115.7817682,115.2478776,False,False,-1.94001024183,30.508297291830008,OSRM v26.9.0,2026-09-20T20:22:06Z,CSV mean across outbound route options / 28.7 m/s; not selected GeoJSON path,facility_point; routes supplied separately,saved_gt_60,1,,True,False,outside_healthcare_name_screen
nest2:4618,nest2,Kayonza,4618,Kanteyamanga HM 001,-2.339936192,30.497935702,community_health_label_review,False,unverified,bacf2c28-0a75-4a39-bbfc-47396ce45eec,osm-car:nest2:4618,93.33166666666666,27.452471942063656,65.87919472460301,70.58611195693103,54762.5,47273.15668423362,le_120,le_30,Ok,True,115.7817682,82.44043578,False,False,-1.94001024183,30.508297291830008,OSRM v26.9.0,2026-09-20T20:22:06Z,CSV mean across outbound route options / 28.7 m/s; not selected GeoJSON path,facility_point; routes supplied separately,saved_gt_60,1,,True,True,outside_healthcare_name_screen
nest2:4621,nest2,Kayonza,4621,Nyakanazi HM 001,-2.087767,30.582767,community_health_label_review,False,unverified,23790f9c-9367-45ce-b2f0-9c003c09bb6a,osm-car:nest2:4621,49.87166666666667,14.169219762044126,35.70244690462255,71.58863798006058,24746.0,24399.396430239984,le_60,le_15,Ok,True,115.7817682,75.64569008,False,False,-1.94001024183,30.508297291830008,OSRM v26.9.0,2026-09-20T20:22:06Z,CSV mean across outbound route options / 28.7 m/s; not selected GeoJSON path,facility_point; routes supplied separately,saved_le_60,1,,True,False,outside_healthcare_name_screen
nest2:4625,nest2,Kayonza,4625,Kirehe HM 001,-2.262859997,30.646075459,community_health_label_review,False,unverified,44735406-e942-4f43-b878-3b42ee4c4f92,osm-car:nest2:4625,104.03500000000001,28.50170947816525,75.53329052183476,72.6037300157012,49939.4,49079.94372140056,le_120,le_30,Ok,True,115.7817682,106.9928443,False,False,-1.94001024183,30.508297291830008,OSRM v26.9.0,2026-09-20T20:22:06Z,CSV mean across outbound route options / 28.7 m/s; not selected GeoJSON path,facility_point; routes supplied separately,saved_gt_60,1,,True,True,outside_healthcare_name_screen
nest2:4627,nest2,Kayonza,4627,Kabeza HM 001,-2.093456748,30.628821984,community_health_label_review,False,unverified,325cf2d5-fbc1-449f-bf87-025708cfca9c,osm-car:nest2:4627,80.22,16.912527209949474,63.307472790050525,78.91731836206748,38689.3,29123.371855532994,le_120,le_30,Ok,True,115.7817682,85.68466197,False,False,-1.94001024183,30.508297291830008,OSRM v26.9.0,2026-09-20T20:22:06Z,CSV mean across outbound route options / 28.7 m/s; not selected GeoJSON path,facility_point; routes supplied separately,saved_gt_60,1,,True,True,outside_healthcare_name_screen
nest2:4628,nest2,Kayonza,4628,Murenge CHW,-2.007502792,30.559356202,community_health_label_review,False,unverified,1d633e17-38b0-4238-8b72-6a32f5e73cfe,osm-car:nest2:4628,20.035,8.833629335544682,11.201370664455318,55.90901255031355,10571.3,15211.509715807942,le_30,le_15,Ok,True,115.7817682,50.11622757,False,False,-1.94001024183,30.508297291830008,OSRM v26.9.0,2026-09-20T20:22:06Z,CSV mean across outbound route options / 28.7 m/s; not selected GeoJSON path,facility_point; routes supplied separately,saved_le_15,1,,True,False,outside_healthcare_name_screen
nest2:4630,nest2,Kayonza,4630,Matinza HP,-1.912267414,30.643536676,health_post_or_dispensary_label,True,unverified,15cff57e-2d05-4662-96d5-54d1c9d50da4,osm-car:nest2:4630,50.03666666666666,10.87575563374764,39.16091103291902,78.26442815186,23011.7,18728.051201313436,le_60,le_15,Ok,True,115.7817682,14.21193378,False,False,-1.94001024183,30.508297291830008,OSRM v26.9.0,2026-09-20T20:22:06Z,CSV mean across outbound route options / 28.7 m/s; not selected GeoJSON path,facility_point; routes supplied separately,saved_le_60,1,,True,False,
nest2:4631,nest2,Kayonza,4631,Munini HP,-2.305194884,30.831701701,health_post_or_dispensary_label,True,unverified,087c2702-61dd-4831-a6f3-a6e55017f266,osm-car:nest2:4631,147.09166666666667,40.21117388197395,106.88049278469272,72.66250713366453,83634.8,69243.64142475913,gt_120,le_60,Ok,True,115.7817682,37.31322936,False,False,-1.94001024183,30.508297291830008,OSRM v26.9.0,2026-09-20T20:22:06Z,CSV mean across outbound route options / 28.7 m/s; not selected GeoJSON path,facility_point; routes supplied separately,saved_gt_60,1,,True,False,
nest2:5760,nest2,Kayonza,5760,Rwempasha HC,-1.220943859,30.303788069,health_center_or_clinic_label,True,unverified,5f2963fc-2db4-4ff3-b6f9-0a4d28c6201e,osm-car:nest2:5760,155.925,53.895040447783636,102.02995955221638,65.4352794947676,119322.0,92807.25965108341,gt_120,le_60,Ok,True,115.7817682,45.1713302,False,False,-1.94001024183,30.508297291830008,OSRM v26.9.0,2026-09-20T20:22:06Z,CSV mean across outbound route options / 28.7 m/s; not selected GeoJSON path,facility_point; routes supplied separately,saved_gt_60,1,,True,False,
nest2:5763,nest2,Kayonza,5763,Gasetsa HC,-2.070377015,30.507544322,health_center_or_clinic_label,True,unverified,8f618553-28ee-4df7-93a1-31a4e83ac43a,osm-car:nest2:5763,45.730000000000004,10.289919947965153,35.44008005203485,77.49853499242258,20915.9,17719.242150395992,le_60,le_15,Ok,True,115.7817682,53.47237715,False,False,-1.94001024183,30.508297291830008,OSRM v26.9.0,2026-09-20T20:22:06Z,CSV mean across outbound route options / 28.7 m/s; not selected GeoJSON path,facility_point; routes supplied separately,saved_le_60,1,,True,False,
nest2:5765,nest2,Kayonza,5765,Gashanda HC,-2.178745563,30.46499508,health_center_or_clinic_label,True,unverified,17361b38-c3f6-49e6-a692-60cb49265684,osm-car:nest2:5765,67.63000000000001,17.66346135816945,49.96653864183056,73.88221002784348,38270.0,30416.480458767794,le_120,le_30,Ok,True,115.7817682,13.59331453,False,False,-1.94001024183,30.508297291830008,OSRM v26.9.0,2026-09-20T20:22:06Z,CSV mean across outbound route options / 28.7 m/s; not selected GeoJSON path,facility_point; routes supplied separately,saved_le_60,1,,True,True,
nest2:5766,nest2,Kayonza,5766,Rubona Ngoma HC,-2.111766079,30.59050886,health_center_or_clinic_label,True,unverified,31a4850e-c439-4260-83ee-f7cbd7c8a78b,osm-car:nest2:5766,65.07333333333334,15.111712340593789,49.96162099273955,76.77741162699448,32951.5,26022.368650502503,le_120,le_30,Ok,True,115.7817682,32.13692268,False,False,-1.94001024183,30.508297291830008,OSRM v26.9.0,2026-09-20T20:22:06Z,CSV mean across outbound route options / 28.7 m/s; not selected GeoJSON path,facility_point; routes supplied separately,saved_le_60,1,,True,True,
nest2:5769,nest2,Kayonza,5769,Munyiginya HC,-1.916837602,30.384376763,health_center_or_clinic_label,True,unverified,74ecb563-0805-4c8a-81a3-efc0d775237b,osm-car:nest2:5769,37.92333333333333,11.667901881998649,26.255431451334683,69.23292111629081,17737.0,20092.12704080167,le_60,le_15,Ok,True,115.7817682,20.47427135,False,False,-1.94001024183,30.508297291830008,OSRM v26.9.0,2026-09-20T20:22:06Z,CSV mean across outbound route options / 28.7 m/s; not selected GeoJSON path,facility_point; routes supplied separately,saved_le_30,1,,True,False,
nest2:5770,nest2,Kayonza,5770,Ntoma HC,-1.136806968,30.38999904,health_center_or_clinic_label,True,unverified,35ddb44f-a275-4464-9a94-2036347d3334,osm-car:nest2:5770,168.19833333333332,56.01821225812155,112.18012107521177,66.69514426929227,134895.9,96463.36150848531,gt_120,le_60,Ok,True,115.7817682,63.19978337,False,False,-1.94001024183,30.508297291830008,OSRM v26.9.0,2026-09-20T20:22:06Z,CSV mean across outbound route options / 28.7 m/s; not selected GeoJSON path,facility_point; routes supplied separately,saved_gt_60,1,,True,False,
nest2:5771,nest2,Kayonza,5771,Kigina HC,-2.276111504,30.713693134,health_center_or_clinic_label,True,unverified,5391c857-246d-4714-ae61-99a578a0ee30,osm-car:nest2:5771,120.14333333333335,27.154661995868953,92.9886713374644,77.39811170335244,58173.4,46760.327956886336,gt_120,le_30,Ok,True,115.7817682,155.226479,False,False,-1.94001024183,30.508297291830008,OSRM v26.9.0,2026-09-20T20:22:06Z,CSV mean across outbound route options / 28.7 m/s; not selected GeoJSON path,facility_point; routes supplied separately,saved_gt_60,1,,True,True,
nest2:5773,nest2,Kayonza,5773,Matimba HC,-1.1266,30.42573,health_center_or_clinic_label,True,unverified,12964bb9-7f5c-4054-9505-91e4c1e637a9,osm-car:nest2:5773,173.98166666666665,57.0379370010546,116.94372966561205,67.21612219617703,113469.0,98219.32751581602,gt_120,le_60,Ok,True,115.7817682,62.84172088,False,False,-1.94001024183,30.508297291830008,OSRM v26.9.0,2026-09-20T20:22:06Z,CSV mean across outbound route options / 28.7 m/s; not selected GeoJSON path,facility_point; routes supplied separately,saved_gt_60,1,,True,False,
nest2:6030,nest2,Kayonza,6030,Umva lodge,-1.886600197,30.432863373,other_destination_label,False,unverified,2d130566-a090-4b91-9e3d-3a0da9c2fb52,osm-car:nest2:6030,25.493333333333332,7.34852342422501,18.14480990910832,71.17472506187887,11856.5,12654.157336515467,le_30,le_15,Ok,True,115.7817682,249.8532778,False,False,-1.94001024183,30.508297291830008,OSRM v26.9.0,2026-09-20T20:22:06Z,CSV mean across outbound route options / 28.7 m/s; not selected GeoJSON path,facility_point; routes supplied separately,saved_le_30,1,,True,False,outside_healthcare_name_screen
nest2:8078,nest2,Kayonza,8078,Mutembo HM 002,-1.965584,30.582249,community_health_label_review,False,unverified,93049013-d586-4928-a098-02e5f239f457,osm-car:nest2:8078,34.65,9.092475809828038,25.55752419017196,73.75908857192486,18226.4,15657.243344523878,le_60,le_15,Ok,True,115.7817682,24.54793547,False,False,-1.94001024183,30.508297291830008,OSRM v26.9.0,2026-09-20T20:22:06Z,CSV mean across outbound route options / 28.7 m/s; not selected GeoJSON path,facility_point; routes supplied separately,saved_le_30,1,,True,False,outside_healthcare_name_screen
nest2:8079,nest2,Kayonza,8079,Murori HM 001,-1.917960651,30.565239623,community_health_label_review,False,unverified,fe666cd2-1c68-4bf8-b47d-a31e79667497,osm-car:nest2:8079,24.775,7.1431148811635845,17.631885118836415,71.16805295191288,11408.2,12300.443825363693,le_30,le_15,Ok,True,115.7817682,77.68044325,False,False,-1.94001024183,30.508297291830008,OSRM v26.9.0,2026-09-20T20:22:06Z,CSV mean across outbound route options / 28.7 m/s; not selected GeoJSON path,facility_point; routes supplied separately,saved_le_30,1,,True,False,outside_healthcare_name_screen
nest2:8081,nest2,Kayonza,8081,KABURA HM 001,-2.040001,30.542669,community_health_label_review,False,unverified,be51784c-06cb-4b76-8f60-268221be6276,osm-car:nest2:8081,32.27333333333333,8.966003643048422,23.30732969028491,72.21853859828003,16097.4,15439.458273329383,le_60,le_15,Ok,True,115.7817682,14.85932474,False,False,-1.94001024183,30.508297291830008,OSRM v26.9.0,2026-09-20T20:22:06Z,CSV mean across outbound route options / 28.7 m/s; not selected GeoJSON path,facility_point; routes supplied separately,saved_le_30,1,,True,False,outside_healthcare_name_screen
nest2:8085,nest2,Kayonza,8085,Rusera HM 001,-1.985286645,30.558970287,community_health_label_review,False,unverified,7ffa1905-4f16-4388-9ce2-0bf3f6a9a607,osm-car:nest2:8085,15.843333333333334,6.388392300538728,9.454941032794606,59.67772585395291,8279.0,11000.81154152769,le_30,le_15,Ok,True,115.7817682,29.50479801,False,False,-1.94001024183,30.508297291830008,OSRM v26.9.0,2026-09-20T20:22:06Z,CSV mean across outbound route options / 28.7 m/s; not selected GeoJSON path,facility_point; routes supplied separately,saved_le_15,1,,True,False,outside_healthcare_name_screen
nest2:8086,nest2,Kayonza,8086,Rusera HM 002,-1.937038867,30.598262699,community_health_label_review,False,unverified,57419262-df0c-4333-a87c-de8abbcc632d,osm-car:nest2:8086,34.03,9.060112930145102,24.9698870698549,73.37610070483368,16020.9,15601.514465709868,le_60,le_15,Ok,True,115.7817682,61.67560025,False,False,-1.94001024183,30.508297291830008,OSRM v26.9.0,2026-09-20T20:22:06Z,CSV mean across outbound route options / 28.7 m/s; not selected GeoJSON path,facility_point; routes supplied separately,saved_le_30,1,,True,False,outside_healthcare_name_screen
nest2:8087,nest2,Kayonza,8087,Dagaza HP,-2.360615537,30.520612543,health_post_or_dispensary_label,True,unverified,919a44c1-1e03-494b-b392-161c74eba244,osm-car:nest2:8087,95.84833333333333,29.189195085778636,66.6591382475547,69.5464761142305,57060.3,50263.79393771081,le_120,le_30,Ok,True,115.7817682,49.09448214,False,False,-1.94001024183,30.508297291830008,OSRM v26.9.0,2026-09-20T20:22:06Z,CSV mean across outbound route options / 28.7 m/s; not selected GeoJSON path,facility_point; routes supplied separately,saved_gt_60,1,,True,True,
nest2:8088,nest2,Kayonza,8088,Rwakarinda CHW,-2.270928743,30.688331553,community_health_label_review,False,unverified,937bbe43-839d-427b-a7bc-1ff1a6e2c2fc,osm-car:nest2:8088,113.91833333333334,25.824264313660173,88.09406901967316,77.3308970048776,55038.3,44469.38314812281,le_120,le_30,Ok,True,115.7817682,37.58812055,False,False,-1.94001024183,30.508297291830008,OSRM v26.9.0,2026-09-20T20:22:06Z,CSV mean across outbound route options / 28.7 m/s; not selected GeoJSON path,facility_point; routes supplied separately,saved_gt_60,1,,True,True,outside_healthcare_name_screen
nest2:8089,nest2,Kayonza,8089,Karambi CHW,-2.335087,30.7548,community_health_label_review,False,unverified,2c9b7d60-a871-43b3-b54e-db8e02a1fb65,osm-car:nest2:8089,141.26000000000002,31.837132080365077,109.42286791963494,77.46203307350625,69747.4,54823.54144238866,gt_120,le_60,Ok,True,115.7817682,13.85019357,False,False,-1.94001024183,30.508297291830008,OSRM v26.9.0,2026-09-20T20:22:06Z,CSV mean across outbound route options / 28.7 m/s; not selected GeoJSON path,facility_point; routes supplied separately,saved_gt_60,1,,True,False,outside_healthcare_name_screen
nest2:8090,nest2,Kayonza,8090,Kanogo HM 001,-2.291167,30.739393,community_health_label_review,False,unverified,04261286-2296-4a3c-8ca2-d24c737b8e77,osm-car:nest2:8090,130.08333333333334,29.715922337649737,100.3674109956836,77.15624163665619,63906.3,51170.81826543285,gt_120,le_30,Ok,True,115.7817682,13.15178344,False,False,-1.94001024183,30.508297291830008,OSRM v26.9.0,2026-09-20T20:22:06Z,CSV mean across outbound route options / 28.7 m/s; not selected GeoJSON path,facility_point; routes supplied separately,saved_gt_60,1,,True,True,outside_healthcare_name_screen
nest2:8092,nest2,Kayonza,8092,Rurenge HM 001,-2.085488026,30.590631208,community_health_label_review,False,unverified,4eea4374-e6de-4dc7-af59-47296a7c3a0d,osm-car:nest2:8092,50.92666666666666,14.036900134366,36.88976653230066,72.43703337930488,25181.4,24171.542031378252,le_60,le_15,Ok,True,115.7817682,160.0700828,False,False,-1.94001024183,30.508297291830008,OSRM v26.9.0,2026-09-20T20:22:06Z,CSV mean across outbound route options / 28.7 m/s; not selected GeoJSON path,facility_point; routes supplied separately,saved_le_60,1,,True,False,outside_healthcare_name_screen
nest2:8093,nest2,Kayonza,8093,Ntinyi HM 001,-1.95434393,30.536035387,community_health_label_review,False,unverified,45586ddd-eb15-4b12-a3f7-fe153f9f07ed,osm-car:nest2:8093,9.143333333333334,4.6244371471097265,4.518896186223608,49.422852929897275,4539.5,7963.280767322948,le_15,le_15,Ok,True,115.7817682,30.78562719,False,False,-1.94001024183,30.508297291830008,OSRM v26.9.0,2026-09-20T20:22:06Z,CSV mean across outbound route options / 28.7 m/s; not selected GeoJSON path,facility_point; routes supplied separately,saved_le_15,1,,True,False,outside_healthcare_name_screen
nest2:8094,nest2,Kayonza,8094,Nyabikokora HM 001,-2.278841,30.667303,community_health_label_review,False,unverified,cd50fd7f-fa9c-4d4f-a202-2f8ba27d3c40,osm-car:nest2:8094,111.03833333333334,25.700766095482788,85.33756723785055,76.8541499823039,53143.0,44256.71921642136,le_120,le_30,Ok,True,115.7817682,34.74082109,False,False,-1.94001024183,30.508297291830008,OSRM v26.9.0,2026-09-20T20:22:06Z,CSV mean across outbound route options / 28.7 m/s; not selected GeoJSON path,facility_point; routes supplied separately,saved_gt_60,1,,True,True,outside_healthcare_name_screen
nest2:8095,nest2,Kayonza,8095,Kanogo CHW,-2.307078989,30.626888212,community_health_label_review,False,unverified,6ea832b9-b713-4b90-9600-2885b4e94cef,osm-car:nest2:8095,113.97,26.832997520733166,87.13700247926684,76.45608710999987,60729.8,46206.42173070251,le_120,le_30,Ok,True,115.7817682,4.407009253,False,False,-1.94001024183,30.508297291830008,OSRM v26.9.0,2026-09-20T20:22:06Z,CSV mean across outbound route options / 28.7 m/s; not selected GeoJSON path,facility_point; routes supplied separately,saved_gt_60,1,,True,True,outside_healthcare_name_screen
nest2:8096,nest2,Kayonza,8096,Nyabigega HP,-2.265657339,30.615624605,health_post_or_dispensary_label,True,unverified,d1e3251d-8560-4b8f-a3d3-d3ba758ab50d,osm-car:nest2:8096,104.43333333333334,23.461327062148545,80.9720062711848,77.53463734872467,54804.7,40400.40520101979,le_120,le_30,Ok,True,115.7817682,8.923052158,False,False,-1.94001024183,30.508297291830008,OSRM v26.9.0,2026-09-20T20:22:06Z,CSV mean across outbound route options / 28.7 m/s; not selected GeoJSON path,facility_point; routes supplied separately,saved_gt_60,1,,True,True,
nest2:9617,nest2,Kayonza,9617,Mpanga Sector,-2.086192877,30.845774762,sector_label_review,False,unverified,7901515a-819e-4537-9da2-60bcb692a88c,osm-car:nest2:9617,130.41666666666666,28.58541557613106,101.8312510905356,78.08147048475574,74639.7,49224.08562209768,gt_120,le_30,Ok,True,115.7817682,4.857134954,False,False,-1.94001024183,30.508297291830008,OSRM v26.9.0,2026-09-20T20:22:06Z,CSV mean across outbound route options / 28.7 m/s; not selected GeoJSON path,facility_point; routes supplied separately,saved_gt_60,1,,True,True,outside_healthcare_name_screen
nest2:9618,nest2,Kayonza,9618,Gatore Sector,-2.277734104,30.587801368,sector_label_review,False,unverified,fc935bab-6546-498b-8512-e8d4614a0fb4,osm-car:nest2:9618,95.87833333333333,25.73387994427399,70.14445338905934,73.15985890700993,50591.4,44313.74126403981,le_120,le_30,Ok,True,115.7817682,29.7398164,False,False,-1.94001024183,30.508297291830008,OSRM v26.9.0,2026-09-20T20:22:06Z,CSV mean across outbound route options / 28.7 m/s; not selected GeoJSON path,facility_point; routes supplied separately,saved_gt_60,1,,True,True,outside_healthcare_name_screen
nest2:9619,nest2,Kayonza,9619,Kivuye Sector,-1.464823,29.884332,sector_label_review,False,unverified,d9863ed9-f241-42d3-bf3c-e39ace33e6b0,osm-car:nest2:9619,173.53833333333333,51.99060456164635,121.54772877168698,70.04085289802656,128340.1,89527.82105515501,gt_120,le_60,Ok,True,115.7817682,14.69868795,False,False,-1.94001024183,30.508297291830008,OSRM v26.9.0,2026-09-20T20:22:06Z,CSV mean across outbound route options / 28.7 m/s; not selected GeoJSON path,facility_point; routes supplied separately,saved_gt_60,1,,True,False,outside_healthcare_name_screen
nest2:9869,nest2,Kayonza,9869,Batima HP,-2.3046521,30.252097,health_post_or_dispensary_label,True,unverified,b24a3ab5-e718-473a-bed8-60fa00a94d97,osm-car:nest2:9869,130.76166666666666,30.997812521759435,99.76385414490721,76.29441921937409,94038.6,53378.23316246975,gt_120,le_60,Ok,True,115.7817682,33.7379035,False,False,-1.94001024183,30.508297291830008,OSRM v26.9.0,2026-09-20T20:22:06Z,CSV mean across outbound route options / 28.7 m/s; not selected GeoJSON path,facility_point; routes supplied separately,saved_gt_60,1,,True,False,
nest2:9875,nest2,Kayonza,9875,Bushenya HP,-1.476179,29.968474,health_post_or_dispensary_label,True,unverified,c182e4c1-4897-46f8-8ab6-b78b5312700c,osm-car:nest2:9875,158.43833333333333,49.2205758308129,109.21775750252044,68.93392224263096,124082.2,84757.83158065981,gt_120,le_60,Ok,True,115.7817682,13.38661614,False,False,-1.94001024183,30.508297291830008,OSRM v26.9.0,2026-09-20T20:22:06Z,CSV mean across outbound route options / 28.7 m/s; not selected GeoJSON path,facility_point; routes supplied separately,saved_gt_60,1,,True,False,
nest2:9998,nest2,Kayonza,9998,Gashanda Sector,-2.170461,30.473539,sector_label_review,False,unverified,3e9cde0d-d41d-4019-8a70-29856dfa3df1,osm-car:nest2:9998,67.75166666666667,16.63934043739815,51.11232622926852,75.44069208029596,38332.5,28652.944233199614,le_120,le_30,Ok,True,115.7817682,16.26039917,False,False,-1.94001024183,30.508297291830008,OSRM v26.9.0,2026-09-20T20:22:06Z,CSV mean across outbound route options / 28.7 m/s; not selected GeoJSON path,facility_point; routes supplied separately,saved_le_60,1,,True,True,outside_healthcare_name_screen
nest2:9999,nest2,Kayonza,9999,Karembo Sector,-2.122031,30.446646,sector_label_review,False,unverified,6f78a781-4483-4b29-90aa-ead0e0813f39,osm-car:nest2:9999,53.955000000000005,13.499463964060878,40.455536035939126,74.9801427781283,31383.8,23246.07694611283,le_60,le_15,Ok,True,115.7817682,25.76589966,False,False,-1.94001024183,30.508297291830008,OSRM v26.9.0,2026-09-20T20:22:06Z,CSV mean across outbound route options / 28.7 m/s; not selected GeoJSON path,facility_point; routes supplied separately,saved_le_60,1,,True,False,outside_healthcare_name_screen
nest2:10004,nest2,Kayonza,10004,Gatunda Sector,-1.386962,30.232643,sector_label_review,False,unverified,1800bd57-b27e-4237-9375-ccbaf5c50f3e,osm-car:nest2:10004,145.515,43.230830638149094,102.2841693618509,70.29115167635702,95462.9,74443.49035889274,gt_120,le_60,Ok,True,115.7817682,26.33106991,False,False,-1.94001024183,30.508297291830008,OSRM v26.9.0,2026-09-20T20:22:06Z,CSV mean across outbound route options / 28.7 m/s; not selected GeoJSON path,facility_point; routes supplied separately,saved_gt_60,1,,True,False,outside_healthcare_name_screen
nest2:13144,nest2,Kayonza,13144,Bwiza HP,-1.882478658,30.494272086,health_post_or_dispensary_label,True,unverified,cc8fd50c-c1bb-4530-9776-e10efac079dc,osm-car:nest2:13144,17.03666666666667,5.5218808486872435,11.514785817979426,67.58825563282777,7664.8,9508.678821439433,le_30,le_15,Ok,True,115.7817682,12.12498153,False,False,-1.94001024183,30.508297291830008,OSRM v26.9.0,2026-09-20T20:22:06Z,CSV mean across outbound route options / 28.7 m/s; not selected GeoJSON path,facility_point; routes supplied separately,saved_le_15,1,,True,False,
nest2:13174,nest2,Kayonza,13174,Gatebe Sector,-1.510441286,29.930669829,sector_label_review,False,unverified,f816c4c3-40ed-41f9-976d-9166d6f2ae07,osm-car:nest2:13174,156.18666666666667,49.42708899345816,106.7595776732085,68.35383579896396,116143.3,85113.44724673496,gt_120,le_60,Ok,True,115.7817682,26.46124424,False,False,-1.94001024183,30.508297291830008,OSRM v26.9.0,2026-09-20T20:22:06Z,CSV mean across outbound route options / 28.7 m/s; not selected GeoJSON path,facility_point; routes supplied separately,saved_gt_60,2,nest2:13174;nest2:13457,False,False,identical_coordinate_group;outside_healthcare_name_screen
nest2:13178,nest2,Kayonza,13178,Rwerere sector,-1.494775067,29.861447524,sector_label_review,False,unverified,8066f822-cc8b-4e22-a41b-89c2b76bf2b3,osm-car:nest2:13178,175.3383333333333,52.12140843086607,123.21692490246724,70.2738086760647,139519.8,89753.06531795138,gt_120,le_60,Ok,True,115.7817682,21.34617238,False,False,-1.94001024183,30.508297291830008,OSRM v26.9.0,2026-09-20T20:22:06Z,CSV mean across outbound route options / 28.7 m/s; not selected GeoJSON path,facility_point; routes supplied separately,saved_gt_60,1,,True,False,outside_healthcare_name_screen
nest2:13192,nest2,Kayonza,13192,Rwimbogo sector,-1.638949245,30.448753511,sector_label_review,False,unverified,c6df0758-2b93-4b12-9dfe-46a2c423e937,osm-car:nest2:13192,91.44833333333332,21.118249258014057,70.33008407531926,76.90690635001835,52648.0,36365.62522230021,le_120,le_30,Ok,True,115.7817682,13.09142488,False,False,-1.94001024183,30.508297291830008,OSRM v26.9.0,2026-09-20T20:22:06Z,CSV mean across outbound route options / 28.7 m/s; not selected GeoJSON path,facility_point; routes supplied separately,saved_gt_60,1,,True,True,outside_healthcare_name_screen
nest2:13193,nest2,Kayonza,13193,Remera Sector,-1.701524415,30.312807853,sector_label_review,False,unverified,69164828-591e-470d-9845-4ffc3a95e4e0,osm-car:nest2:13193,76.45833333333333,21.71971750160843,54.7386158317249,71.59274005239224,45008.6,37401.35353776971,le_120,le_30,Ok,True,115.7817682,68.9753983,False,False,-1.94001024183,30.508297291830008,OSRM v26.9.0,2026-09-20T20:22:06Z,CSV mean across outbound route options / 28.7 m/s; not selected GeoJSON path,facility_point; routes supplied separately,saved_le_60,1,,True,True,outside_healthcare_name_screen
nest2:13194,nest2,Kayonza,13194,Murambi Sector,-1.815952746,30.345770162,sector_label_review,False,unverified,c2f55cd2-a011-47de-a839-cb3935ff934f,osm-car:nest2:13194,68.31,14.179374576570547,54.13062542342946,79.24260785160219,36660.6,24416.883020854482,le_120,le_15,Ok,True,115.7817682,34.53977751,False,False,-1.94001024183,30.508297291830008,OSRM v26.9.0,2026-09-20T20:22:06Z,CSV mean across outbound route options / 28.7 m/s; not selected GeoJSON path,facility_point; routes supplied separately,saved_le_60,1,,True,True,outside_healthcare_name_screen
nest2:13196,nest2,Kayonza,13196,Cyumba Sector,-1.499650133,30.001450873,sector_label_review,False,unverified,5f194881-a4bb-4bd7-b765-598e7a15ddb5,osm-car:nest2:13196,144.46,45.83351587301241,98.6264841269876,68.27252120101592,109585.0,78925.31433332736,gt_120,le_60,Ok,True,115.7817682,19.74932031,False,False,-1.94001024183,30.508297291830008,OSRM v26.9.0,2026-09-20T20:22:06Z,CSV mean across outbound route options / 28.7 m/s; not selected GeoJSON path,facility_point; routes supplied separately,saved_gt_60,1,,True,False,outside_healthcare_name_screen
nest2:13198,nest2,Kayonza,13198,Kageyo sector,-1.62090044,30.091788679,sector_label_review,False,unverified,600ddffb-7cdd-448c-ac9a-4171c62acb7d,osm-car:nest2:13198,117.21333333333334,35.29942210654333,81.91391122679,69.88446527140542,84576.2,60785.60486746761,le_120,le_60,Ok,True,115.7817682,1.098107882,False,False,-1.94001024183,30.508297291830008,OSRM v26.9.0,2026-09-20T20:22:06Z,CSV mean across outbound route options / 28.7 m/s; not selected GeoJSON path,facility_point; routes supplied separately,saved_gt_60,1,,True,False,outside_healthcare_name_screen
nest2:13215,nest2,Kayonza,13215,Gahini Sector,-1.84765,30.50646,sector_label_review,False,unverified,c102cc1c-1629-4d37-9ecc-a3d5ae53adf8,osm-car:nest2:13215,26.821666666666665,7.759003035722341,19.062663630944325,71.07188329439256,13584.0,13361.003227513871,le_30,le_15,Ok,True,115.7817682,49.26213328,False,False,-1.94001024183,30.508297291830008,OSRM v26.9.0,2026-09-20T20:22:06Z,CSV mean across outbound route options / 28.7 m/s; not selected GeoJSON path,facility_point; routes supplied separately,saved_le_30,1,,True,False,outside_healthcare_name_screen
nest2:13216,nest2,Kayonza,13216,Murama Sector,-2.016095291,30.625367757,sector_label_review,False,unverified,44dfc3a0-9dd9-45e7-a068-4d783d87605b,osm-car:nest2:13216,52.565000000000005,10.805400834304143,41.75959916569586,79.4437347392673,24992.8,18606.900236671732,le_60,le_15,Ok,True,115.7817682,69.47309578,False,False,-1.94001024183,30.508297291830008,OSRM v26.9.0,2026-09-20T20:22:06Z,CSV mean across outbound route options / 28.7 m/s; not selected GeoJSON path,facility_point; routes supplied separately,saved_le_60,1,,True,False,outside_healthcare_name_screen
nest2:13218,nest2,Kayonza,13218,Nyamirama sector,-1.940294461,30.51241725,sector_label_review,False,unverified,93c04f52-4d08-4e1d-9620-c859a2b9c1c4,osm-car:nest2:13218,1.2283333333333333,4.320878522736635,-3.0925451894033014,-251.76758665427147,512.2,7440.552816152484,le_15,le_15,Ok,True,115.7817682,20.21830936,False,False,-1.94001024183,30.508297291830008,OSRM v26.9.0,2026-09-20T20:22:06Z,CSV mean across outbound route options / 28.7 m/s; not selected GeoJSON path,facility_point; routes supplied separately,drone_slower,1,,True,False,outside_healthcare_name_screen;drone_slower_in_model
nest2:13219,nest2,Kayonza,13219,Ruramira Sector,-1.976140793,30.519797101,sector_label_review,False,unverified,93acdfe9-6e72-4eb4-8be6-2401460e2d2a,osm-car:nest2:13219,8.92,3.9322413804261345,4.9877586195738655,55.91657645262181,5011.2,6771.3196570938035,le_15,le_15,Ok,True,115.7817682,51.67396595,False,False,-1.94001024183,30.508297291830008,OSRM v26.9.0,2026-09-20T20:22:06Z,CSV mean across outbound route options / 28.7 m/s; not selected GeoJSON path,facility_point; routes supplied separately,saved_le_15,1,,True,False,outside_healthcare_name_screen
nest2:13220,nest2,Kayonza,13220,Rwinkwavu Sector,-1.97043433,30.60831116,sector_label_review,False,unverified,fff2cf8b-9994-4c56-9f30-399ab0407172,osm-car:nest2:13220,40.50333333333333,9.08204710194308,31.421286231390248,77.57703785216917,21471.0,15639.285109545985,le_60,le_15,Ok,True,115.7817682,24.62403414,False,False,-1.94001024183,30.508297291830008,OSRM v26.9.0,2026-09-20T20:22:06Z,CSV mean across outbound route options / 28.7 m/s; not selected GeoJSON path,facility_point; routes supplied separately,saved_le_60,1,,True,False,outside_healthcare_name_screen
nest2:13231,nest2,Kayonza,13231,Sake sector,-2.224961,30.390811,sector_label_review,False,unverified,9794d0fe-ff71-448f-9471-41f84c99013b,osm-car:nest2:13231,80.39166666666667,21.124142197995265,59.2675244686714,73.72346777485818,49219.1,36375.77286494785,le_120,le_30,Ok,True,115.7817682,27.42112885,False,False,-1.94001024183,30.508297291830008,OSRM v26.9.0,2026-09-20T20:22:06Z,CSV mean across outbound route options / 28.7 m/s; not selected GeoJSON path,facility_point; routes supplied separately,saved_le_60,1,,True,True,outside_healthcare_name_screen
nest2:13244,nest2,Kayonza,13244,Karama sector,-1.374036,30.153942,sector_label_review,False,unverified,46200a23-745f-48eb-a7f3-af6e7351e4f7,osm-car:nest2:13244,161.59333333333333,45.73422609839648,115.85910723493686,71.69794993704579,102371.4,78754.33734143875,gt_120,le_60,Ok,True,115.7817682,37.82988241,False,False,-1.94001024183,30.508297291830008,OSRM v26.9.0,2026-09-20T20:22:06Z,CSV mean across outbound route options / 28.7 m/s; not selected GeoJSON path,facility_point; routes supplied separately,saved_gt_60,1,,True,False,outside_healthcare_name_screen
nest2:13245,nest2,Kayonza,13245,Rukomo Sector,-1.360181,30.244203,sector_label_review,False,unverified,85dcef77-2a1c-488b-b518-333f923e4b66,osm-car:nest2:13245,150.25666666666666,42.89006893521862,107.36659773144804,71.45546358327842,102292.3,73856.69870644646,gt_120,le_60,Ok,True,115.7817682,140.6288051,False,False,-1.94001024183,30.508297291830008,OSRM v26.9.0,2026-09-20T20:22:06Z,CSV mean across outbound route options / 28.7 m/s; not selected GeoJSON path,facility_point; routes supplied separately,saved_gt_60,1,,True,False,outside_healthcare_name_screen
nest2:13246,nest2,Kayonza,13246,Tabagwe sector,-1.290594,30.251373,sector_label_review,False,unverified,73c6e771-b8de-4c3d-af2f-84562dbd1b50,osm-car:nest2:13246,157.54666666666665,46.37659373511258,111.17007293155407,70.56326565560728,117303.5,79860.49441186385,gt_120,le_60,Ok,True,115.7817682,131.139701,False,False,-1.94001024183,30.508297291830008,OSRM v26.9.0,2026-09-20T20:22:06Z,CSV mean across outbound route options / 28.7 m/s; not selected GeoJSON path,facility_point; routes supplied separately,saved_gt_60,1,,True,False,outside_healthcare_name_screen
nest2:13278,nest2,Kayonza,13278,Kisaro sector,-1.621856393,30.027471935,sector_label_review,False,unverified,d105034f-d4a5-4bfb-b895-9b296f9dca5c,osm-car:nest2:13278,129.545,38.49336756255902,91.05163243744096,70.28571727001503,93918.4,66285.57894272664,gt_120,le_60,Ok,True,115.7817682,35.27523815,False,False,-1.94001024183,30.508297291830008,OSRM v26.9.0,2026-09-20T20:22:06Z,CSV mean across outbound route options / 28.7 m/s; not selected GeoJSON path,facility_point; routes supplied separately,saved_gt_60,1,,True,False,outside_healthcare_name_screen
nest2:13293,nest2,Kayonza,13293,Fumbwe Sector,-1.871404794,30.294077327,sector_label_review,False,unverified,f0a4cd06-c10c-4afc-9e7e-de795e5fcf04,osm-car:nest2:13293,54.8,15.987219827753256,38.81278017224674,70.82624119023129,31986.5,27529.992543391105,le_60,le_30,Ok,True,115.7817682,17.09774308,False,False,-1.94001024183,30.508297291830008,OSRM v26.9.0,2026-09-20T20:22:06Z,CSV mean across outbound route options / 28.7 m/s; not selected GeoJSON path,facility_point; routes supplied separately,saved_le_60,1,,True,False,outside_healthcare_name_screen
nest2:13294,nest2,Kayonza,13294,Muhazi sector,-1.890320595,30.449840235,sector_label_review,False,unverified,c56ca12b-7662-48fe-80cc-96484598b887,osm-car:nest2:13294,20.28666666666667,6.478669501517694,13.807997165148976,68.06439614762887,9869.1,11156.268881613469,le_30,le_15,Ok,True,115.7817682,33.49241549,False,False,-1.94001024183,30.508297291830008,OSRM v26.9.0,2026-09-20T20:22:06Z,CSV mean across outbound route options / 28.7 m/s; not selected GeoJSON path,facility_point; routes supplied separately,saved_le_15,1,,True,False,outside_healthcare_name_screen
nest2:13295,nest2,Kayonza,13295,Munyaga Sector,-2.025095298,30.462433405,sector_label_review,False,unverified,0c884917-27f7-4e34-89ef-1617ff4de69a,osm-car:nest2:13295,30.936666666666667,7.739425109812502,23.197241556854166,74.9830025542102,19268.7,13327.290039097128,le_60,le_15,Ok,True,115.7817682,83.4393759,False,False,-1.94001024183,30.508297291830008,OSRM v26.9.0,2026-09-20T20:22:06Z,CSV mean across outbound route options / 28.7 m/s; not selected GeoJSON path,facility_point; routes supplied separately,saved_le_30,1,,True,False,outside_healthcare_name_screen
nest2:13297,nest2,Kayonza,13297,Ndego Sector,-2.013572,30.710947,sector_label_review,False,unverified,0f1f920a-4f9c-41c8-8af8-acb60d39efe4,osm-car:nest2:13297,76.73333333333333,17.385024816513337,59.34830851682,77.34358190723718,43563.0,29937.01273403596,le_120,le_30,Ok,True,115.7817682,53.5497961,False,False,-1.94001024183,30.508297291830008,OSRM v26.9.0,2026-09-20T20:22:06Z,CSV mean across outbound route options / 28.7 m/s; not selected GeoJSON path,facility_point; routes supplied separately,saved_le_60,1,,True,True,outside_healthcare_name_screen
nest2:13302,nest2,Kayonza,13302,Kabarore Sector,-1.622714027,30.391631661,sector_label_review,False,unverified,9ff3a0bd-db31-411d-a311-9bfea915da7d,osm-car:nest2:13302,93.11833333333334,23.566424162574275,69.55190917075906,74.69196095014486,52175.9,40581.3824079529,le_120,le_30,Ok,True,115.7817682,56.38811746,False,False,-1.94001024183,30.508297291830008,OSRM v26.9.0,2026-09-20T20:22:06Z,CSV mean across outbound route options / 28.7 m/s; not selected GeoJSON path,facility_point; routes supplied separately,saved_gt_60,1,,True,True,outside_healthcare_name_screen
nest2:13303,nest2,Kayonza,13303,Karama HP,-2.162541,30.522662,health_post_or_dispensary_label,True,unverified,b2ec6aae-32c3-4f40-a39f-b1a08a8046a7,osm-car:nest2:13303,65.805,15.471290161174922,50.33370983882509,76.48918750676253,37173.0,26641.561657543214,le_120,le_30,Ok,True,115.7817682,27.68240568,False,False,-1.94001024183,30.508297291830008,OSRM v26.9.0,2026-09-20T20:22:06Z,CSV mean across outbound route options / 28.7 m/s; not selected GeoJSON path,facility_point; routes supplied separately,saved_le_60,1,,True,True,
nest2:13307,nest2,Kayonza,13307,Matimba Sector,-1.122827,30.424257,sector_label_review,False,unverified,15d762ca-23f0-4a86-8818-4b05b087f5fb,osm-car:nest2:13307,174.595,57.37051459459711,117.22448540540289,67.14080323342758,115071.1,98792.02613189621,gt_120,le_60,Ok,True,115.7817682,93.84048699,False,False,-1.94001024183,30.508297291830008,OSRM v26.9.0,2026-09-20T20:22:06Z,CSV mean across outbound route options / 28.7 m/s; not selected GeoJSON path,facility_point; routes supplied separately,saved_gt_60,1,,True,False,outside_healthcare_name_screen
nest2:13308,nest2,Kayonza,13308,Mimuri Sector,-1.44561071,30.251731887,sector_label_review,False,unverified,fe9dc835-9b8d-451f-988f-8d4c54363b7e,osm-car:nest2:13308,124.24666666666667,38.03663315284709,86.21003351381958,69.386194275221,87314.8,65499.08228920268,gt_120,le_60,Ok,True,115.7817682,69.49888722,False,False,-1.94001024183,30.508297291830008,OSRM v26.9.0,2026-09-20T20:22:06Z,CSV mean across outbound route options / 28.7 m/s; not selected GeoJSON path,facility_point; routes supplied separately,saved_gt_60,1,,True,False,outside_healthcare_name_screen
nest2:13310,nest2,Kayonza,13310,Gishali Sector,-1.914612533,30.429722716,sector_label_review,False,unverified,23dfdb34-2224-45da-8716-3cb6612e7ffc,osm-car:nest2:13310,26.266666666666666,6.516074735103244,19.75059193156342,75.19260887651048,11597.6,11220.680693847786,le_30,le_15,Ok,True,115.7817682,35.64265905,False,False,-1.94001024183,30.508297291830008,OSRM v26.9.0,2026-09-20T20:22:06Z,CSV mean across outbound route options / 28.7 m/s; not selected GeoJSON path,facility_point; routes supplied separately,saved_le_30,1,,True,False,outside_healthcare_name_screen
nest2:13344,nest2,Kayonza,13344,Mukarange Sector,-1.508072,30.041999,sector_label_review,False,unverified,11ab8b34-e68d-470b-8886-26507af2bc38,osm-car:nest2:13344,132.53333333333333,42.494856856505656,90.03847647682767,67.93647621491021,99847.0,73176.14350690274,gt_120,le_60,Ok,True,115.7817682,27.30274832,False,False,-1.94001024183,30.508297291830008,OSRM v26.9.0,2026-09-20T20:22:06Z,CSV mean across outbound route options / 28.7 m/s; not selected GeoJSON path,facility_point; routes supplied separately,saved_gt_60,1,,True,False,outside_healthcare_name_screen
nest2:13441,nest2,Kayonza,13441,Juru HP,-1.804184235,30.567343584,health_post_or_dispensary_label,True,unverified,cd48f05c-f7ea-4a6f-b441-40ae3e0abc48,osm-car:nest2:13441,39.07,13.258403378904433,25.811596621095568,66.06500286945372,23830.7,22830.97061847343,le_60,le_15,Ok,True,115.7817682,84.4539629,False,False,-1.94001024183,30.508297291830008,OSRM v26.9.0,2026-09-20T20:22:06Z,CSV mean across outbound route options / 28.7 m/s; not selected GeoJSON path,facility_point; routes supplied separately,saved_le_30,1,,True,False,
nest2:13442,nest2,Kayonza,13442,Kahi HP,-1.805511,30.586602,health_post_or_dispensary_label,True,unverified,8f64f8c1-7187-4832-8b55-21a42348fc18,osm-car:nest2:13442,37.531666666666666,11.883871812559617,25.647794854107048,68.33641330638228,22334.7,20464.02726122766,le_60,le_15,Ok,True,115.7817682,47.47454248,False,False,-1.94001024183,30.508297291830008,OSRM v26.9.0,2026-09-20T20:22:06Z,CSV mean across outbound route options / 28.7 m/s; not selected GeoJSON path,facility_point; routes supplied separately,saved_le_30,1,,True,False,
nest2:13443,nest2,Kayonza,13443,Kiyenzi HP,-1.856450373,30.522925431,health_post_or_dispensary_label,True,unverified,6b811e14-439a-483f-83dd-7333d88ac166,osm-car:nest2:13443,26.131666666666668,6.981072285283285,19.15059438138338,73.28500943191548,14138.3,12021.406475257816,le_30,le_15,Ok,True,115.7817682,20.34539629,False,False,-1.94001024183,30.508297291830008,OSRM v26.9.0,2026-09-20T20:22:06Z,CSV mean across outbound route options / 28.7 m/s; not selected GeoJSON path,facility_point; routes supplied separately,saved_le_30,1,,True,False,
nest2:13444,nest2,Kayonza,13444,Umuyenzi HP,-1.950596373,30.671009242,health_post_or_dispensary_label,True,unverified,f9cf1d8d-a585-4231-a7ac-7a6cee02f2d3,osm-car:nest2:13444,59.63166666666667,13.657730182923403,45.973936483743266,77.09651440858033,31564.6,23518.6113749941,le_60,le_15,Ok,True,115.7817682,66.18646612,False,False,-1.94001024183,30.508297291830008,OSRM v26.9.0,2026-09-20T20:22:06Z,CSV mean across outbound route options / 28.7 m/s; not selected GeoJSON path,facility_point; routes supplied separately,saved_le_60,1,,True,False,
nest2:13445,nest2,Kayonza,13445,Gitara HP,-2.089677,30.616158,health_post_or_dispensary_label,True,unverified,b7b73d05-5618-4da7-9d88-47d797277b27,osm-car:nest2:13445,74.56333333333333,14.380294141509815,60.18303919182352,80.71398702466385,36804.2,24762.866511679902,le_120,le_15,Ok,True,115.7817682,101.2795746,False,False,-1.94001024183,30.508297291830008,OSRM v26.9.0,2026-09-20T20:22:06Z,CSV mean across outbound route options / 28.7 m/s; not selected GeoJSON path,facility_point; routes supplied separately,saved_gt_60,1,,True,True,
nest2:13447,nest2,Kayonza,13447,Bunyetongo HP,-1.997407,30.621886,health_post_or_dispensary_label,True,unverified,a7edf2e7-f461-41e1-935c-e11248cb51e0,osm-car:nest2:13447,46.894999999999996,9.951916402514959,36.943083597485035,78.77829960013868,22682.3,17137.200045130758,le_60,le_15,Ok,True,115.7817682,23.44084946,False,False,-1.94001024183,30.508297291830008,OSRM v26.9.0,2026-09-20T20:22:06Z,CSV mean across outbound route options / 28.7 m/s; not selected GeoJSON path,facility_point; routes supplied separately,saved_le_60,1,,True,False,
nest2:13448,nest2,Kayonza,13448,Nyakanazi HP,-2.084551774,30.60802164,health_post_or_dispensary_label,True,unverified,0d2c9b6d-2819-44d7-b4a5-deb997c3accf,osm-car:nest2:13448,54.513333333333335,13.496343843693332,41.016989489640004,75.24212331473646,26237.6,23240.704098839917,le_60,le_15,Ok,True,115.7817682,1.976142926,False,False,-1.94001024183,30.508297291830008,OSRM v26.9.0,2026-09-20T20:22:06Z,CSV mean across outbound route options / 28.7 m/s; not selected GeoJSON path,facility_point; routes supplied separately,saved_le_60,1,,True,False,
nest2:13449,nest2,Kayonza,13449,Rugeyo HP,-1.857079,30.652162,health_post_or_dispensary_label,True,unverified,9d8639b4-5aea-4714-a49a-8938269b6301,osm-car:nest2:13449,62.333333333333336,13.370832139696347,48.96250119363699,78.54946715556736,29646.9,23024.57294455711,le_120,le_15,Ok,True,115.7817682,76.92843237,False,False,-1.94001024183,30.508297291830008,OSRM v26.9.0,2026-09-20T20:22:06Z,CSV mean across outbound route options / 28.7 m/s; not selected GeoJSON path,facility_point; routes supplied separately,saved_le_60,1,,True,True,
nest2:13450,nest2,Kayonza,13450,Rukara HP,-1.821163,30.479205,health_post_or_dispensary_label,True,unverified,bc1d0e8e-87cd-4f47-9897-521a18c5756d,osm-car:nest2:13450,35.13,9.084461049025018,26.045538950974986,74.14044677191855,18255.5,15643.441926421081,le_60,le_15,Ok,True,115.7817682,50.38855138,False,False,-1.94001024183,30.508297291830008,OSRM v26.9.0,2026-09-20T20:22:06Z,CSV mean across outbound route options / 28.7 m/s; not selected GeoJSON path,facility_point; routes supplied separately,saved_le_30,1,,True,False,
nest2:13451,nest2,Kayonza,13451,Rwimishinya HP,-1.779110495,30.460029151,health_post_or_dispensary_label,True,unverified,a572a5d0-e452-4442-96a6-6313cc34d0da,osm-car:nest2:13451,48.413333333333334,12.157841198885732,36.2554921344476,74.8874114592005,28121.6,20935.80254448123,le_60,le_15,Ok,True,115.7817682,111.5796973,False,False,-1.94001024183,30.508297291830008,OSRM v26.9.0,2026-09-20T20:22:06Z,CSV mean across outbound route options / 28.7 m/s; not selected GeoJSON path,facility_point; routes supplied separately,saved_le_60,1,,True,False,
nest2:13452,nest2,Kayonza,13452,Nkamba HP,-1.974147,30.483586,health_post_or_dispensary_label,True,unverified,425e477e-566c-46bd-9477-ea7b9bb74871,osm-car:nest2:13452,15.275,3.7977511596752787,11.477248840324721,75.13747194975268,9403.9,6539.72749696083,le_30,le_15,Ok,True,115.7817682,17.36900037,False,False,-1.94001024183,30.508297291830008,OSRM v26.9.0,2026-09-20T20:22:06Z,CSV mean across outbound route options / 28.7 m/s; not selected GeoJSON path,facility_point; routes supplied separately,saved_le_15,1,,True,False,
nest2:13453,nest2,Kayonza,13453,Bushenya HP 2nd Gen,-1.461693209,29.971649835,health_post_or_dispensary_label,True,unverified,65394f2a-e090-4dc5-a11d-17267fc4b5ae,osm-car:nest2:13453,152.23333333333332,47.231804194236695,105.00152913909662,68.97407212990801,118756.8,81333.16682247558,gt_120,le_60,Ok,True,115.7817682,40.00114511,False,False,-1.94001024183,30.508297291830008,OSRM v26.9.0,2026-09-20T20:22:06Z,CSV mean across outbound route options / 28.7 m/s; not selected GeoJSON path,facility_point; routes supplied separately,saved_gt_60,1,,True,False,
nest2:13457,nest2,Kayonza,13457,Rwasa HP,-1.510441286,29.930669829,health_post_or_dispensary_label,True,unverified,e0392b14-4844-4c53-bb87-d3e58e77e36a,osm-car:nest2:13457,156.18666666666667,49.42708899345816,106.7595776732085,68.35383579896396,116143.3,85113.44724673496,gt_120,le_60,Ok,True,115.7817682,26.46124424,False,False,-1.94001024183,30.508297291830008,OSRM v26.9.0,2026-09-20T20:22:06Z,CSV mean across outbound route options / 28.7 m/s; not selected GeoJSON path,facility_point; routes supplied separately,saved_gt_60,2,nest2:13174;nest2:13457,False,False,identical_coordinate_group
nest2:13461,nest2,Kayonza,13461,Gatobotobo HP,-1.761349782,30.223956469,health_post_or_dispensary_label,True,unverified,fe81eb47-9ffb-47da-9530-c9d12e8db73c,osm-car:nest2:13461,107.09666666666666,23.75915356550273,83.33751310116394,77.81522590292005,59084.4,40913.2624397957,le_120,le_30,Ok,True,115.7817682,20.43771457,False,False,-1.94001024183,30.508297291830008,OSRM v26.9.0,2026-09-20T20:22:06Z,CSV mean across outbound route options / 28.7 m/s; not selected GeoJSON path,facility_point; routes supplied separately,saved_gt_60,1,,True,True,
nest2:13462,nest2,Kayonza,13462,Gicumbi HP,-1.652053573,30.099277756,health_post_or_dispensary_label,True,unverified,b3980207-7823-4787-9798-8bffc0e9884d,osm-car:nest2:13462,121.76666666666667,34.8822384772011,86.88442818946557,71.35321230999088,85357.6,60067.2146577403,gt_120,le_60,Ok,True,115.7817682,31.40513794,False,False,-1.94001024183,30.508297291830008,OSRM v26.9.0,2026-09-20T20:22:06Z,CSV mean across outbound route options / 28.7 m/s; not selected GeoJSON path,facility_point; routes supplied separately,saved_gt_60,1,,True,False,
nest2:13464,nest2,Kayonza,13464,Mutandi HP,-1.669101,30.073326,health_post_or_dispensary_label,True,unverified,15371e9b-120e-490f-b122-df99142bc1a0,osm-car:nest2:13464,119.78833333333334,34.9905982864754,84.79773504685795,70.78964427269597,85208.1,60253.810249310634,le_120,le_60,Ok,True,115.7817682,28.87265612,False,False,-1.94001024183,30.508297291830008,OSRM v26.9.0,2026-09-20T20:22:06Z,CSV mean across outbound route options / 28.7 m/s; not selected GeoJSON path,facility_point; routes supplied separately,saved_gt_60,1,,True,False,
nest2:13465,nest2,Kayonza,13465,Kinishya HP,-1.586911,29.988032,health_post_or_dispensary_label,True,unverified,e3bb3a5f-0a83-42c7-939e-710a519e3abb,osm-car:nest2:13465,141.155,43.00952173931865,98.14547826068136,69.53028816597454,106428.7,74062.39643510671,gt_120,le_60,Ok,True,115.7817682,31.66398728,False,False,-1.94001024183,30.508297291830008,OSRM v26.9.0,2026-09-20T20:22:06Z,CSV mean across outbound route options / 28.7 m/s; not selected GeoJSON path,facility_point; routes supplied separately,saved_gt_60,1,,True,False,
nest2:13466,nest2,Kayonza,13466,Kabo HP,-1.51549862,30.123208962,health_post_or_dispensary_label,True,unverified,a01ae92f-7af9-4cee-bf87-47200ba1eb29,osm-car:nest2:13466,140.03833333333333,38.723419245688156,101.31491408764518,72.34798620923688,92614.8,66681.72794107499,gt_120,le_60,Ok,True,115.7817682,60.53765965,False,False,-1.94001024183,30.508297291830008,OSRM v26.9.0,2026-09-20T20:22:06Z,CSV mean across outbound route options / 28.7 m/s; not selected GeoJSON path,facility_point; routes supplied separately,saved_gt_60,1,,True,False,
nest2:13467,nest2,Kayonza,13467,Kigabiro (Gicumbi) HP,-1.757218,30.185438,health_post_or_dispensary_label,True,unverified,20e28548-6bd1-4dea-9a8f-07790c69c556,osm-car:nest2:13467,114.78333333333333,26.08500063709479,88.69833269623854,77.27457473173098,60438.4,44918.37109707723,le_120,le_30,Ok,True,115.7817682,17.41561796,False,False,-1.94001024183,30.508297291830008,OSRM v26.9.0,2026-09-20T20:22:06Z,CSV mean across outbound route options / 28.7 m/s; not selected GeoJSON path,facility_point; routes supplied separately,saved_gt_60,1,,True,True,
nest2:13499,nest2,Kayonza,13499,Kigoma HP,-1.549067,30.041125,health_post_or_dispensary_label,True,unverified,21d35751-5867-403f-b8ca-d3102b4e9ac3,osm-car:nest2:13499,132.88500000000002,41.437791486442315,91.44720851355771,68.81680288486864,95319.1,71355.87693965367,gt_120,le_60,Ok,True,115.7817682,40.92899432,False,False,-1.94001024183,30.508297291830008,OSRM v26.9.0,2026-09-20T20:22:06Z,CSV mean across outbound route options / 28.7 m/s; not selected GeoJSON path,facility_point; routes supplied separately,saved_gt_60,1,,True,False,
nest2:13500,nest2,Kayonza,13500,Mabare Rukomo HP,-1.59403,30.09267,health_post_or_dispensary_label,True,unverified,3eba6b4c-5aa6-4c4a-8e41-a1bdae128900,osm-car:nest2:13500,117.58500000000001,36.37056139072946,81.21443860927054,69.06870656059067,86845.6,62630.10671483614,le_120,le_60,Ok,True,115.7817682,674.9217199,True,False,-1.94001024183,30.508297291830008,OSRM v26.9.0,2026-09-20T20:22:06Z,CSV mean across outbound route options / 28.7 m/s; not selected GeoJSON path,facility_point; routes supplied separately,saved_gt_60,1,,False,False,endpoint_gap_over_250m
nest2:13506,nest2,Kayonza,13506,Bugambira HP,-2.02467007,30.496257543,health_post_or_dispensary_label,True,unverified,49216574-e595-401d-9005-aceeb4403c53,osm-car:nest2:13506,23.368333333333332,6.583941282057629,16.784392051275702,71.82537073507896,11690.4,11337.546887703238,le_30,le_15,Ok,True,115.7817682,2.904129284,False,False,-1.94001024183,30.508297291830008,OSRM v26.9.0,2026-09-20T20:22:06Z,CSV mean across outbound route options / 28.7 m/s; not selected GeoJSON path,facility_point; routes supplied separately,saved_le_30,1,,True,False,
nest2:13507,nest2,Kayonza,13507,Isangano HP,-1.92729366,30.59433314,health_post_or_dispensary_label,True,unverified,6ad8e284-4871-4d3a-99b6-9155bdfc3270,osm-car:nest2:13507,32.19833333333334,8.727375809365364,23.470957523967975,72.89494546498672,15477.4,15028.541143727158,le_60,le_15,Ok,True,115.7817682,19.40199862,False,False,-1.94001024183,30.508297291830008,OSRM v26.9.0,2026-09-20T20:22:06Z,CSV mean across outbound route options / 28.7 m/s; not selected GeoJSON path,facility_point; routes supplied separately,saved_le_30,1,,True,False,
nest2:13597,nest2,Kayonza,13597,Bukwashuli HP,-1.485177,29.904758,health_post_or_dispensary_label,True,unverified,8528dba2-c17d-47ef-acc8-3a631f869d08,osm-car:nest2:13597,165.71833333333333,50.13269601367712,115.58563731965621,69.74824993391772,123157.1,86328.502535552,gt_120,le_60,Ok,True,115.7817682,19.12841674,False,False,-1.94001024183,30.508297291830008,OSRM v26.9.0,2026-09-20T20:22:06Z,CSV mean across outbound route options / 28.7 m/s; not selected GeoJSON path,facility_point; routes supplied separately,saved_gt_60,1,,True,False,
nest2:13599,nest2,Kayonza,13599,Kabuga HP,-1.506351935,30.027348616,health_post_or_dispensary_label,True,unverified,0a156d32-5b07-44cd-93fd-2cad00d12586,osm-car:nest2:13599,127.69833333333332,44.60950272266268,83.08883061067064,65.06649573395946,100510.5,76817.56368842514,gt_120,le_60,Ok,True,115.7817682,112.6355841,False,False,-1.94001024183,30.508297291830008,OSRM v26.9.0,2026-09-20T20:22:06Z,CSV mean across outbound route options / 28.7 m/s; not selected GeoJSON path,facility_point; routes supplied separately,saved_gt_60,1,,True,False,
nest2:13601,nest2,Kayonza,13601,Nyamiyaga HP,-1.486495704,29.986163885,health_post_or_dispensary_label,True,unverified,e7bb886c-5f82-4418-a652-53feb741a93f,osm-car:nest2:13601,149.64166666666668,45.80127466811555,103.84039199855113,69.39269944771473,120176.4,78869.79497849499,gt_120,le_60,Ok,True,115.7817682,41.38510704,False,False,-1.94001024183,30.508297291830008,OSRM v26.9.0,2026-09-20T20:22:06Z,CSV mean across outbound route options / 28.7 m/s; not selected GeoJSON path,facility_point; routes supplied separately,saved_gt_60,1,,True,False,
nest2:13642,nest2,Kayonza,13642,Gishuro HP,-1.299811,30.191715,health_post_or_dispensary_label,True,unverified,7222bff0-45da-4fcb-bc98-785ad33e27f0,osm-car:nest2:13642,168.01833333333335,47.295849046889586,120.72248428644376,71.85078074006432,124831.6,81443.45205874387,gt_120,le_60,Ok,True,115.7817682,117.5199171,False,False,-1.94001024183,30.508297291830008,OSRM v26.9.0,2026-09-20T20:22:06Z,CSV mean across outbound route options / 28.7 m/s; not selected GeoJSON path,facility_point; routes supplied separately,saved_gt_60,1,,True,False,
nest2:13643,nest2,Kayonza,13643,Nyabitekeri Kabeza SGHP,-1.293407763,30.259407765,health_post_or_dispensary_label,True,unverified,670398cd-d5f1-4df2-a28c-5703cd272482,osm-car:nest2:13643,155.30499999999998,45.91702262968864,109.38797737031135,70.43429211571511,116355.3,79069.11296832384,gt_120,le_60,Ok,True,115.7817682,28.3530148,False,False,-1.94001024183,30.508297291830008,OSRM v26.9.0,2026-09-20T20:22:06Z,CSV mean across outbound route options / 28.7 m/s; not selected GeoJSON path,facility_point; routes supplied separately,saved_gt_60,1,,True,False,
nest2:13644,nest2,Kayonza,13644,Nyagatoma HP,-1.317198638,30.213230979,health_post_or_dispensary_label,True,unverified,23ff89a4-2e0d-4bc1-9f0c-5fbc813a5b5d,osm-car:nest2:13644,168.02833333333334,45.66518027367575,122.36315305965758,72.82292850986892,109590.6,78635.44043126964,gt_120,le_60,Ok,True,115.7817682,40.93815535,False,False,-1.94001024183,30.508297291830008,OSRM v26.9.0,2026-09-20T20:22:06Z,CSV mean across outbound route options / 28.7 m/s; not selected GeoJSON path,facility_point; routes supplied separately,saved_gt_60,1,,True,False,
nest2:13781,nest2,Kayonza,13781,Cyanya Rugwiro HP,-1.961431406,30.435828041,health_post_or_dispensary_label,True,unverified,ac2fdaea-854b-4e6c-8479-42b553baef7b,osm-car:nest2:13781,22.65,8.69676623177008,13.953233768229918,61.60368109593783,10412.0,14975.831451108079,le_30,le_15,Ok,True,115.7817682,34.57436714,False,False,-1.94001024183,30.508297291830008,OSRM v26.9.0,2026-09-20T20:22:06Z,CSV mean across outbound route options / 28.7 m/s; not selected GeoJSON path,facility_point; routes supplied separately,saved_le_15,1,,True,False,
nest2:13782,nest2,Kayonza,13782,Mabare HP,-2.06310443,30.41918924,health_post_or_dispensary_label,True,unverified,4672932d-f87c-4ad0-ac6b-cf7d58be9dd5,osm-car:nest2:13782,45.33833333333334,10.847097369988575,34.491235963344764,76.07521809361782,23088.1,18678.701671120325,le_60,le_15,Ok,True,115.7817682,43.74877447,False,False,-1.94001024183,30.508297291830008,OSRM v26.9.0,2026-09-20T20:22:06Z,CSV mean across outbound route options / 28.7 m/s; not selected GeoJSON path,facility_point; routes supplied separately,saved_le_60,1,,True,False,
nest2:13788,nest2,Kayonza,13788,Nyabisindu HP,-1.893655,30.340073,health_post_or_dispensary_label,True,unverified,a5ac5ba5-ee3d-42df-9887-959993030ad6,osm-car:nest2:13788,48.025,12.227188393311774,35.79781160668823,74.53995128930397,28909.3,21055.218413282877,le_60,le_15,Ok,True,115.7817682,24.38893222,False,False,-1.94001024183,30.508297291830008,OSRM v26.9.0,2026-09-20T20:22:06Z,CSV mean across outbound route options / 28.7 m/s; not selected GeoJSON path,facility_point; routes supplied separately,saved_le_60,1,,True,False,
nest2:14033,nest2,Kayonza,14033,Ruyonza HP,-1.991376517,30.517818678,health_post_or_dispensary_label,True,unverified,6dbddc7b-81be-4f5f-a5df-a5433d9faae7,osm-car:nest2:14033,12.8,5.462821863341762,7.337178136658239,57.321704192642486,6793.9,9406.979248674514,le_15,le_15,Ok,True,115.7817682,30.54060359,False,False,-1.94001024183,30.508297291830008,OSRM v26.9.0,2026-09-20T20:22:06Z,CSV mean across outbound route options / 28.7 m/s; not selected GeoJSON path,facility_point; routes supplied separately,saved_le_15,1,,True,False,
nest2:14038,nest2,Kayonza,14038,Gakoni HP,-1.822734051,30.415181521,health_post_or_dispensary_label,True,unverified,a7765922-5d4e-44eb-a73c-b2e148716bf9,osm-car:nest2:14038,54.67833333333333,11.031149953468985,43.647183379864344,79.82537271898866,26219.5,18995.64021987359,le_60,le_15,Ok,True,115.7817682,38.52737967,False,False,-1.94001024183,30.508297291830008,OSRM v26.9.0,2026-09-20T20:22:06Z,CSV mean across outbound route options / 28.7 m/s; not selected GeoJSON path,facility_point; routes supplied separately,saved_le_60,1,,True,False,
nest2:14039,nest2,Kayonza,14039,Murambi HP,-1.776613933,30.349813683,health_post_or_dispensary_label,True,unverified,f12b068c-5167-4579-a2d7-1ab2b8fcd617,osm-car:nest2:14039,67.88000000000001,15.929196118153563,51.95080388184645,76.53329976701008,33842.5,27430.075715460436,le_120,le_30,Ok,True,115.7817682,28.76628339,False,False,-1.94001024183,30.508297291830008,OSRM v26.9.0,2026-09-20T20:22:06Z,CSV mean across outbound route options / 28.7 m/s; not selected GeoJSON path,facility_point; routes supplied separately,saved_le_60,1,,True,True,
nest2:14040,nest2,Kayonza,14040,Mayange HP,-1.543042,30.221352,health_post_or_dispensary_label,True,unverified,52650666-8c4a-4563-8839-697288d0a8cf,osm-car:nest2:14040,118.32,33.46157986546289,84.85842013453711,71.71942202039986,74051.0,57620.84052832709,le_120,le_60,Ok,True,115.7817682,166.1183013,False,False,-1.94001024183,30.508297291830008,OSRM v26.9.0,2026-09-20T20:22:06Z,CSV mean across outbound route options / 28.7 m/s; not selected GeoJSON path,facility_point; routes supplied separately,saved_gt_60,1,,True,False,
nest2:14041,nest2,Kayonza,14041,Rwarenga HP,-1.756213,30.346309,health_post_or_dispensary_label,True,unverified,c86d445d-cbcf-4942-8bc5-9fa2458dff1d,osm-car:nest2:14041,68.23,17.4061597945157,50.8238402054843,74.48899341269866,37417.8,29973.407166156034,le_120,le_30,Ok,True,115.7817682,24.65918193,False,False,-1.94001024183,30.508297291830008,OSRM v26.9.0,2026-09-20T20:22:06Z,CSV mean across outbound route options / 28.7 m/s; not selected GeoJSON path,facility_point; routes supplied separately,saved_le_60,1,,True,True,
nest2:14042,nest2,Kayonza,14042,Nyagasiga HP,-1.711985,30.37046,health_post_or_dispensary_label,True,unverified,4c24e992-acfb-4b23-abb1-38d8c5239358,osm-car:nest2:14042,68.52666666666667,18.654795102249693,49.87187156441698,72.77732011540564,37759.0,32123.557166073973,le_120,le_30,Ok,True,115.7817682,88.57157712,False,False,-1.94001024183,30.508297291830008,OSRM v26.9.0,2026-09-20T20:22:06Z,CSV mean across outbound route options / 28.7 m/s; not selected GeoJSON path,facility_point; routes supplied separately,saved_le_60,1,,True,True,
nest2:14043,nest2,Kayonza,14043,Kanyangese HP,-1.68231,30.430183,health_post_or_dispensary_label,True,unverified,405c11b8-a5de-40e0-b48d-114dfa5bbe0c,osm-car:nest2:14043,88.40333333333334,18.6836498053721,69.71968352796124,78.8654464703004,42591.0,32173.24496485075,le_120,le_30,Ok,True,115.7817682,18.12275473,False,False,-1.94001024183,30.508297291830008,OSRM v26.9.0,2026-09-20T20:22:06Z,CSV mean across outbound route options / 28.7 m/s; not selected GeoJSON path,facility_point; routes supplied separately,saved_gt_60,1,,True,True,
nest2:14044,nest2,Kayonza,14044,Rwikiniro HP,-1.658511698,30.458734683,health_post_or_dispensary_label,True,unverified,aacf7ba8-a99a-4957-84fd-8acc9ec3857a,osm-car:nest2:14044,95.02333333333333,19.68734077711567,75.33599255621766,79.28157212917985,53138.0,33901.60081819318,le_120,le_30,Ok,True,115.7817682,17.67016059,False,False,-1.94001024183,30.508297291830008,OSRM v26.9.0,2026-09-20T20:22:06Z,CSV mean across outbound route options / 28.7 m/s; not selected GeoJSON path,facility_point; routes supplied separately,saved_gt_60,1,,True,True,
nest2:14045,nest2,Kayonza,14045,Rurama Ngarama HP,-1.503490397,30.243478058,health_post_or_dispensary_label,True,unverified,be3eacf0-0a39-4bcc-8f95-b94d65a212d9,osm-car:nest2:14045,116.90833333333333,35.602653004441926,81.30568032889141,69.54652248533017,79351.4,61307.768473649005,le_120,le_60,Ok,True,115.7817682,42.47927729,False,False,-1.94001024183,30.508297291830008,OSRM v26.9.0,2026-09-20T20:22:06Z,CSV mean across outbound route options / 28.7 m/s; not selected GeoJSON path,facility_point; routes supplied separately,saved_gt_60,1,,True,False,
nest2:14050,nest2,Kayonza,14050,Kazo HC,-2.208632,30.50634,health_center_or_clinic_label,True,unverified,89698416-b063-4428-8cd3-dc9ee842f6b0,osm-car:nest2:14050,66.08166666666666,18.343282331075486,47.73838433559118,72.24149562751825,37406.2,31587.132174111986,le_120,le_30,Ok,True,115.7817682,52.49788382,False,False,-1.94001024183,30.508297291830008,OSRM v26.9.0,2026-09-20T20:22:06Z,CSV mean across outbound route options / 28.7 m/s; not selected GeoJSON path,facility_point; routes supplied separately,saved_le_60,1,,True,True,
nest2:14051,nest2,Kayonza,14051,Sakara HP,-2.210823774,30.54782715,health_post_or_dispensary_label,True,unverified,1b296885-a101-4bdb-ba61-2153b15e5d76,osm-car:nest2:14051,74.62833333333333,20.079527132016246,54.548806201317085,73.09396279516325,36954.9,34576.94572133197,le_120,le_30,Ok,True,115.7817682,25.84043471,False,False,-1.94001024183,30.508297291830008,OSRM v26.9.0,2026-09-20T20:22:06Z,CSV mean across outbound route options / 28.7 m/s; not selected GeoJSON path,facility_point; routes supplied separately,saved_le_60,1,,True,True,
nest2:14053,nest2,Kayonza,14053,Akagarama HP,-2.126982,30.502027,health_post_or_dispensary_label,True,unverified,100f5dfb-3c31-4ef5-bc37-f69623625440,osm-car:nest2:14053,59.13166666666667,13.080097131015215,46.05156953565145,77.879708338428,26474.5,22523.9272596082,le_60,le_15,Ok,True,115.7817682,62.6863157,False,False,-1.94001024183,30.508297291830008,OSRM v26.9.0,2026-09-20T20:22:06Z,CSV mean across outbound route options / 28.7 m/s; not selected GeoJSON path,facility_point; routes supplied separately,saved_le_60,1,,True,False,
nest2:14055,nest2,Kayonza,14055,Nyabikiri HP,-1.5892,30.456831,health_post_or_dispensary_label,True,unverified,a58c197f-a5b5-4559-b6a3-bb6fd1cc78f7,osm-car:nest2:14055,111.31666666666666,24.290880489403786,87.02578617726287,78.17857719173189,60822.0,41828.89620275332,le_120,le_30,Ok,True,115.7817682,54.67743831,False,False,-1.94001024183,30.508297291830008,OSRM v26.9.0,2026-09-20T20:22:06Z,CSV mean across outbound route options / 28.7 m/s; not selected GeoJSON path,facility_point; routes supplied separately,saved_gt_60,1,,True,True,
nest2:14056,nest2,Kayonza,14056,Matunguru HP,-1.690438,30.446139,health_post_or_dispensary_label,True,unverified,e9c872fa-fa30-4b19-8a9d-a3a065751ba9,osm-car:nest2:14056,81.295,17.710698257332385,63.58430174266762,78.2142834647489,40993.5,30497.822399126366,le_120,le_30,Ok,True,115.7817682,35.22260168,False,False,-1.94001024183,30.508297291830008,OSRM v26.9.0,2026-09-20T20:22:06Z,CSV mean across outbound route options / 28.7 m/s; not selected GeoJSON path,facility_point; routes supplied separately,saved_gt_60,1,,True,True,
nest2:14057,nest2,Kayonza,14057,Nyamatete HP,-1.624225106,30.441062391,health_post_or_dispensary_label,True,unverified,58ae5681-d768-4429-94aa-4297621b023c,osm-car:nest2:14057,95.28999999999999,21.989680407335392,73.30031959266461,76.92341231258749,54193.3,37866.22966143154,le_120,le_30,Ok,True,115.7817682,84.10837134,False,False,-1.94001024183,30.508297291830008,OSRM v26.9.0,2026-09-20T20:22:06Z,CSV mean across outbound route options / 28.7 m/s; not selected GeoJSON path,facility_point; routes supplied separately,saved_gt_60,1,,True,True,
nest2:14058,nest2,Kayonza,14058,Cyoto HP,-1.664387,30.367035,health_post_or_dispensary_label,True,unverified,c86d03e3-42e0-4dd0-9c67-db792026bb8e,osm-car:nest2:14058,88.10166666666667,21.969526697471355,66.13213996919532,75.06343803847295,46237.6,37831.52497304568,le_120,le_30,Ok,True,115.7817682,6.272670804,False,False,-1.94001024183,30.508297291830008,OSRM v26.9.0,2026-09-20T20:22:06Z,CSV mean across outbound route options / 28.7 m/s; not selected GeoJSON path,facility_point; routes supplied separately,saved_gt_60,1,,True,True,
nest2:14059,nest2,Kayonza,14059,Ihanika HP,-2.260260473,30.364225912,health_post_or_dispensary_label,True,unverified,cdfc568c-cf67-4854-a386-b829029808d7,osm-car:nest2:14059,99.11,23.833839423439727,75.27616057656027,75.95213457427128,61099.0,41041.87148716321,le_120,le_30,Ok,True,115.7817682,7.779723974,False,False,-1.94001024183,30.508297291830008,OSRM v26.9.0,2026-09-20T20:22:06Z,CSV mean across outbound route options / 28.7 m/s; not selected GeoJSON path,facility_point; routes supplied separately,saved_gt_60,1,,True,True,
nest2:14936,nest2,Kayonza,14936,Nkanga Health Post,-2.218330887,30.420466813,health_post_or_dispensary_label,True,unverified,8375cf40-86ed-4714-b8e3-03b427732b87,osm-car:nest2:14936,75.86333333333333,19.871970324534924,55.9913630087984,73.8055666006394,46370.9,34219.53289884914,le_120,le_30,Ok,True,115.7817682,55.58123261,False,False,-1.94001024183,30.508297291830008,OSRM v26.9.0,2026-09-20T20:22:06Z,CSV mean across outbound route options / 28.7 m/s; not selected GeoJSON path,facility_point; routes supplied separately,saved_le_60,1,,True,True,
nest2:16027,nest2,Kayonza,16027,Akagera Rhino Lodge,-1.954561,30.684469,other_destination_label,False,unverified,96527ade-b3bd-43aa-b361-cb7cb5d6f1df,osm-car:nest2:16027,62.531666666666666,14.368565018101293,48.16310164856537,77.02193818902215,34116.1,24742.668961170428,le_120,le_15,Ok,True,115.7817682,108.6308483,False,False,-1.94001024183,30.508297291830008,OSRM v26.9.0,2026-09-20T20:22:06Z,CSV mean across outbound route options / 28.7 m/s; not selected GeoJSON path,facility_point; routes supplied separately,saved_le_60,1,,True,True,outside_healthcare_name_screen
nest2:16052,nest2,Kayonza,16052,TEST DAA Bad Weather Data Collection Site 1 CW,-1.941055834,30.505471033,operational_or_test_label,False,unverified,54832eb0-72a4-406e-9059-96258e9447e0,osm-car:nest2:16052,0.7183333333333334,4.430489111028413,-3.7121557776950795,-516.7734261292454,299.7,7629.302249190927,le_15,le_15,Ok,True,115.7817682,19.64361819,False,False,-1.94001024183,30.508297291830008,OSRM v26.9.0,2026-09-20T20:22:06Z,CSV mean across outbound route options / 28.7 m/s; not selected GeoJSON path,facility_point; routes supplied separately,drone_slower,2,nest2:16052;nest2:16076,False,False,identical_coordinate_group;outside_healthcare_name_screen;drone_slower_in_model
nest2:16062,nest2,Kayonza,16062,Nyamiyaga(Gicumbi) HC,-1.685226476,30.144704769,health_center_or_clinic_label,True,unverified,255becdd-8978-4167-9626-2aa5d0334892,osm-car:nest2:16062,118.15,30.15498761603742,87.99501238396259,74.47736977059888,79202.1,51926.88867481644,le_120,le_60,Ok,True,115.7817682,69.04447935,False,False,-1.94001024183,30.508297291830008,OSRM v26.9.0,2026-09-20T20:22:06Z,CSV mean across outbound route options / 28.7 m/s; not selected GeoJSON path,facility_point; routes supplied separately,saved_gt_60,1,,True,False,
nest2:16076,nest2,Kayonza,16076,TEST DAA Bad Weather Data Collection Site 1 CCW,-1.941055834,30.505471033,operational_or_test_label,False,unverified,cd8ad39c-834b-4620-b3a3-49ef42ef0684,osm-car:nest2:16076,0.7183333333333334,4.3667506341392714,-3.648417300805938,-507.9003202978104,299.7,7519.544591987826,le_15,le_15,Ok,True,115.7817682,19.64361819,False,False,-1.94001024183,30.508297291830008,OSRM v26.9.0,2026-09-20T20:22:06Z,CSV mean across outbound route options / 28.7 m/s; not selected GeoJSON path,facility_point; routes supplied separately,drone_slower,2,nest2:16052;nest2:16076,False,False,identical_coordinate_group;outside_healthcare_name_screen;drone_slower_in_model
nest2:16244,nest2,Kayonza,16244,Rushaki HC,-1.45480061,30.09188769,health_center_or_clinic_label,True,unverified,a8e4fabb-dc73-427d-b284-dab62b673cb8,osm-car:nest2:16244,149.325,42.61892011079692,106.70607988920307,71.45895187624515,115779.4,73389.78043079229,gt_120,le_60,Ok,True,115.7817682,44.05688215,False,False,-1.94001024183,30.508297291830008,OSRM v26.9.0,2026-09-20T20:22:06Z,CSV mean across outbound route options / 28.7 m/s; not selected GeoJSON path,facility_point; routes supplied separately,saved_gt_60,1,,True,False,
nest2:16418,nest2,Kayonza,16418,Mwulire HC,-1.953550687,30.363619394,health_center_or_clinic_label,True,unverified,1f82f29f-b698-46fb-9850-95fdcabbb27e,osm-car:nest2:16418,33.626666666666665,10.559152629886333,23.06751403678033,68.59887203642049,18049.0,18182.860828664263,le_60,le_15,Ok,True,115.7817682,73.47627278,False,False,-1.94001024183,30.508297291830008,OSRM v26.9.0,2026-09-20T20:22:06Z,CSV mean across outbound route options / 28.7 m/s; not selected GeoJSON path,facility_point; routes supplied separately,saved_le_30,1,,True,False,
nest2:16951,nest2,Kayonza,16951,Gakagati SGHP,-1.202788118,30.484125538,health_post_or_dispensary_label,True,unverified,dd8c97b3-df39-4a13-996e-2025f5967c27,osm-car:nest2:16951,185.45,54.7626165251252,130.6873834748748,70.47041438386347,108318.6,94301.2256562656,gt_120,le_60,Ok,True,115.7817682,85.70368213,False,False,-1.94001024183,30.508297291830008,OSRM v26.9.0,2026-09-20T20:22:06Z,CSV mean across outbound route options / 28.7 m/s; not selected GeoJSON path,facility_point; routes supplied separately,saved_gt_60,1,,True,False,
nest2:16952,nest2,Kayonza,16952,Budahanda HP,-1.86678254,30.33164929,health_post_or_dispensary_label,True,unverified,2332afe4-f1c3-4da1-98df-1fd03e79081a,osm-car:nest2:16952,60.30833333333333,13.313075042131583,46.99525829120175,77.92498265778929,32677.6,22925.115222550587,le_120,le_15,Ok,True,115.7817682,238.9533145,False,False,-1.94001024183,30.508297291830008,OSRM v26.9.0,2026-09-20T20:22:06Z,CSV mean across outbound route options / 28.7 m/s; not selected GeoJSON path,facility_point; routes supplied separately,saved_le_60,1,,True,True,
nest2:16953,nest2,Kayonza,16953,Ndego SGHP,-1.361934444,30.16102216,health_post_or_dispensary_label,True,unverified,ddce6390-b67e-40b1-a3fd-b908281dd421,osm-car:nest2:16953,164.2133333333333,44.75870072910299,119.45463260423031,72.74356483693792,104218.8,77074.48265551534,gt_120,le_60,Ok,True,115.7817682,72.35513282,False,False,-1.94001024183,30.508297291830008,OSRM v26.9.0,2026-09-20T20:22:06Z,CSV mean across outbound route options / 28.7 m/s; not selected GeoJSON path,facility_point; routes supplied separately,saved_gt_60,1,,True,False,
nest2:16954,nest2,Kayonza,16954,Nsinda HP,-1.905379137,30.440758827,health_post_or_dispensary_label,True,unverified,d7e5a5bf-611a-461a-a4d6-820b54732962,osm-car:nest2:16954,24.396666666666665,5.805217388761928,18.591449277904736,76.20487475572375,11931.3,9996.58434344804,le_30,le_15,Ok,True,115.7817682,25.86913952,False,False,-1.94001024183,30.508297291830008,OSRM v26.9.0,2026-09-20T20:22:06Z,CSV mean across outbound route options / 28.7 m/s; not selected GeoJSON path,facility_point; routes supplied separately,saved_le_30,1,,True,False,
nest2:17190,nest2,Kayonza,17190,Nyarwambu SGHP,-1.426937146,30.023469261,health_post_or_dispensary_label,True,unverified,eadfc0f3-2dc7-4f28-94a3-1131ddd5816e,osm-car:nest2:17190,139.97833333333335,47.244640667348726,92.73369266598462,66.24860466452041,111386.9,81355.27122917451,gt_120,le_60,Ok,True,115.7817682,83.71067114,False,False,-1.94001024183,30.508297291830008,OSRM v26.9.0,2026-09-20T20:22:06Z,CSV mean across outbound route options / 28.7 m/s; not selected GeoJSON path,facility_point; routes supplied separately,saved_gt_60,1,,True,False,
nest2:17191,nest2,Kayonza,17191,Gihengeri SGHP,-1.513262324,30.182025939,health_post_or_dispensary_label,True,unverified,c7158f76-27f9-467f-a377-d649af104342,osm-car:nest2:17191,134.90333333333334,37.70029076543764,97.2030425678957,72.0538478672845,87885.1,64919.90069808361,gt_120,le_60,Ok,True,115.7817682,29.83573929,False,False,-1.94001024183,30.508297291830008,OSRM v26.9.0,2026-09-20T20:22:06Z,CSV mean across outbound route options / 28.7 m/s; not selected GeoJSON path,facility_point; routes supplied separately,saved_gt_60,1,,True,False,
nest2:17193,nest2,Kayonza,17193,Karembo HP,-2.125362557,30.447052017,health_post_or_dispensary_label,True,unverified,43716a95-e758-46b5-86ab-07b3332693ed,osm-car:nest2:17193,53.76,15.132069482790737,38.627930517209265,71.85254932516605,31700.9,26057.423649365646,le_60,le_30,Ok,True,115.7817682,9.092443684,False,False,-1.94001024183,30.508297291830008,OSRM v26.9.0,2026-09-20T20:22:06Z,CSV mean across outbound route options / 28.7 m/s; not selected GeoJSON path,facility_point; routes supplied separately,saved_le_60,1,,True,False,
nest2:17198,nest2,Kayonza,17198,Kigobe HP,-1.744768,30.530342,health_post_or_dispensary_label,True,unverified,72d5d32d-dbed-437f-8480-0b115ff51aff,osm-car:nest2:17198,45.916666666666664,14.673419714985625,31.243246951681037,68.04336904177359,27611.5,25267.628749205247,le_60,le_15,Ok,True,115.7817682,62.96255078,False,False,-1.94001024183,30.508297291830008,OSRM v26.9.0,2026-09-20T20:22:06Z,CSV mean across outbound route options / 28.7 m/s; not selected GeoJSON path,facility_point; routes supplied separately,saved_le_60,1,,True,False,
nest2:17211,nest2,Kayonza,17211,Kibare HP,-2.296357145,30.452651931,health_post_or_dispensary_label,True,unverified,7541241f-caa2-45cc-9226-22954ce089c7,osm-car:nest2:17211,91.605,25.51030105071946,66.09469894928054,72.15184645956064,50812.1,43928.738409338905,le_120,le_30,Ok,True,115.7817682,40.06293493,False,False,-1.94001024183,30.508297291830008,OSRM v26.9.0,2026-09-20T20:22:06Z,CSV mean across outbound route options / 28.7 m/s; not selected GeoJSON path,facility_point; routes supplied separately,saved_gt_60,1,,True,True,
nest2:17277,nest2,Kayonza,17277,Nyamicucu HP,-1.380793928,29.871738503,health_post_or_dispensary_label,True,unverified,9dd30172-5e89-43eb-b1e6-febe824d459b,osm-car:nest2:17277,191.675,58.347545867624156,133.32745413237586,69.5591256722973,136723.7,100474.47398404879,gt_120,le_60,Ok,True,115.7817682,13.65801928,False,False,-1.94001024183,30.508297291830008,OSRM v26.9.0,2026-09-20T20:22:06Z,CSV mean across outbound route options / 28.7 m/s; not selected GeoJSON path,facility_point; routes supplied separately,saved_gt_60,1,,True,False,
nest2:17381,nest2,Kayonza,17381,Kamutora HP,-1.479251396,30.122056156,health_post_or_dispensary_label,True,unverified,86722bd3-f614-440f-874b-2e65caf5566f,osm-car:nest2:17381,150.62166666666664,39.850794988216734,110.77087167844991,73.5424551658902,97029.0,68623.06896970922,gt_120,le_60,Ok,True,115.7817682,28.06459117,False,False,-1.94001024183,30.508297291830008,OSRM v26.9.0,2026-09-20T20:22:06Z,CSV mean across outbound route options / 28.7 m/s; not selected GeoJSON path,facility_point; routes supplied separately,saved_gt_60,1,,True,False,
nest2:17383,nest2,Kayonza,17383,Mareba HP,-2.217064503,30.723083744,health_post_or_dispensary_label,True,unverified,5820547a-6b37-47c9-baf5-a63c137aeb55,osm-car:nest2:17383,113.77833333333334,24.517101001230976,89.26123233210237,78.45187191360603,63823.6,42218.44792411974,le_120,le_30,Ok,True,115.7817682,58.84810735,False,False,-1.94001024183,30.508297291830008,OSRM v26.9.0,2026-09-20T20:22:06Z,CSV mean across outbound route options / 28.7 m/s; not selected GeoJSON path,facility_point; routes supplied separately,saved_gt_60,1,,True,True,
nest2:17892,nest2,Kayonza,17892,Nyabisindu( Gatsibo) HP,-1.829759891,30.387860946,health_post_or_dispensary_label,True,unverified,ec5f2b45-ad00-418c-b805-58f7bd629529,osm-car:nest2:17892,56.711666666666666,11.48596928002907,45.2256973866376,79.74672592935775,30301.9,19778.839100210054,le_60,le_15,Ok,True,115.7817682,50.52143449,False,False,-1.94001024183,30.508297291830008,OSRM v26.9.0,2026-09-20T20:22:06Z,CSV mean across outbound route options / 28.7 m/s; not selected GeoJSON path,facility_point; routes supplied separately,saved_le_60,1,,True,False,
nest2:18278,nest2,Kayonza,18278,Karubungo HP,-1.616609334,30.316543793,health_post_or_dispensary_label,True,unverified,3cb31063-7256-4f0e-9db2-f7e724cf555a,osm-car:nest2:18278,102.99333333333334,26.5355585929721,76.45777474036123,74.23565415919596,59103.5,45694.231897097954,le_120,le_30,Ok,True,115.7817682,11.7378105,False,False,-1.94001024183,30.508297291830008,OSRM v26.9.0,2026-09-20T20:22:06Z,CSV mean across outbound route options / 28.7 m/s; not selected GeoJSON path,facility_point; routes supplied separately,saved_gt_60,1,,True,True,
nest2:18279,nest2,Kayonza,18279,Rubona (Gatsibo) HP,-1.778874305,30.434359748,health_post_or_dispensary_label,True,unverified,6d6d3670-5bf9-4e18-882c-d64b6dc08f6b,osm-car:nest2:18279,54.266666666666666,12.805477782781065,41.4611888838856,76.4026822184624,25539.3,22051.032741948995,le_60,le_15,Ok,True,115.7817682,30.16446209,False,False,-1.94001024183,30.508297291830008,OSRM v26.9.0,2026-09-20T20:22:06Z,CSV mean across outbound route options / 28.7 m/s; not selected GeoJSON path,facility_point; routes supplied separately,saved_le_60,1,,True,False,
nest2:18405,nest2,Kayonza,18405,Matare-Gatsibo-Rugarama HP,-1.684041518,30.389809127,health_post_or_dispensary_label,True,unverified,a8632080-16de-47eb-af8f-efbffdd3e9c5,osm-car:nest2:18405,75.42,21.904308165274536,53.515691834725466,70.9568971555628,42387.3,37719.21866060275,le_120,le_30,Ok,True,115.7817682,37.41361147,False,False,-1.94001024183,30.508297291830008,OSRM v26.9.0,2026-09-20T20:22:06Z,CSV mean across outbound route options / 28.7 m/s; not selected GeoJSON path,facility_point; routes supplied separately,saved_le_60,1,,True,True,
nest2:19122,nest2,Kayonza,19122,ST PATERNE NKUNGU HP,-2.046998315,30.443147288,health_post_or_dispensary_label,True,unverified,ee7286db-f4e1-44b4-82c8-03aa5b9194c1,osm-car:nest2:19122,39.74,9.246752871529278,30.493247128470724,76.73187500873358,23363.6,15922.908444773417,le_60,le_15,Ok,True,115.7817682,21.74140858,False,False,-1.94001024183,30.508297291830008,OSRM v26.9.0,2026-09-20T20:22:06Z,CSV mean across outbound route options / 28.7 m/s; not selected GeoJSON path,facility_point; routes supplied separately,saved_le_60,1,,True,False,
nest2:19214,nest2,Kayonza,19214,RUSHENYI HP,-2.061462623,30.683450342,health_post_or_dispensary_label,True,unverified,af7ae0ec-7346-4f0b-9344-7351ef1ca342,osm-car:nest2:19214,72.30833333333334,17.835424746435834,54.4729085868975,75.3342057211905,34834.0,30712.601413362507,le_120,le_30,Ok,True,115.7817682,52.24300274,False,False,-1.94001024183,30.508297291830008,OSRM v26.9.0,2026-09-20T20:22:06Z,CSV mean across outbound route options / 28.7 m/s; not selected GeoJSON path,facility_point; routes supplied separately,saved_le_60,1,,True,True,
nest2:19215,nest2,Kayonza,19215,RUSERA HP,-1.987824058,30.555555158,health_post_or_dispensary_label,True,unverified,4ba1d9a7-87ac-4c33-ad77-f90f22151512,osm-car:nest2:19215,16.261666666666667,6.179983874292897,10.081682792373769,61.99661448625871,8472.6,10641.932231532368,le_30,le_15,Ok,True,115.7817682,60.62153692,False,False,-1.94001024183,30.508297291830008,OSRM v26.9.0,2026-09-20T20:22:06Z,CSV mean across outbound route options / 28.7 m/s; not selected GeoJSON path,facility_point; routes supplied separately,saved_le_15,1,,True,False,
nest2:19217,nest2,Kayonza,19217,MWIRI HP,-1.893575895,30.606685402,health_post_or_dispensary_label,True,unverified,aa1a49ca-91b2-41ef-b6eb-45b3dc94997d,osm-car:nest2:19217,43.48833333333334,9.539243214090762,33.94909011924258,78.0648222571017,19611.1,16426.57681466429,le_60,le_15,Ok,True,115.7817682,33.29786876,False,False,-1.94001024183,30.508297291830008,OSRM v26.9.0,2026-09-20T20:22:06Z,CSV mean across outbound route options / 28.7 m/s; not selected GeoJSON path,facility_point; routes supplied separately,saved_le_60,1,,True,False,
nest2:19218,nest2,Kayonza,19218,RUBIMBA HP,-2.084581041,30.65141895,health_post_or_dispensary_label,True,unverified,3d43131d-b9a2-463a-af81-c15b1e4e16f7,osm-car:nest2:19218,76.46333333333334,16.221677348336524,60.24165598499681,78.78502461092046,35402.2,27933.728393835492,le_120,le_30,Ok,True,115.7817682,4.820547232,False,False,-1.94001024183,30.508297291830008,OSRM v26.9.0,2026-09-20T20:22:06Z,CSV mean across outbound route options / 28.7 m/s; not selected GeoJSON path,facility_point; routes supplied separately,saved_gt_60,1,,True,True,
nest2:19220,nest2,Kayonza,19220,Nyagitabire HP,-1.517212479,30.21842934,health_post_or_dispensary_label,True,unverified,9b438609-fdce-4b86-8eef-abbfd015df34,osm-car:nest2:19220,124.0,34.30145912396298,89.69854087603701,72.33753296454599,79846.6,59067.11261146424,gt_120,le_60,Ok,True,115.7817682,66.44163199,False,False,-1.94001024183,30.508297291830008,OSRM v26.9.0,2026-09-20T20:22:06Z,CSV mean across outbound route options / 28.7 m/s; not selected GeoJSON path,facility_point; routes supplied separately,saved_gt_60,1,,True,False,
nest2:19222,nest2,Kayonza,19222,Gikagati HP,-1.379738874,30.185960773,health_post_or_dispensary_label,True,unverified,2be59bdd-c248-4b3b-8c72-a3d3c141c633,osm-car:nest2:19222,157.19500000000002,42.94931770386184,114.24568229613818,72.67768204849911,101049.8,73958.72508605008,gt_120,le_60,Ok,True,115.7817682,32.94281505,False,False,-1.94001024183,30.508297291830008,OSRM v26.9.0,2026-09-20T20:22:06Z,CSV mean across outbound route options / 28.7 m/s; not selected GeoJSON path,facility_point; routes supplied separately,saved_gt_60,1,,True,False,
nest2:19278,nest2,Kayonza,19278,Kabura HP,-2.036655,30.526528,health_post_or_dispensary_label,True,unverified,9419103d-39db-4eb6-8da7-85b008fb13a9,osm-car:nest2:19278,31.78166666666667,7.525795503055671,24.255871163610998,76.32032460101,15199.7,12959.419856261866,le_60,le_15,Ok,True,115.7817682,51.94955511,False,False,-1.94001024183,30.508297291830008,OSRM v26.9.0,2026-09-20T20:22:06Z,CSV mean across outbound route options / 28.7 m/s; not selected GeoJSON path,facility_point; routes supplied separately,saved_le_30,1,,True,False,
nest2:19279,nest2,Kayonza,19279,Rumuri - Ngumeri HP,-1.724788119,30.449261643,health_post_or_dispensary_label,True,unverified,aad77335-aa97-44c3-a716-c9c0ed7b747d,osm-car:nest2:19279,68.32,16.902735745038406,51.41726425496159,75.25946173150115,36247.3,29106.51095295613,le_120,le_30,Ok,True,115.7817682,49.48969084,False,False,-1.94001024183,30.508297291830008,OSRM v26.9.0,2026-09-20T20:22:06Z,CSV mean across outbound route options / 28.7 m/s; not selected GeoJSON path,facility_point; routes supplied separately,saved_le_60,1,,True,True,
nest2:21079,nest2,Kayonza,21079,Viro HP,-1.7736174,30.2729882,health_post_or_dispensary_label,True,unverified,7bad0eab-7c60-4949-9cc2-67ea1e6edee8,osm-car:nest2:21079,85.29166666666667,20.1247322941173,65.16693437254938,76.40480825311114,50069.4,34654.78901046999,le_120,le_30,Ok,True,115.7817682,36.8707325,False,False,-1.94001024183,30.508297291830008,OSRM v26.9.0,2026-09-20T20:22:06Z,CSV mean across outbound route options / 28.7 m/s; not selected GeoJSON path,facility_point; routes supplied separately,saved_gt_60,1,,True,True,
nest2:21080,nest2,Kayonza,21080,Kiburara HP,-1.657691383,30.405531041,health_post_or_dispensary_label,True,unverified,5dd022cc-f551-4f28-9e54-d78642ad6a53,osm-car:nest2:21080,84.38666666666667,21.058292085718765,63.32837458094791,75.04547469696782,47268.1,36262.37897160771,le_120,le_30,Ok,True,115.7817682,66.16255908,False,False,-1.94001024183,30.508297291830008,OSRM v26.9.0,2026-09-20T20:22:06Z,CSV mean across outbound route options / 28.7 m/s; not selected GeoJSON path,facility_point; routes supplied separately,saved_gt_60,1,,True,True,
nest2:21081,nest2,Kayonza,21081,kabeza-Imena  HP,-1.607449482,30.357506226,health_post_or_dispensary_label,True,unverified,4132466d-b66c-4f9d-880d-ed6dc2e994a3,osm-car:nest2:21081,101.91333333333334,24.880817938020424,77.03251539531291,75.58629756850223,55909.7,42844.76848927117,le_120,le_30,Ok,True,115.7817682,41.36979676,False,False,-1.94001024183,30.508297291830008,OSRM v26.9.0,2026-09-20T20:22:06Z,CSV mean across outbound route options / 28.7 m/s; not selected GeoJSON path,facility_point; routes supplied separately,saved_gt_60,1,,True,True,
nest2:21082,nest2,Kayonza,21082,Busetsa HP,-1.6352741,30.268524,health_post_or_dispensary_label,True,unverified,d4f747e1-b293-4609-9634-0e9edca478b2,osm-car:nest2:21082,110.03666666666666,28.130037335129707,81.90662933153695,74.43576019951254,65115.8,48439.92429109335,le_120,le_30,Ok,True,115.7817682,47.91121592,False,False,-1.94001024183,30.508297291830008,OSRM v26.9.0,2026-09-20T20:22:06Z,CSV mean across outbound route options / 28.7 m/s; not selected GeoJSON path,facility_point; routes supplied separately,saved_gt_60,1,,True,True,
nest2:21085,nest2,Kayonza,21085,Kigabiro (Gatsibo) HP,-1.8361661,30.3257245,health_post_or_dispensary_label,True,unverified,7bae6e92-6d04-44e7-81a9-5212855233e9,osm-car:nest2:21085,78.975,14.609918381671152,64.36508161832884,81.50057818085324,43461.9,25158.279453237723,le_120,le_15,Ok,True,115.7817682,26.20625458,False,False,-1.94001024183,30.508297291830008,OSRM v26.9.0,2026-09-20T20:22:06Z,CSV mean across outbound route options / 28.7 m/s; not selected GeoJSON path,facility_point; routes supplied separately,saved_gt_60,1,,True,True,
nest2:21086,nest2,Kayonza,21086,MATABA HP,-1.737909331,30.416126268,health_post_or_dispensary_label,True,unverified,5169e072-f4a4-442b-b624-f661b31a0a85,osm-car:nest2:21086,69.39166666666667,16.708137510045304,52.68352915662136,75.92198269238096,33263.7,28771.412792298015,le_120,le_30,Ok,True,115.7817682,33.07818731,False,False,-1.94001024183,30.508297291830008,OSRM v26.9.0,2026-09-20T20:22:06Z,CSV mean across outbound route options / 28.7 m/s; not selected GeoJSON path,facility_point; routes supplied separately,saved_le_60,1,,True,True,
nest2:21087,nest2,Kayonza,21087,Mbogo HP,-1.74263626,30.442788585,health_post_or_dispensary_label,True,unverified,ddc017db-be61-4657-a9d4-508d6edac617,osm-car:nest2:21087,68.91499999999999,15.279919040352505,53.63508095964749,77.82787631088658,31276.8,26312.020587487015,le_120,le_30,Ok,True,115.7817682,48.97478751,False,False,-1.94001024183,30.508297291830008,OSRM v26.9.0,2026-09-20T20:22:06Z,CSV mean across outbound route options / 28.7 m/s; not selected GeoJSON path,facility_point; routes supplied separately,saved_le_60,1,,True,True,
nest2:21088,nest2,Kayonza,21088,GITUZA HP,-1.6968336,30.265131,health_post_or_dispensary_label,True,unverified,ef56a7b5-0f8f-4cfc-a8aa-04035635570d,osm-car:nest2:21088,89.155,23.25800937461525,65.89699062538475,73.91283789510935,53077.7,40050.292143087456,le_120,le_30,Ok,True,115.7817682,40.08591444,False,False,-1.94001024183,30.508297291830008,OSRM v26.9.0,2026-09-20T20:22:06Z,CSV mean across outbound route options / 28.7 m/s; not selected GeoJSON path,facility_point; routes supplied separately,saved_gt_60,1,,True,True,
nest2:21089,nest2,Kayonza,21089,Kintu HP,-1.6509712,30.242785,health_post_or_dispensary_label,True,unverified,71821bc9-6038-429e-a912-4abb29c9a60c,osm-car:nest2:21089,94.72666666666667,28.61318633483171,66.11348033183496,69.79394784837247,57359.2,49271.906868580205,le_120,le_30,Ok,True,115.7817682,93.14319372,False,False,-1.94001024183,30.508297291830008,OSRM v26.9.0,2026-09-20T20:22:06Z,CSV mean across outbound route options / 28.7 m/s; not selected GeoJSON path,facility_point; routes supplied separately,saved_gt_60,1,,True,True,
nest2:21090,nest2,Kayonza,21090,Nyabicwamba HP,-1.593733779,30.270428174,health_post_or_dispensary_label,True,unverified,d3340586-3611-44cd-ac73-dc4bc238e1c9,osm-car:nest2:21090,108.20333333333333,28.288773389363715,79.91455994396962,73.85591319796336,65584.4,48713.26777648432,le_120,le_30,Ok,True,115.7817682,12.53728659,False,False,-1.94001024183,30.508297291830008,OSRM v26.9.0,2026-09-20T20:22:06Z,CSV mean across outbound route options / 28.7 m/s; not selected GeoJSON path,facility_point; routes supplied separately,saved_gt_60,1,,True,True,
nest2:21091,nest2,Kayonza,21091,Kigasha HP,-1.536649504,30.269972103,health_post_or_dispensary_label,True,unverified,c11c276b-d1ff-480d-a7bc-882a835d2006,osm-car:nest2:21091,120.98,31.633199861279277,89.34680013872072,73.8525377241864,78522.7,54472.37016112292,gt_120,le_60,Ok,True,115.7817682,50.92734584,False,False,-1.94001024183,30.508297291830008,OSRM v26.9.0,2026-09-20T20:22:06Z,CSV mean across outbound route options / 28.7 m/s; not selected GeoJSON path,facility_point; routes supplied separately,saved_gt_60,1,,True,False,
nest2:21092,nest2,Kayonza,21092,Nyarubungo HP,-1.563564733,30.2770972,health_post_or_dispensary_label,True,unverified,119c06d5-f3ec-42e2-b234-d713acc24c40,osm-car:nest2:21092,120.54833333333333,29.865286365882678,90.68304696745065,75.22546721297182,78115.6,51428.02312204997,gt_120,le_30,Ok,True,115.7817682,13.91147242,False,False,-1.94001024183,30.508297291830008,OSRM v26.9.0,2026-09-20T20:22:06Z,CSV mean across outbound route options / 28.7 m/s; not selected GeoJSON path,facility_point; routes supplied separately,saved_gt_60,1,,True,True,
nest2:21093,nest2,Kayonza,21093,Mpondwa HP,-1.641122961,30.299330106,health_post_or_dispensary_label,True,unverified,c5a8b3bf-7a4e-4c1f-a042-d26612fe1f5c,osm-car:nest2:21093,97.33166666666666,25.43333717306924,71.89832949359743,73.86941162718276,53999.2,43796.206612025235,le_120,le_30,Ok,True,115.7817682,50.60394504,False,False,-1.94001024183,30.508297291830008,OSRM v26.9.0,2026-09-20T20:22:06Z,CSV mean across outbound route options / 28.7 m/s; not selected GeoJSON path,facility_point; routes supplied separately,saved_gt_60,1,,True,True,
nest2:21095,nest2,Kayonza,21095,Gikobwa HP,-1.5929745,30.5539915,health_post_or_dispensary_label,True,unverified,5cc51c5b-0d27-4dc1-a670-8b2f81f6fc82,osm-car:nest2:21095,76.76333333333334,23.87997057769352,52.883362755639816,68.89143613136456,48958.5,41121.30933478824,le_120,le_30,Ok,True,115.7817682,358.251226,True,False,-1.94001024183,30.508297291830008,OSRM v26.9.0,2026-09-20T20:22:06Z,CSV mean across outbound route options / 28.7 m/s; not selected GeoJSON path,facility_point; routes supplied separately,saved_le_60,1,,False,True,endpoint_gap_over_250m
nest2:21104,nest2,Kayonza,21104,Akayenzi HP,-1.8490408,30.3475091,health_post_or_dispensary_label,True,unverified,8e25eb58-7401-4c1c-a022-e9dca980778e,osm-car:nest2:21104,68.13666666666667,12.936654798814146,55.200011867852524,81.01366645641484,37611.0,22276.91956355796,le_120,le_15,Ok,True,115.7817682,15.73056206,False,False,-1.94001024183,30.508297291830008,OSRM v26.9.0,2026-09-20T20:22:06Z,CSV mean across outbound route options / 28.7 m/s; not selected GeoJSON path,facility_point; routes supplied separately,saved_le_60,1,,True,True,
nest2:22764,nest2,Kayonza,22764,Mushunga HP,-1.47506372,29.94183412,health_post_or_dispensary_label,True,unverified,b36dceab-e303-4394-a08d-64020b8ef3e2,osm-car:nest2:22764,163.10666666666665,48.32185101820232,114.78481564846433,70.3740797321575,123277.9,83210.22745334439,gt_120,le_60,Ok,True,115.7817682,7.707125672,False,False,-1.94001024183,30.508297291830008,OSRM v26.9.0,2026-09-20T20:22:06Z,CSV mean across outbound route options / 28.7 m/s; not selected GeoJSON path,facility_point; routes supplied separately,saved_gt_60,1,,True,False,
nest2:22769,nest2,Kayonza,22769,Gakorokombe HP,-1.765273797,30.31062162,health_post_or_dispensary_label,True,unverified,fb10cdd0-94af-4926-a86f-d5f5636a6887,osm-car:nest2:22769,75.41166666666666,18.080089609811832,57.331577056854826,76.02481100208388,43902.0,31133.91430809598,le_120,le_30,Ok,True,115.7817682,24.10630881,False,False,-1.94001024183,30.508297291830008,OSRM v26.9.0,2026-09-20T20:22:06Z,CSV mean across outbound route options / 28.7 m/s; not selected GeoJSON path,facility_point; routes supplied separately,saved_le_60,1,,True,True,
nest2:22807,nest2,Kayonza,22807,Gatare HP,-1.54877118,29.92845307,health_post_or_dispensary_label,True,unverified,b81846bd-22b3-4dc9-b832-cafe1b3719cc,osm-car:nest2:22807,157.48833333333332,46.190169944197095,111.29816338913622,70.67073543382234,114304.0,79539.47264390739,gt_120,le_60,Ok,True,115.7817682,13.80699792,False,False,-1.94001024183,30.508297291830008,OSRM v26.9.0,2026-09-20T20:22:06Z,CSV mean across outbound route options / 28.7 m/s; not selected GeoJSON path,facility_point; routes supplied separately,saved_gt_60,1,,True,False,
nest2:22863,nest2,Kayonza,22863,KAYONZA VCT YOUTH FRIENDLY,-1.898619,30.50646,unclassified_review,False,unverified,0caa3711-6b20-4cf0-9835-874296539f26,osm-car:nest2:22863,12.97,6.011928795788047,6.9580712042119535,53.64742640101737,6500.7,10352.541386347017,le_15,le_15,Ok,True,115.7817682,22.23704762,False,False,-1.94001024183,30.508297291830008,OSRM v26.9.0,2026-09-20T20:22:06Z,CSV mean across outbound route options / 28.7 m/s; not selected GeoJSON path,facility_point; routes supplied separately,saved_le_15,1,,True,False,outside_healthcare_name_screen
nest2:22896,nest2,Kayonza,22896,Tumba HP,-1.50939106,29.98711186,health_post_or_dispensary_label,True,unverified,735a5462-9ef6-4442-88c4-44ea1cb7badb,osm-car:nest2:22896,153.14833333333334,44.663273509029516,108.48505982430382,70.83659186037751,113522.8,76910.15698254883,gt_120,le_60,Ok,True,115.7817682,16.36851396,False,False,-1.94001024183,30.508297291830008,OSRM v26.9.0,2026-09-20T20:22:06Z,CSV mean across outbound route options / 28.7 m/s; not selected GeoJSON path,facility_point; routes supplied separately,saved_gt_60,1,,True,False,
nest2:22902,nest2,Kayonza,22902,Karambo (Gicumbi) HP,-1.555945433,30.073659722,health_post_or_dispensary_label,True,unverified,ba59e6d3-d6ed-40a1-ba26-989c513c91e9,osm-car:nest2:22902,128.23666666666665,40.16130061829902,88.07536604836763,68.68188977284264,94660.0,69157.75966471092,gt_120,le_60,Ok,True,115.7817682,135.1731135,False,False,-1.94001024183,30.508297291830008,OSRM v26.9.0,2026-09-20T20:22:06Z,CSV mean across outbound route options / 28.7 m/s; not selected GeoJSON path,facility_point; routes supplied separately,saved_gt_60,1,,True,False,
nest2:22903,nest2,Kayonza,22903,Nyabubare HP,-1.52697167,30.09074628,health_post_or_dispensary_label,True,unverified,0bf7edc6-0e43-412c-8782-f955042edc58,osm-car:nest2:22903,132.37833333333333,38.69975170554251,93.67858162779082,70.76579623638624,98776.2,66640.9724369442,gt_120,le_60,Ok,True,115.7817682,21.60344775,False,False,-1.94001024183,30.508297291830008,OSRM v26.9.0,2026-09-20T20:22:06Z,CSV mean across outbound route options / 28.7 m/s; not selected GeoJSON path,facility_point; routes supplied separately,saved_gt_60,1,,True,False,
nest2:22904,nest2,Kayonza,22904,Nyiragifumba HP,-1.5524207,29.98808426,health_post_or_dispensary_label,True,unverified,99b9dc45-27ce-49e9-b1a7-5068e0d1cc20,osm-car:nest2:22904,144.375,43.867138250696485,100.50786174930352,69.61583497787257,106394.6,75539.21206769935,gt_120,le_60,Ok,True,115.7817682,94.93534189,False,False,-1.94001024183,30.508297291830008,OSRM v26.9.0,2026-09-20T20:22:06Z,CSV mean across outbound route options / 28.7 m/s; not selected GeoJSON path,facility_point; routes supplied separately,saved_gt_60,1,,True,False,
nest2:22906,nest2,Kayonza,22906,Izere HP,-1.664947585,30.134217929,health_post_or_dispensary_label,True,unverified,6965eac2-0b95-44ca-8259-cb68959a44a9,osm-car:nest2:22906,113.22333333333333,30.96116638159208,82.26216695174125,72.65478283487614,79265.1,53315.12850910156,le_120,le_60,Ok,True,115.7817682,8.243797977,False,False,-1.94001024183,30.508297291830008,OSRM v26.9.0,2026-09-20T20:22:06Z,CSV mean across outbound route options / 28.7 m/s; not selected GeoJSON path,facility_point; routes supplied separately,saved_gt_60,1,,True,False,
nest2:22907,nest2,Kayonza,22907,Mataba (Gicumbi) HP,-1.688424537,30.126087681,health_post_or_dispensary_label,True,unverified,637db48b-69fa-4a94-a2d3-a74f06431f2e,osm-car:nest2:22907,120.49499999999999,30.527733114205045,89.96726688579494,74.66473039196228,82826.6,52568.756422661085,gt_120,le_60,Ok,True,115.7817682,14.71277738,False,False,-1.94001024183,30.508297291830008,OSRM v26.9.0,2026-09-20T20:22:06Z,CSV mean across outbound route options / 28.7 m/s; not selected GeoJSON path,facility_point; routes supplied separately,saved_gt_60,1,,True,False,
nest2:22908,nest2,Kayonza,22908,Butare HP,-1.60636278,30.003050309,health_post_or_dispensary_label,True,unverified,820f32ca-6cce-412c-906f-c1abc8c7639d,osm-car:nest2:22908,135.88,41.26690041245152,94.61309958754848,69.62989372059793,100136.8,71061.60251024152,gt_120,le_60,Ok,True,115.7817682,67.66026649,False,False,-1.94001024183,30.508297291830008,OSRM v26.9.0,2026-09-20T20:22:06Z,CSV mean across outbound route options / 28.7 m/s; not selected GeoJSON path,facility_point; routes supplied separately,saved_gt_60,1,,True,False,
nest2:22913,nest2,Kayonza,22913,Rutete HP,-1.582582392,30.019374516,health_post_or_dispensary_label,True,unverified,f89475af-769f-4b4f-8fdd-9c683afd4f54,osm-car:nest2:22913,140.17166666666665,40.462186807915124,99.70947985875154,71.13383341289956,101265.9,69675.88568322983,gt_120,le_60,Ok,True,115.7817682,45.78866179,False,False,-1.94001024183,30.508297291830008,OSRM v26.9.0,2026-09-20T20:22:06Z,CSV mean across outbound route options / 28.7 m/s; not selected GeoJSON path,facility_point; routes supplied separately,saved_gt_60,1,,True,False,
nest2:23196,nest2,Kayonza,23196,KABUGA Kirehe HP,-2.356778082,30.601234787,health_post_or_dispensary_label,True,unverified,1de9e3a1-c1d0-4f9f-9983-d7c6de0b6670,osm-car:nest2:23196,108.515,28.80097587269075,79.71402412730924,73.45899104023337,58928.5,49595.28045277347,le_120,le_30,Ok,True,115.7817682,56.72601783,False,False,-1.94001024183,30.508297291830008,OSRM v26.9.0,2026-09-20T20:22:06Z,CSV mean across outbound route options / 28.7 m/s; not selected GeoJSON path,facility_point; routes supplied separately,saved_gt_60,1,,True,True,
nest2:23252,nest2,Kayonza,23252,YARAMBA HP,-1.563581634,30.016622825,health_post_or_dispensary_label,True,unverified,2b0a6386-51f3-41f7-a6df-712b038cb688,osm-car:nest2:23252,135.4,42.269847550521646,93.13015244947836,68.78150107051577,99140.9,72788.67748199828,gt_120,le_60,Ok,True,115.7817682,166.8452328,False,False,-1.94001024183,30.508297291830008,OSRM v26.9.0,2026-09-20T20:22:06Z,CSV mean across outbound route options / 28.7 m/s; not selected GeoJSON path,facility_point; routes supplied separately,saved_gt_60,1,,True,False,
nest2:23254,nest2,Kayonza,23254,Rukomo HP,-1.629588545,30.102569841,health_post_or_dispensary_label,True,unverified,58dd6600-d502-47ef-900b-8b47a0fe786c,osm-car:nest2:23254,114.41499999999999,34.48473314194872,79.93026685805127,69.85995442734892,82294.6,59382.710470435704,le_120,le_60,Ok,True,115.7817682,27.85038281,False,False,-1.94001024183,30.508297291830008,OSRM v26.9.0,2026-09-20T20:22:06Z,CSV mean across outbound route options / 28.7 m/s; not selected GeoJSON path,facility_point; routes supplied separately,saved_gt_60,1,,True,False,
nest2:23255,nest2,Kayonza,23255,Mwendo Gicumbi HP,-1.731843,30.21376,health_post_or_dispensary_label,True,unverified,a29f3e2f-573e-4306-b666-d09b66069c77,osm-car:nest2:23255,108.85333333333332,24.259606249035972,84.59372708429736,77.7134925443692,59843.1,41775.04196083994,le_120,le_30,Ok,True,115.7817682,33.78565752,False,False,-1.94001024183,30.508297291830008,OSRM v26.9.0,2026-09-20T20:22:06Z,CSV mean across outbound route options / 28.7 m/s; not selected GeoJSON path,facility_point; routes supplied separately,saved_gt_60,1,,True,True,
nest2:23501,nest2,Kayonza,23501,Vet.Thomas Nsengumukiza Farm,-1.316273522,30.313426571,other_destination_label,False,unverified,6ebb9eed-749e-484d-b140-b4ed384f36ce,osm-car:nest2:23501,144.35166666666666,44.35504999748921,99.99661666917746,69.27292145513442,107729.4,76379.39609567642,gt_120,le_60,Ok,True,115.7817682,151.4576591,False,False,-1.94001024183,30.508297291830008,OSRM v26.9.0,2026-09-20T20:22:06Z,CSV mean across outbound route options / 28.7 m/s; not selected GeoJSON path,facility_point; routes supplied separately,saved_gt_60,1,,True,False,outside_healthcare_name_screen
nest2:23542,nest2,Kayonza,23542,Ntoma HP,-1.155807544,30.406059699,health_post_or_dispensary_label,True,unverified,fdd4b00e-fe69-471f-ab00-2e2eeac6641e,osm-car:nest2:23542,167.755,55.25724074384515,112.49775925615484,67.06074886361351,133070.1,95152.96856090135,gt_120,le_60,Ok,True,115.7817682,0.5551852049,False,False,-1.94001024183,30.508297291830008,OSRM v26.9.0,2026-09-20T20:22:06Z,CSV mean across outbound route options / 28.7 m/s; not selected GeoJSON path,facility_point; routes supplied separately,saved_gt_60,1,,True,False,
nest2:23544,nest2,Kayonza,23544,Nyamiyonga/ Nyagatare HP,-1.091435447,30.361709192,health_post_or_dispensary_label,True,unverified,8c2e62e1-336a-4605-815a-588d2e58a79a,osm-car:nest2:23544,176.87833333333336,58.90989455387565,117.9684387794577,66.69468021113818,142160.8,101442.83842177386,gt_120,le_60,Ok,True,115.7817682,94.68183267,False,False,-1.94001024183,30.508297291830008,OSRM v26.9.0,2026-09-20T20:22:06Z,CSV mean across outbound route options / 28.7 m/s; not selected GeoJSON path,facility_point; routes supplied separately,saved_gt_60,1,,True,False,
nest2:23545,nest2,Kayonza,23545,Rugarama Vision HP,-1.127504808,30.407101555,health_post_or_dispensary_label,True,unverified,70b775b2-2b8c-458b-9bb8-8ec75028bc75,osm-car:nest2:23545,173.69333333333333,56.75165957054434,116.94167376278898,67.32651824832405,137546.5,97726.35778047735,gt_120,le_60,Ok,True,115.7817682,9.623096644,False,False,-1.94001024183,30.508297291830008,OSRM v26.9.0,2026-09-20T20:22:06Z,CSV mean across outbound route options / 28.7 m/s; not selected GeoJSON path,facility_point; routes supplied separately,saved_gt_60,1,,True,False,
nest2:23546,nest2,Kayonza,23546,Cyagaju HP,-1.421370784,30.181538023,health_post_or_dispensary_label,True,unverified,8b8e174c-ae62-42d1-adb8-798b6d2a7e5c,osm-car:nest2:23546,150.79,40.674895074645,110.11510492535498,73.02546914606738,97627.2,70042.1693185387,gt_120,le_60,Ok,True,115.7817682,199.6354035,False,False,-1.94001024183,30.508297291830008,OSRM v26.9.0,2026-09-20T20:22:06Z,CSV mean across outbound route options / 28.7 m/s; not selected GeoJSON path,facility_point; routes supplied separately,saved_gt_60,1,,True,False,
nest2:23547,nest2,Kayonza,23547,Kabeza Heza HP,-1.400758664,30.232106157,health_post_or_dispensary_label,True,unverified,1ce14b29-3bbc-409e-b061-128b7f69aa1d,osm-car:nest2:23547,141.31333333333333,40.293809944970285,101.01952338836304,71.48619383995121,93701.8,69385.94072523883,gt_120,le_60,Ok,True,115.7817682,33.10845791,False,False,-1.94001024183,30.508297291830008,OSRM v26.9.0,2026-09-20T20:22:06Z,CSV mean across outbound route options / 28.7 m/s; not selected GeoJSON path,facility_point; routes supplied separately,saved_gt_60,1,,True,False,
nest2:23548,nest2,Kayonza,23548,Nyamirembe HP,-1.383126,30.222529,health_post_or_dispensary_label,True,unverified,48127ecc-b43c-4b19-846a-71f03819abad,osm-car:nest2:23548,147.93833333333333,42.24291640392778,105.69541692940555,71.44559124595082,96737.9,72742.30204756363,gt_120,le_60,Ok,True,115.7817682,57.92915322,False,False,-1.94001024183,30.508297291830008,OSRM v26.9.0,2026-09-20T20:22:06Z,CSV mean across outbound route options / 28.7 m/s; not selected GeoJSON path,facility_point; routes supplied separately,saved_gt_60,1,,True,False,
nest2:23578,nest2,Kayonza,23578,RCS Rwamagana Training school HC,-1.92019702,30.45509108,health_center_or_clinic_label,True,unverified,efc20279-16b5-45a2-a430-9f77baba072b,osm-car:nest2:23578,19.18166666666667,4.6526465446572,14.529020122009468,75.74430509345451,8423.5,8011.857349899698,le_30,le_15,Ok,True,115.7817682,15.19249633,False,False,-1.94001024183,30.508297291830008,OSRM v26.9.0,2026-09-20T20:22:06Z,CSV mean across outbound route options / 28.7 m/s; not selected GeoJSON path,facility_point; routes supplied separately,saved_le_15,1,,True,False,
nest2:23674,nest2,Kayonza,23674,MIGERA-MWILI HP,-1.881305046,30.576739339,health_post_or_dispensary_label,True,unverified,b1072f4b-bada-4343-bd1b-20143f1f8348,osm-car:nest2:23674,30.878333333333334,8.085760143846484,22.792573189486852,73.81413026227727,18712.6,13923.678967703647,le_60,le_15,Ok,True,115.7817682,26.60793231,False,False,-1.94001024183,30.508297291830008,OSRM v26.9.0,2026-09-20T20:22:06Z,CSV mean across outbound route options / 28.7 m/s; not selected GeoJSON path,facility_point; routes supplied separately,saved_le_30,1,,True,False,
nest2:23704,nest2,Kayonza,23704,Rurenge HP,-1.343977031,30.249768898,health_post_or_dispensary_label,True,unverified,42bbfb23-47b5-43bf-85aa-e0aebfab6c8c,osm-car:nest2:23704,153.60333333333335,43.312143273868315,110.29119005946504,71.80260197877544,103820.6,74583.51071760124,gt_120,le_60,Ok,True,115.7817682,24.66447367,False,False,-1.94001024183,30.508297291830008,OSRM v26.9.0,2026-09-20T20:22:06Z,CSV mean across outbound route options / 28.7 m/s; not selected GeoJSON path,facility_point; routes supplied separately,saved_gt_60,1,,True,False,
nest2:23783,nest2,Kayonza,23783,Ngarama Rehabilitation Center HC,-1.529824629,30.243610526,health_center_or_clinic_label,True,unverified,cb24fb14-2eb6-4d79-9109-5bbf141348de,osm-car:nest2:23783,114.19166666666666,33.299009694420384,80.89265697224627,70.83936974873788,76440.9,57340.8946937919,le_120,le_60,Ok,True,115.7817682,76.68087039,False,False,-1.94001024183,30.508297291830008,OSRM v26.9.0,2026-09-20T20:22:06Z,CSV mean across outbound route options / 28.7 m/s; not selected GeoJSON path,facility_point; routes supplied separately,saved_gt_60,1,,True,False,
nest2:23851,nest2,Kayonza,23851,Rukomo II HP,-1.381616002,30.273675648,health_post_or_dispensary_label,True,unverified,e2951610-b57f-4528-a803-bf120dda738d,osm-car:nest2:23851,140.52833333333334,40.2626628325694,100.26567050076395,71.34907824099336,97707.2,69332.3053976845,gt_120,le_60,Ok,True,115.7817682,30.97091395,False,False,-1.94001024183,30.508297291830008,OSRM v26.9.0,2026-09-20T20:22:06Z,CSV mean across outbound route options / 28.7 m/s; not selected GeoJSON path,facility_point; routes supplied separately,saved_gt_60,1,,True,False,
nest2:23852,nest2,Kayonza,23852,Kibonde HP,-2.239179,30.418864,health_post_or_dispensary_label,True,unverified,4bcef39f-1d26-4bd7-89b3-f4775bbe8649,osm-car:nest2:23852,79.35333333333332,21.146624445188287,58.20670888814504,73.3513091928233,48262.9,36414.48729461423,le_120,le_30,Ok,True,115.7817682,42.49277526,False,False,-1.94001024183,30.508297291830008,OSRM v26.9.0,2026-09-20T20:22:06Z,CSV mean across outbound route options / 28.7 m/s; not selected GeoJSON path,facility_point; routes supplied separately,saved_le_60,1,,True,True,
nest2:23853,nest2,Kayonza,23853,Rwanyamuhanga HP,-2.21937197,30.59060056,health_post_or_dispensary_label,True,unverified,b67e3cca-86f6-481f-b25b-577fd0045259,osm-car:nest2:23853,79.85666666666665,20.113522315011554,59.743144351655104,74.81297034476994,39939.4,34635.48542644989,le_120,le_30,Ok,True,115.7817682,92.69096587,False,False,-1.94001024183,30.508297291830008,OSRM v26.9.0,2026-09-20T20:22:06Z,CSV mean across outbound route options / 28.7 m/s; not selected GeoJSON path,facility_point; routes supplied separately,saved_le_60,1,,True,True,
nest2:23854,nest2,Kayonza,23854,Mushongi HP,-2.05768182,30.81642118,health_post_or_dispensary_label,True,unverified,530ded32-ea0e-4684-9d67-c60f4d3fbbd6,osm-car:nest2:23854,114.73,23.746227601528506,90.9837723984715,79.30251233197203,57880.6,40891.003929832084,le_120,le_30,Ok,True,115.7817682,55.32188608,False,False,-1.94001024183,30.508297291830008,OSRM v26.9.0,2026-09-20T20:22:06Z,CSV mean across outbound route options / 28.7 m/s; not selected GeoJSON path,facility_point; routes supplied separately,saved_gt_60,1,,True,True,
nest2:23855,nest2,Kayonza,23855,Nsheke HP,-1.264029968,30.337484647,health_post_or_dispensary_label,True,unverified,4a145ba4-50ef-41fe-b5ff-1b4d1bd5c18e,osm-car:nest2:23855,147.70333333333335,47.43186006645858,100.27147326687476,67.88707539902603,112486.7,81677.66303444168,gt_120,le_60,Ok,True,115.7817682,18.84703711,False,False,-1.94001024183,30.508297291830008,OSRM v26.9.0,2026-09-20T20:22:06Z,CSV mean across outbound route options / 28.7 m/s; not selected GeoJSON path,facility_point; routes supplied separately,saved_gt_60,1,,True,False,
nest2:23858,nest2,Kayonza,23858,NTAGA HP,-2.099903,30.377783,health_post_or_dispensary_label,True,unverified,ade5b0b3-ac10-4e91-ad90-69624d4f0970,osm-car:nest2:23858,82.36833333333334,14.330956914949871,68.03737641838347,82.6013756318773,45066.2,24677.907807543677,le_120,le_15,Ok,True,115.7817682,25.1655027,False,False,-1.94001024183,30.508297291830008,OSRM v26.9.0,2026-09-20T20:22:06Z,CSV mean across outbound route options / 28.7 m/s; not selected GeoJSON path,facility_point; routes supplied separately,saved_gt_60,1,,True,True,
nest2:23859,nest2,Kayonza,23859,Cyunuzi HP,-2.282169,30.560675,health_post_or_dispensary_label,True,unverified,b3aa77e1-92bb-4225-91d5-36fd88dbe36f,osm-car:nest2:23859,89.41499999999999,24.29060893770143,65.12439106229857,72.83385456835943,47075.6,41828.42859072186,le_120,le_30,Ok,True,115.7817682,25.75265719,False,False,-1.94001024183,30.508297291830008,OSRM v26.9.0,2026-09-20T20:22:06Z,CSV mean across outbound route options / 28.7 m/s; not selected GeoJSON path,facility_point; routes supplied separately,saved_gt_60,1,,True,True,
nest2:23882,nest2,Kayonza,23882,Isange rugari HP,-1.429480814,30.268121586,health_post_or_dispensary_label,True,unverified,f26332c8-c201-495c-a543-b048eb19d06b,osm-car:nest2:23882,127.10833333333333,38.19808717448114,88.9102461588522,69.94840057078781,90094.2,65777.10611445652,gt_120,le_60,Ok,True,115.7817682,20.24765695,False,False,-1.94001024183,30.508297291830008,OSRM v26.9.0,2026-09-20T20:22:06Z,CSV mean across outbound route options / 28.7 m/s; not selected GeoJSON path,facility_point; routes supplied separately,saved_gt_60,1,,True,False,
nest2:23887,nest2,Kayonza,23887,Kirehe HP,-2.250859447,30.641657468,health_post_or_dispensary_label,True,unverified,f01d79f5-6126-4427-96d1-ad331c16c4c8,osm-car:nest2:23887,101.08999999999999,23.067135488429177,78.02286451157082,77.18158523253618,48656.8,39721.60731107504,le_120,le_30,Ok,True,115.7817682,41.14409925,False,False,-1.94001024183,30.508297291830008,OSRM v26.9.0,2026-09-20T20:22:06Z,CSV mean across outbound route options / 28.7 m/s; not selected GeoJSON path,facility_point; routes supplied separately,saved_gt_60,1,,True,True,
nest2:23888,nest2,Kayonza,23888,Kabeza -Rwimiyaga HP,-1.254701677,30.412516698,health_post_or_dispensary_label,True,unverified,95f3f915-47df-4e7f-8faa-1a2f8b052375,osm-car:nest2:23888,162.02666666666667,49.88539015677428,112.14127650989239,69.21161733247143,98164.6,85902.64184996531,gt_120,le_60,Ok,True,115.7817682,35.16630631,False,False,-1.94001024183,30.508297291830008,OSRM v26.9.0,2026-09-20T20:22:06Z,CSV mean across outbound route options / 28.7 m/s; not selected GeoJSON path,facility_point; routes supplied separately,saved_gt_60,1,,True,False,
nest2:23895,nest2,Kayonza,23895,Eastern Healing Clinic,-1.603079248,30.381883593,health_center_or_clinic_label,True,unverified,a6ac806f-03a1-4a71-bacd-a55a10795516,osm-car:nest2:23895,97.33333333333333,24.602159275505333,72.731174057828,74.72380896352192,54358.7,42364.91827242018,le_120,le_30,Ok,True,115.7817682,32.56268962,False,False,-1.94001024183,30.508297291830008,OSRM v26.9.0,2026-09-20T20:22:06Z,CSV mean across outbound route options / 28.7 m/s; not selected GeoJSON path,facility_point; routes supplied separately,saved_gt_60,1,,True,True,
nest2:23906,nest2,Kayonza,23906,Bufunda HP,-1.430936867,30.240001071,health_post_or_dispensary_label,True,unverified,4173d2ca-fd13-4a6b-9f96-fd9d83c93392,osm-car:nest2:23906,131.745,38.4184457920913,93.32655420790871,70.8387826543009,89801.2,66156.56365398121,gt_120,le_60,Ok,True,115.7817682,33.39827185,False,False,-1.94001024183,30.508297291830008,OSRM v26.9.0,2026-09-20T20:22:06Z,CSV mean across outbound route options / 28.7 m/s; not selected GeoJSON path,facility_point; routes supplied separately,saved_gt_60,1,,True,False,
nest2:23907,nest2,Kayonza,23907,Kagese HP,-2.137134606,30.751404934,health_post_or_dispensary_label,True,unverified,8b43ded3-401e-4210-b825-8280011b850b,osm-car:nest2:23907,99.44333333333334,22.959916686040987,76.48341664729236,76.91155765155267,48615.2,39536.976533362584,le_120,le_30,Ok,True,115.7817682,66.82732547,False,False,-1.94001024183,30.508297291830008,OSRM v26.9.0,2026-09-20T20:22:06Z,CSV mean across outbound route options / 28.7 m/s; not selected GeoJSON path,facility_point; routes supplied separately,saved_gt_60,1,,True,True,
nest2:23908,nest2,Kayonza,23908,Nyamugari-Bwisige HP,-1.549478805,30.160523407,health_post_or_dispensary_label,True,unverified,f76c513a-5bd3-407f-ba4a-60b64047e505,osm-car:nest2:23908,143.70333333333335,36.37982435911362,107.32350897421972,74.68407759566215,86295.7,62646.057546393655,gt_120,le_60,Ok,True,115.7817682,18.70032617,False,False,-1.94001024183,30.508297291830008,OSRM v26.9.0,2026-09-20T20:22:06Z,CSV mean across outbound route options / 28.7 m/s; not selected GeoJSON path,facility_point; routes supplied separately,saved_gt_60,1,,True,False,
nest2:23909,nest2,Kayonza,23909,Cyambwe HP,-2.116611708,30.731518685,health_post_or_dispensary_label,True,unverified,454ab627-dcb2-4c05-b564-6b668573526f,osm-car:nest2:23909,89.97,20.452773670084756,69.51722632991525,77.26711829489302,44585.6,35219.67625988595,le_120,le_30,Ok,True,115.7817682,22.62742621,False,False,-1.94001024183,30.508297291830008,OSRM v26.9.0,2026-09-20T20:22:06Z,CSV mean across outbound route options / 28.7 m/s; not selected GeoJSON path,facility_point; routes supplied separately,saved_gt_60,1,,True,True,
nest2:23910,nest2,Kayonza,23910,Saint Vincent de Paul Janjagiro HP,-1.857621487,30.284142356,health_post_or_dispensary_label,True,unverified,647daf85-1a00-4528-9416-28f6b7a33f5b,osm-car:nest2:23910,57.66,16.378092403193843,41.28190759680615,71.59539992508871,33891.6,28203.0751182998,le_60,le_30,Ok,True,115.7817682,19.15135682,False,False,-1.94001024183,30.508297291830008,OSRM v26.9.0,2026-09-20T20:22:06Z,CSV mean across outbound route options / 28.7 m/s; not selected GeoJSON path,facility_point; routes supplied separately,saved_le_60,1,,True,False,
nest2:23912,nest2,Kayonza,23912,Gatarama HP,-2.289136776,30.732723106,health_post_or_dispensary_label,True,unverified,d6c02b9b-b9b3-41af-94d7-08cc31700a5a,osm-car:nest2:23912,129.00666666666666,29.720664523247862,99.2860021434188,76.96191577444483,63231.1,51178.984309032814,gt_120,le_30,Ok,True,115.7817682,35.91731792,False,False,-1.94001024183,30.508297291830008,OSRM v26.9.0,2026-09-20T20:22:06Z,CSV mean across outbound route options / 28.7 m/s; not selected GeoJSON path,facility_point; routes supplied separately,saved_gt_60,1,,True,True,
nest2:23913,nest2,Kayonza,23913,Heal Africa Rubira HP,-1.486095,30.308702,health_post_or_dispensary_label,True,unverified,5847a416-d9b4-4346-aa91-a38fe3de9246,osm-car:nest2:23913,141.11833333333334,33.214243540822146,107.9040897925112,76.46355171842393,87462.7,57194.92737729574,gt_120,le_60,Ok,True,115.7817682,31.97662933,False,False,-1.94001024183,30.508297291830008,OSRM v26.9.0,2026-09-20T20:22:06Z,CSV mean across outbound route options / 28.7 m/s; not selected GeoJSON path,facility_point; routes supplied separately,saved_gt_60,1,,True,False,
nest2:23972,nest2,Kayonza,23972,Rurenge-Rukira HP,-2.259181306,30.549630189,health_post_or_dispensary_label,True,unverified,7a908876-2e8f-409c-8ddb-f53024e3e47b,osm-car:nest2:23972,81.17666666666668,22.11389801949856,59.06276864716811,72.75830737137285,42753.3,38080.13238957652,le_120,le_30,Ok,True,115.7817682,24.05811759,False,False,-1.94001024183,30.508297291830008,OSRM v26.9.0,2026-09-20T20:22:06Z,CSV mean across outbound route options / 28.7 m/s; not selected GeoJSON path,facility_point; routes supplied separately,saved_le_60,1,,True,True,
nest2:24005,nest2,Kayonza,24005,KAWANGIRE HP,-1.824666285,30.447260221,health_post_or_dispensary_label,True,unverified,6c4eb1f9-6785-4452-b6f5-4f41644a2445,osm-car:nest2:24005,38.86,10.358012445389953,28.501987554610047,73.34531022802379,20056.1,17836.4974309615,le_60,le_15,Ok,True,115.7817682,118.1644809,False,False,-1.94001024183,30.508297291830008,OSRM v26.9.0,2026-09-20T20:22:06Z,CSV mean across outbound route options / 28.7 m/s; not selected GeoJSON path,facility_point; routes supplied separately,saved_le_30,1,,True,False,
nest2:24007,nest2,Kayonza,24007,MBURABUTURO HP,-1.915109298,30.479778505,health_post_or_dispensary_label,True,unverified,00a0543c-174c-47ca-bd3a-80ee0b8ad2cc,osm-car:nest2:24007,10.415,3.9029039236735383,6.512096076326461,62.526126512976106,4818.7,6720.800556565832,le_15,le_15,Ok,True,115.7817682,48.53623079,False,False,-1.94001024183,30.508297291830008,OSRM v26.9.0,2026-09-20T20:22:06Z,CSV mean across outbound route options / 28.7 m/s; not selected GeoJSON path,facility_point; routes supplied separately,saved_le_15,1,,True,False,
nest2:24187,nest2,Kayonza,24187,Gitengure HP,-1.291378303,30.302015244,health_post_or_dispensary_label,True,unverified,cf8a2078-680b-4f6e-9e28-9fb572332d6e,osm-car:nest2:24187,148.335,45.38885027643352,102.94614972356649,69.40111890219198,111579.0,78159.60017601852,gt_120,le_60,Ok,True,115.7817682,41.74745951,False,False,-1.94001024183,30.508297291830008,OSRM v26.9.0,2026-09-20T20:22:06Z,CSV mean across outbound route options / 28.7 m/s; not selected GeoJSON path,facility_point; routes supplied separately,saved_gt_60,1,,True,False,
nest2:24190,nest2,Kayonza,24190,Nyarupfubire HP,-1.297004,30.401492,health_post_or_dispensary_label,True,unverified,bb511f50-5626-4c64-a061-8aa10723eb00,osm-car:nest2:24190,161.17166666666665,46.755745416656616,114.41592125001003,70.99009622246055,92978.4,80513.39360748269,gt_120,le_60,Ok,True,115.7817682,25.15284421,False,False,-1.94001024183,30.508297291830008,OSRM v26.9.0,2026-09-20T20:22:06Z,CSV mean across outbound route options / 28.7 m/s; not selected GeoJSON path,facility_point; routes supplied separately,saved_gt_60,1,,True,False,
nest2:24191,nest2,Kayonza,24191,Nasho HP,-2.084244433,30.84371145,health_post_or_dispensary_label,True,unverified,2aadb7c3-e099-439d-891b-a5e6f391df0e,osm-car:nest2:24191,130.73666666666665,27.090931764724754,103.64573490194189,79.27824499778835,74650.8,46650.58449885603,gt_120,le_30,Ok,True,115.7817682,16.20386865,False,False,-1.94001024183,30.508297291830008,OSRM v26.9.0,2026-09-20T20:22:06Z,CSV mean across outbound route options / 28.7 m/s; not selected GeoJSON path,facility_point; routes supplied separately,saved_gt_60,1,,True,True,
nest2:24243,nest2,Kayonza,24243,Mbare HP,-1.365224,30.359542,health_post_or_dispensary_label,True,unverified,547242e5-ddde-4c12-b9a2-ce219e99126b,osm-car:nest2:24243,152.42333333333332,41.169462192303044,111.25387114103027,72.99005257792788,117209.9,70893.81389514584,gt_120,le_60,Ok,True,115.7817682,16.83066888,False,False,-1.94001024183,30.508297291830008,OSRM v26.9.0,2026-09-20T20:22:06Z,CSV mean across outbound route options / 28.7 m/s; not selected GeoJSON path,facility_point; routes supplied separately,saved_gt_60,1,,True,False,
nest2:24244,nest2,Kayonza,24244,Kanyeganyege HP,-1.422899274,30.312387136,health_post_or_dispensary_label,True,unverified,cedd7411-c2a4-4bd5-bb53-b0e852449200,osm-car:nest2:24244,141.73333333333332,36.9724101970671,104.76092313626623,73.91410381204109,99010.3,63666.49035934954,gt_120,le_60,Ok,True,115.7817682,41.96388439,False,False,-1.94001024183,30.508297291830008,OSRM v26.9.0,2026-09-20T20:22:06Z,CSV mean across outbound route options / 28.7 m/s; not selected GeoJSON path,facility_point; routes supplied separately,saved_gt_60,1,,True,False,
nest2:24250,nest2,Kayonza,24250,Kisaro HP,-1.445201,30.196945,health_post_or_dispensary_label,True,unverified,f91bb249-7f8a-4ea1-abde-97da5687aaef,osm-car:nest2:24250,142.82666666666668,39.12870241946905,103.69796424719763,72.60406383999087,94357.9,67379.6255663257,gt_120,le_60,Ok,True,115.7817682,55.89683424,False,False,-1.94001024183,30.508297291830008,OSRM v26.9.0,2026-09-20T20:22:06Z,CSV mean across outbound route options / 28.7 m/s; not selected GeoJSON path,facility_point; routes supplied separately,saved_gt_60,1,,True,False,
nest2:24327,nest2,Kayonza,24327,BULIBA HP,-2.186330442,30.591255095,health_post_or_dispensary_label,True,unverified,f530428d-beac-4d5c-8e9a-2bed49c5b410,osm-car:nest2:24327,71.545,18.07035296760279,53.474647032397215,74.74267528464213,36153.8,31117.147810212,le_120,le_30,Ok,True,115.7817682,34.757076,False,False,-1.94001024183,30.508297291830008,OSRM v26.9.0,2026-09-20T20:22:06Z,CSV mean across outbound route options / 28.7 m/s; not selected GeoJSON path,facility_point; routes supplied separately,saved_le_60,1,,True,True,
nest2:24329,nest2,Kayonza,24329,MUZINGIRA HP,-2.270560595,30.510961969,health_post_or_dispensary_label,True,unverified,183bde6d-55b5-4d41-9611-2407f499b3d0,osm-car:nest2:24329,81.32,22.908937140550265,58.41106285944973,71.82865575436514,45472.6,39449.189756027554,le_120,le_30,Ok,True,115.7817682,31.49104514,False,False,-1.94001024183,30.508297291830008,OSRM v26.9.0,2026-09-20T20:22:06Z,CSV mean across outbound route options / 28.7 m/s; not selected GeoJSON path,facility_point; routes supplied separately,saved_le_60,1,,True,True,
nest2:24330,nest2,Kayonza,24330,MUHURIRE HP,-2.092665758,30.546724151,health_post_or_dispensary_label,True,unverified,795b98b0-d5b1-4386-915b-b25fc54462b8,osm-car:nest2:24330,40.656666666666666,11.604849476291548,29.051817190375118,71.45646599255994,21119.9,19983.550798174045,le_60,le_15,Ok,True,115.7817682,32.55394465,False,False,-1.94001024183,30.508297291830008,OSRM v26.9.0,2026-09-20T20:22:06Z,CSV mean across outbound route options / 28.7 m/s; not selected GeoJSON path,facility_point; routes supplied separately,saved_le_30,1,,True,False,
nest2:24807,nest2,Kayonza,24807,Mamfu HP,-1.734355549,30.312397289,health_post_or_dispensary_label,True,unverified,3269bae5-1322-4bf2-a3ce-987f56510110,osm-car:nest2:24807,80.84166666666667,19.591705244261693,61.24996142240498,75.76533729191421,43758.4,33736.916430618636,le_120,le_30,Ok,True,115.7817682,63.07353276,False,False,-1.94001024183,30.508297291830008,OSRM v26.9.0,2026-09-20T20:22:06Z,CSV mean across outbound route options / 28.7 m/s; not selected GeoJSON path,facility_point; routes supplied separately,saved_gt_60,1,,True,True,
nest2:24828,nest2,Kayonza,24828,Kiremera HP,-2.322302399,30.721479709,health_post_or_dispensary_label,True,unverified,edbad414-bd7b-42eb-a7d1-df89b20fd77b,osm-car:nest2:24828,135.44166666666666,30.471874706254724,104.96979196041194,77.5018460299602,75982.5,52472.56824417064,gt_120,le_60,Ok,True,115.7817682,36.62647275,False,False,-1.94001024183,30.508297291830008,OSRM v26.9.0,2026-09-20T20:22:06Z,CSV mean across outbound route options / 28.7 m/s; not selected GeoJSON path,facility_point; routes supplied separately,saved_gt_60,1,,True,False,
nest2:24837,nest2,Kayonza,24837,RWIMIYAGA NYENDO HP,-1.209421294,30.409463526,health_post_or_dispensary_label,True,unverified,8d3c91a5-197c-4fbd-af58-d3d0f673acf4,osm-car:nest2:24837,165.10833333333332,51.67425847240842,113.43407486092491,68.70281624847821,103002.3,88983.0730894873,gt_120,le_60,Ok,True,115.7817682,66.19826622,False,False,-1.94001024183,30.508297291830008,OSRM v26.9.0,2026-09-20T20:22:06Z,CSV mean across outbound route options / 28.7 m/s; not selected GeoJSON path,facility_point; routes supplied separately,saved_gt_60,1,,True,False,
nest2:24904,nest2,Kayonza,24904,KABUGA II Unity HP,-1.668543782,30.164945901,health_post_or_dispensary_label,True,unverified,2636c08d-4a79-4383-960f-aa28df6bb434,osm-car:nest2:24904,106.46499999999999,29.418144667864357,77.04685533213564,72.36824809292786,72594.6,50658.04511806242,le_120,le_30,Ok,True,115.7817682,19.85871125,False,False,-1.94001024183,30.508297291830008,OSRM v26.9.0,2026-09-20T20:22:06Z,CSV mean across outbound route options / 28.7 m/s; not selected GeoJSON path,facility_point; routes supplied separately,saved_gt_60,1,,True,True,
nest2:24911,nest2,Kayonza,24911,Nkoma HP,-1.318974946,30.233356484,health_post_or_dispensary_label,True,unverified,2dcf9514-dd0f-41c3-81ce-b75d84494c57,osm-car:nest2:24911,167.53166666666667,45.02195125576676,122.5097154108999,73.1263037301803,109309.2,77527.80006243035,gt_120,le_60,Ok,True,115.7817682,41.5035275,False,False,-1.94001024183,30.508297291830008,OSRM v26.9.0,2026-09-20T20:22:06Z,CSV mean across outbound route options / 28.7 m/s; not selected GeoJSON path,facility_point; routes supplied separately,saved_gt_60,1,,True,False,
nest2:24940,nest2,Kayonza,24940,Nyagasozi (Remera Gatsibo) HP,-1.704872898,30.327795076,health_post_or_dispensary_label,True,unverified,6d9982d8-8430-40d5-af30-804739f5add4,osm-car:nest2:24940,74.43833333333333,20.497946672219264,53.94038666111407,72.46318428378846,43163.4,35297.46416956157,le_120,le_30,Ok,True,115.7817682,45.07208184,False,False,-1.94001024183,30.508297291830008,OSRM v26.9.0,2026-09-20T20:22:06Z,CSV mean across outbound route options / 28.7 m/s; not selected GeoJSON path,facility_point; routes supplied separately,saved_le_60,1,,True,True,
nest2:24963,nest2,Kayonza,24963,Nyaruka HP,-1.491892,30.014718,health_post_or_dispensary_label,True,unverified,c907e3e8-4919-411a-9299-6e804c6723c0,osm-car:nest2:24963,138.44833333333332,44.12790328783496,94.32043004549837,68.12680786731394,107127.5,75988.2494616518,gt_120,le_60,Ok,True,115.7817682,16.93364879,False,False,-1.94001024183,30.508297291830008,OSRM v26.9.0,2026-09-20T20:22:06Z,CSV mean across outbound route options / 28.7 m/s; not selected GeoJSON path,facility_point; routes supplied separately,saved_gt_60,1,,True,False,
nest2:24966,nest2,Kayonza,24966,Kagarama HP,-1.918839,30.359066,health_post_or_dispensary_label,True,unverified,41f3726e-4477-4c57-8633-cc96c02d16fb,osm-car:nest2:24966,45.555,10.808606432269563,34.746393567730436,76.2735014108889,20877.2,18612.42027636819,le_60,le_15,Ok,True,115.7817682,8.999743854,False,False,-1.94001024183,30.508297291830008,OSRM v26.9.0,2026-09-20T20:22:06Z,CSV mean across outbound route options / 28.7 m/s; not selected GeoJSON path,facility_point; routes supplied separately,saved_le_60,1,,True,False,
nest2:24970,nest2,Kayonza,24970,Ndama HP,-1.400130145,30.531368278,health_post_or_dispensary_label,True,unverified,2f0bcba8-8214-4b55-9af4-4ddc5431f444,osm-car:nest2:24970,154.75833333333333,49.87539339702322,104.88293993631011,67.77207900682362,84260.5,85885.42742967397,gt_120,le_60,Ok,True,115.7817682,44.12137551,False,False,-1.94001024183,30.508297291830008,OSRM v26.9.0,2026-09-20T20:22:06Z,CSV mean across outbound route options / 28.7 m/s; not selected GeoJSON path,facility_point; routes supplied separately,saved_gt_60,1,,True,False,
nest2:25024,nest2,Kayonza,25024,Kijojo HP,-1.171854234,30.373242432,health_post_or_dispensary_label,True,unverified,bfec91cb-f26d-478d-a085-e6bfcadb0a0e,osm-car:nest2:25024,161.93333333333334,53.42271630487632,108.51061702845702,67.00943826376513,128032.0,91993.91747699701,gt_120,le_60,Ok,True,115.7817682,43.47603342,False,False,-1.94001024183,30.508297291830008,OSRM v26.9.0,2026-09-20T20:22:06Z,CSV mean across outbound route options / 28.7 m/s; not selected GeoJSON path,facility_point; routes supplied separately,saved_gt_60,1,,True,False,
nest2:25026,nest2,Kayonza,25026,Nyinya HP,-2.16812528,30.62068687,health_post_or_dispensary_label,True,unverified,24f6530a-9b41-4b5d-b44c-b51dac95e301,osm-car:nest2:25026,75.89,18.948974507245637,56.94102549275436,75.03099946337377,37626.9,32630.13410147699,le_120,le_30,Ok,True,115.7817682,10.06565351,False,False,-1.94001024183,30.508297291830008,OSRM v26.9.0,2026-09-20T20:22:06Z,CSV mean across outbound route options / 28.7 m/s; not selected GeoJSON path,facility_point; routes supplied separately,saved_le_60,1,,True,True,
nest2:25060,nest2,Kayonza,25060,Kigarama (Kirehe) HP,-2.326249813,30.690977941,health_post_or_dispensary_label,True,unverified,dfb4cbff-8eb2-4f5f-b2ad-690bed39bc3a,osm-car:nest2:25060,123.955,28.887473977986655,95.06752602201334,76.69519262798059,70087.3,49744.23019009302,gt_120,le_30,Ok,True,115.7817682,19.02914515,False,False,-1.94001024183,30.508297291830008,OSRM v26.9.0,2026-09-20T20:22:06Z,CSV mean across outbound route options / 28.7 m/s; not selected GeoJSON path,facility_point; routes supplied separately,saved_gt_60,1,,True,True,
nest2:25072,nest2,Kayonza,25072,Gasura Gikaya HP,-1.940883262,30.486384839,health_post_or_dispensary_label,True,unverified,3ffcdfcf-378c-497d-88a6-c47b12828961,osm-car:nest2:25072,6.819999999999999,2.9132180955839764,3.906781904416023,57.28419214686251,2800.3,5016.561560595607,le_15,le_15,Ok,True,115.7817682,35.5556241,False,False,-1.94001024183,30.508297291830008,OSRM v26.9.0,2026-09-20T20:22:06Z,CSV mean across outbound route options / 28.7 m/s; not selected GeoJSON path,facility_point; routes supplied separately,saved_le_15,1,,True,False,
nest2:25074,nest2,Kayonza,25074,Kiyanzi HP,-2.359489994,30.765628503,health_post_or_dispensary_label,True,unverified,09a82d0e-5624-4683-84b7-07248ce219d5,osm-car:nest2:25074,146.79333333333335,33.20618259565471,113.58715073767864,77.3789573125564,72737.7,57181.046429717404,gt_120,le_60,Ok,True,115.7817682,46.03618735,False,False,-1.94001024183,30.508297291830008,OSRM v26.9.0,2026-09-20T20:22:06Z,CSV mean across outbound route options / 28.7 m/s; not selected GeoJSON path,facility_point; routes supplied separately,saved_gt_60,1,,True,False,
nest2:25081,nest2,Kayonza,25081,Gaseke (Mutete) HP,-1.76906013,30.122574557,health_post_or_dispensary_label,True,unverified,3fd7c0c6-20bb-4ed4-abfe-aa8a757d7ceb,osm-car:nest2:25081,99.98666666666666,28.266468345953193,71.72019832071348,71.72976228901868,68667.9,48674.8584917314,le_120,le_30,Ok,True,115.7817682,13.11327871,False,False,-1.94001024183,30.508297291830008,OSRM v26.9.0,2026-09-20T20:22:06Z,CSV mean across outbound route options / 28.7 m/s; not selected GeoJSON path,facility_point; routes supplied separately,saved_gt_60,1,,True,True,
nest2:25085,nest2,Kayonza,25085,Rusumo HP,-1.675789318,30.090113743,health_post_or_dispensary_label,True,unverified,f22e5739-d649-46d2-9486-362bfb058904,osm-car:nest2:25085,110.52333333333333,33.05004141157473,77.4732919217586,70.09677466757421,82573.9,56912.17131073169,le_120,le_60,Ok,True,115.7817682,13.80056265,False,False,-1.94001024183,30.508297291830008,OSRM v26.9.0,2026-09-20T20:22:06Z,CSV mean across outbound route options / 28.7 m/s; not selected GeoJSON path,facility_point; routes supplied separately,saved_gt_60,1,,True,False,
nest2:25086,nest2,Kayonza,25086,Bwiza HP,-1.985909372,30.462484359,health_post_or_dispensary_label,True,unverified,03f000e4-ce5b-4e19-8c80-ea844a02c8cf,osm-car:nest2:25086,23.765,5.090084534185143,18.674915465814856,78.58159253446183,14712.4,8765.125567866817,le_30,le_15,Ok,True,115.7817682,33.42526851,False,False,-1.94001024183,30.508297291830008,OSRM v26.9.0,2026-09-20T20:22:06Z,CSV mean across outbound route options / 28.7 m/s; not selected GeoJSON path,facility_point; routes supplied separately,saved_le_30,1,,True,False,
nest2:25118,nest2,Kayonza,25118,Kinyonzo-Kazo SGHP,-2.240569315,30.479280668,health_post_or_dispensary_label,True,unverified,11438ec6-684d-44f7-8246-d4767cd2bb25,osm-car:nest2:25118,78.21333333333334,20.424293215302114,57.789040118031224,73.88643042707709,42881.9,35170.63291675024,le_120,le_30,Ok,True,115.7817682,74.01608854,False,False,-1.94001024183,30.508297291830008,OSRM v26.9.0,2026-09-20T20:22:06Z,CSV mean across outbound route options / 28.7 m/s; not selected GeoJSON path,facility_point; routes supplied separately,saved_le_60,1,,True,True,
nest2:25120,nest2,Kayonza,25120,NYAGATARE HP,-1.343773012,30.311875246,health_post_or_dispensary_label,True,unverified,00a0a30f-f118-41d4-85ed-06a83769d3b6,osm-car:nest2:25120,142.03833333333333,42.09293274551494,99.94540058781838,70.36508965031861,102562.0,72484.03018777672,gt_120,le_60,Ok,True,115.7817682,55.81822636,False,False,-1.94001024183,30.508297291830008,OSRM v26.9.0,2026-09-20T20:22:06Z,CSV mean across outbound route options / 28.7 m/s; not selected GeoJSON path,facility_point; routes supplied separately,saved_gt_60,1,,True,False,
nest2:25134,nest2,Kayonza,25134,Bicumbi HP,-1.993653758,30.363793524,health_post_or_dispensary_label,True,unverified,43d82778-72d6-4ad9-8e33-1fe8c380f095,osm-car:nest2:25134,42.26833333333333,11.021942905526343,31.246390427806986,73.92387625363429,22881.6,18979.78568331636,le_60,le_15,Ok,True,115.7817682,114.5137331,False,False,-1.94001024183,30.508297291830008,OSRM v26.9.0,2026-09-20T20:22:06Z,CSV mean across outbound route options / 28.7 m/s; not selected GeoJSON path,facility_point; routes supplied separately,saved_le_60,1,,True,False,
nest2:25166,nest2,Kayonza,25166,Nyabwishongwezi Hp,-1.097781173,30.417153006,health_post_or_dispensary_label,True,unverified,1c192844-b389-472d-b104-43d17e9cbe22,osm-car:nest2:25166,179.35333333333335,58.650451440147904,120.70288189318545,67.29893426003723,117058.0,100996.0773799347,gt_120,le_60,Ok,True,115.7817682,51.5881207,False,False,-1.94001024183,30.508297291830008,OSRM v26.9.0,2026-09-20T20:22:06Z,CSV mean across outbound route options / 28.7 m/s; not selected GeoJSON path,facility_point; routes supplied separately,saved_gt_60,1,,True,False,
nest2:25169,nest2,Kayonza,25169,Girubuzima Gahurura 2 HP,-1.413435206,30.264523003,health_post_or_dispensary_label,True,unverified,84252131-b195-4dfc-bcb8-c38f24b7a31c,osm-car:nest2:25169,136.30666666666667,38.63532799659648,97.67133867007018,71.65558446889625,95979.8,66530.03481013913,gt_120,le_60,Ok,True,115.7817682,33.95353992,False,False,-1.94001024183,30.508297291830008,OSRM v26.9.0,2026-09-20T20:22:06Z,CSV mean across outbound route options / 28.7 m/s; not selected GeoJSON path,facility_point; routes supplied separately,saved_gt_60,1,,True,False,
nest2:25190,nest2,Kayonza,25190,Gatore HP,-2.276327528,30.585494231,health_post_or_dispensary_label,True,unverified,674196e6-3f21-434e-8a6e-6a01d9a1f1d8,osm-car:nest2:25190,96.55,23.371956652160698,73.17804334783929,75.79289834058964,50680.9,40246.509355020724,le_120,le_30,Ok,True,115.7817682,21.49991467,False,False,-1.94001024183,30.508297291830008,OSRM v26.9.0,2026-09-20T20:22:06Z,CSV mean across outbound route options / 28.7 m/s; not selected GeoJSON path,facility_point; routes supplied separately,saved_gt_60,1,,True,True,
nest2:25195,nest2,Kayonza,25195,Rwabutazi HP,-2.31204084,30.563864674,health_post_or_dispensary_label,True,unverified,9d63a289-77b4-458d-befb-7b189f73222f,osm-car:nest2:25195,95.36166666666666,25.947060054018543,69.41460661264813,72.79089076251617,51126.1,44680.83741301993,le_120,le_30,Ok,True,115.7817682,32.76473668,False,False,-1.94001024183,30.508297291830008,OSRM v26.9.0,2026-09-20T20:22:06Z,CSV mean across outbound route options / 28.7 m/s; not selected GeoJSON path,facility_point; routes supplied separately,saved_gt_60,1,,True,True,
nest2:25293,nest2,Kayonza,25293,Bisaga I HP,-1.478318859,29.867644622,health_post_or_dispensary_label,True,unverified,ce3daa95-a954-42d2-92da-8cdd464cbcff,osm-car:nest2:25293,182.45333333333335,52.01161102564236,130.44172230769098,71.49319769860291,144885.2,89563.99418615615,gt_120,le_60,Ok,True,115.7817682,42.67010287,False,False,-1.94001024183,30.508297291830008,OSRM v26.9.0,2026-09-20T20:22:06Z,CSV mean across outbound route options / 28.7 m/s; not selected GeoJSON path,facility_point; routes supplied separately,saved_gt_60,1,,True,False,
nest2:25309,nest2,Kayonza,25309,Rwagihura HP,-1.607028015,30.019446314,health_post_or_dispensary_label,True,unverified,dfd253e8-38a9-405a-aa91-3ac47faa8647,osm-car:nest2:25309,133.11,39.64573759887756,93.46426240112245,70.21580827971034,97886.4,68269.96014526716,gt_120,le_60,Ok,True,115.7817682,27.18257714,False,False,-1.94001024183,30.508297291830008,OSRM v26.9.0,2026-09-20T20:22:06Z,CSV mean across outbound route options / 28.7 m/s; not selected GeoJSON path,facility_point; routes supplied separately,saved_gt_60,1,,True,False,
nest2:25348,nest2,Kayonza,25348,Gakoma HP,-1.6695896,30.571582993,health_post_or_dispensary_label,True,unverified,c7f0ab3a-e12f-4a60-b325-512f447276ae,osm-car:nest2:25348,61.723333333333336,21.270858159999282,40.45247517333405,65.53838392828328,38074.5,36628.41775151876,le_120,le_30,Ok,True,115.7817682,19.04265931,False,False,-1.94001024183,30.508297291830008,OSRM v26.9.0,2026-09-20T20:22:06Z,CSV mean across outbound route options / 28.7 m/s; not selected GeoJSON path,facility_point; routes supplied separately,saved_le_60,1,,True,True,
nest2:25349,nest2,Kayonza,25349,Rutaraka HP,-1.340106109,30.335301126,health_post_or_dispensary_label,True,unverified,0344dd2e-e26a-4fb9-95a1-5e5a449228f4,osm-car:nest2:25349,147.12666666666667,42.480088456297835,104.64657821036883,71.12685999164133,112096.3,73150.71232174487,gt_120,le_60,Ok,True,115.7817682,21.09162548,False,False,-1.94001024183,30.508297291830008,OSRM v26.9.0,2026-09-20T20:22:06Z,CSV mean across outbound route options / 28.7 m/s; not selected GeoJSON path,facility_point; routes supplied separately,saved_gt_60,1,,True,False,
nest2:25413,nest2,Kayonza,25413,Burumba HP,-1.298070532,30.356190822,health_post_or_dispensary_label,True,unverified,f13007f5-6e15-443f-93ab-eabd198f16e0,osm-car:nest2:25413,155.36833333333334,45.20644848553056,110.16188484780278,70.90369220313198,113593.0,77845.50429208361,gt_120,le_60,Ok,True,115.7817682,5.796441656,False,False,-1.94001024183,30.508297291830008,OSRM v26.9.0,2026-09-20T20:22:06Z,CSV mean across outbound route options / 28.7 m/s; not selected GeoJSON path,facility_point; routes supplied separately,saved_gt_60,1,,True,False,
nest2:25447,nest2,Kayonza,25447,NYARUVUMU HP,-2.144159695,30.591132891,health_post_or_dispensary_label,True,unverified,be1b016a-0b0c-418f-8ca7-4416375164a5,osm-car:nest2:25447,59.651666666666664,17.612031530824517,42.03963513584215,70.47520628511438,30645.5,30327.918296079813,le_60,le_30,Ok,True,115.7817682,33.64401218,False,False,-1.94001024183,30.508297291830008,OSRM v26.9.0,2026-09-20T20:22:06Z,CSV mean across outbound route options / 28.7 m/s; not selected GeoJSON path,facility_point; routes supplied separately,saved_le_60,1,,True,False,
nest2:25454,nest2,Kayonza,25454,Nyakabungo (Mpanga) Hp,-2.131793135,30.811022522,health_post_or_dispensary_label,True,unverified,21a8dbc0-dded-49c2-b54e-6f1f79b0d167,osm-car:nest2:25454,116.24666666666667,25.65347143035283,90.59319523631385,77.93186491625323,65242.6,44175.27780306757,le_120,le_30,Ok,True,115.7817682,32.71753517,False,False,-1.94001024183,30.508297291830008,OSRM v26.9.0,2026-09-20T20:22:06Z,CSV mean across outbound route options / 28.7 m/s; not selected GeoJSON path,facility_point; routes supplied separately,saved_gt_60,1,,True,True,
nest2:25491,nest2,Kayonza,25491,Rwesero (Kirehe) HP,-2.242163286,30.614353368,health_post_or_dispensary_label,True,unverified,b31392af-4755-4ad3-9e13-4dc4fb44279e,osm-car:nest2:25491,110.02833333333334,22.02434655585733,88.003986777476,79.9830226555063,57002.5,37925.92476918632,le_120,le_30,Ok,True,115.7817682,36.555769,False,False,-1.94001024183,30.508297291830008,OSRM v26.9.0,2026-09-20T20:22:06Z,CSV mean across outbound route options / 28.7 m/s; not selected GeoJSON path,facility_point; routes supplied separately,saved_gt_60,1,,True,True,
